"kode","kode_normalisasi","jumlah_digit","tingkat","kode_induk","nama_resmi","kode_golongan_pokok","nama_golongan_pokok","jalur_kode","kelompok_sisa","halaman_cetak_mulai"
"0","0","1","Golongan pokok","","TENTARA NASIONAL INDONESIA (TNI) DAN KEPOLISIAN NEGARA REPUBLIK INDONESIA (POLRI)","0","TENTARA NASIONAL INDONESIA (TNI) DAN KEPOLISIAN NEGARA REPUBLIK INDONESIA (POLRI)","0","tidak","71"
"01","01","2","Subgolongan pokok","0","PERWIRA TNI DAN POLRI","0","TENTARA NASIONAL INDONESIA (TNI) DAN KEPOLISIAN NEGARA REPUBLIK INDONESIA (POLRI)","0 > 01","tidak","72"
"011","011","3","Golongan","01","PERWIRA TNI DAN POLRI","0","TENTARA NASIONAL INDONESIA (TNI) DAN KEPOLISIAN NEGARA REPUBLIK INDONESIA (POLRI)","0 > 01 > 011","tidak","72"
"0111","0111","4","Subgolongan","011","PERWIRA MARKAS BESAR TNI","0","TENTARA NASIONAL INDONESIA (TNI) DAN KEPOLISIAN NEGARA REPUBLIK INDONESIA (POLRI)","0 > 01 > 011 > 0111","tidak","73"
"0111.01","011101","6","Jabatan","0111","PANGLIMA TNI","0","TENTARA NASIONAL INDONESIA (TNI) DAN KEPOLISIAN NEGARA REPUBLIK INDONESIA (POLRI)","0 > 01 > 011 > 0111 > 0111.01","tidak","73"
"0111.02","011102","6","Jabatan","0111","KEPALA STAF UMUM TNI (KASUM TNI)","0","TENTARA NASIONAL INDONESIA (TNI) DAN KEPOLISIAN NEGARA REPUBLIK INDONESIA (POLRI)","0 > 01 > 011 > 0111 > 0111.02","tidak","74"
"0111.03","011103","6","Jabatan","0111","INSPEKTUR JENDERAL TNI (IRJEN TNI)","0","TENTARA NASIONAL INDONESIA (TNI) DAN KEPOLISIAN NEGARA REPUBLIK INDONESIA (POLRI)","0 > 01 > 011 > 0111 > 0111.03","tidak","74"
"0111.04","011104","6","Jabatan","0111","STAF AHLI PANGLIMA TNI (SAHLI PANGLIMA TNI)","0","TENTARA NASIONAL INDONESIA (TNI) DAN KEPOLISIAN NEGARA REPUBLIK INDONESIA (POLRI)","0 > 01 > 011 > 0111 > 0111.04","tidak","74"
"0111.05","011105","6","Jabatan","0111","ASISTEN KEBIJAKAN STRATEGIS DAN PERENCANAAN UMUM PANGLIMA TNI (ASRENUM PANGLIMA TNI)","0","TENTARA NASIONAL INDONESIA (TNI) DAN KEPOLISIAN NEGARA REPUBLIK INDONESIA (POLRI)","0 > 01 > 011 > 0111 > 0111.05","tidak","74"
"0111.06","011106","6","Jabatan","0111","ASISTEN INTELIJEN PANGLIMA TNI (ASINTEL PANGLIMA TNI)","0","TENTARA NASIONAL INDONESIA (TNI) DAN KEPOLISIAN NEGARA REPUBLIK INDONESIA (POLRI)","0 > 01 > 011 > 0111 > 0111.06","tidak","75"
"0111.07","011107","6","Jabatan","0111","ASISTEN OPERASI PANGLIMA TNI (ASOPS PANGLIMA TNI)","0","TENTARA NASIONAL INDONESIA (TNI) DAN KEPOLISIAN NEGARA REPUBLIK INDONESIA (POLRI)","0 > 01 > 011 > 0111 > 0111.07","tidak","75"
"0111.08","011108","6","Jabatan","0111","ASISTEN PERSONALIA PANGLIMA TNI (ASPERS PANGLIMA TNI)","0","TENTARA NASIONAL INDONESIA (TNI) DAN KEPOLISIAN NEGARA REPUBLIK INDONESIA (POLRI)","0 > 01 > 011 > 0111 > 0111.08","tidak","75"
"0111.09","011109","6","Jabatan","0111","ASISTEN LOGISTIK PANGLIMA TNI (ASLOG PANGLIMA TNI)","0","TENTARA NASIONAL INDONESIA (TNI) DAN KEPOLISIAN NEGARA REPUBLIK INDONESIA (POLRI)","0 > 01 > 011 > 0111 > 0111.09","tidak","75"
"0111.10","011110","6","Jabatan","0111","ASISTEN TERITORIAL PANGLIMA TNI (ASTER PANGLIMA TNI)","0","TENTARA NASIONAL INDONESIA (TNI) DAN KEPOLISIAN NEGARA REPUBLIK INDONESIA (POLRI)","0 > 01 > 011 > 0111 > 0111.10","tidak","76"
"0111.11","011111","6","Jabatan","0111","ASISTEN KOMUNIKASI DAN ELEKTRONIKA PANGLIMA TNI (ASKOMLEK PANGLIMA TNI)","0","TENTARA NASIONAL INDONESIA (TNI) DAN KEPOLISIAN NEGARA REPUBLIK INDONESIA (POLRI)","0 > 01 > 011 > 0111 > 0111.11","tidak","76"
"0111.12","011112","6","Jabatan","0111","PERWIRA STAF KHUSUS POLISI MILITER (PASSUSPOM TNI)","0","TENTARA NASIONAL INDONESIA (TNI) DAN KEPOLISIAN NEGARA REPUBLIK INDONESIA (POLRI)","0 > 01 > 011 > 0111 > 0111.12","tidak","76"
"0111.13","011113","6","Jabatan","0111","KOMANDAN SATUAN KOMUNIKASI DAN ELEKTRONIKA TNI (DANSATKOMLEK TNI)","0","TENTARA NASIONAL INDONESIA (TNI) DAN KEPOLISIAN NEGARA REPUBLIK INDONESIA (POLRI)","0 > 01 > 011 > 0111 > 0111.13","tidak","76"
"0111.14","011114","6","Jabatan","0111","KEPALA PUSAT PENGENDALIAN OPERASI TNI (KAPUSDALOPS TNI)","0","TENTARA NASIONAL INDONESIA (TNI) DAN KEPOLISIAN NEGARA REPUBLIK INDONESIA (POLRI)","0 > 01 > 011 > 0111 > 0111.14","tidak","77"
"0111.15","011115","6","Jabatan","0111","KEPALA SEKRETARIAT UMUM TNI (KASETUM TNI)","0","TENTARA NASIONAL INDONESIA (TNI) DAN KEPOLISIAN NEGARA REPUBLIK INDONESIA (POLRI)","0 > 01 > 011 > 0111 > 0111.15","tidak","77"
"0111.16","011116","6","Jabatan","0111","KOMANDAN SEKOLAH STAF DAN KOMANDO TNI (DANSESKO TNI)","0","TENTARA NASIONAL INDONESIA (TNI) DAN KEPOLISIAN NEGARA REPUBLIK INDONESIA (POLRI)","0 > 01 > 011 > 0111 > 0111.16","tidak","77"
"0111.17","011117","6","Jabatan","0111","KOMANDAN KOMANDO PENDIDIKAN DAN LATIHAN TNI (DANKODIKLAT TNI)","0","TENTARA NASIONAL INDONESIA (TNI) DAN KEPOLISIAN NEGARA REPUBLIK INDONESIA (POLRI)","0 > 01 > 011 > 0111 > 0111.17","tidak","77"
"0111.18","011118","6","Jabatan","0111","KOMANDAN JENDERAL AKADEMI TNI (DANJEN AKADEMI TNI)","0","TENTARA NASIONAL INDONESIA (TNI) DAN KEPOLISIAN NEGARA REPUBLIK INDONESIA (POLRI)","0 > 01 > 011 > 0111 > 0111.18","tidak","78"
"0111.19","011119","6","Jabatan","0111","KEPALA BADAN INTELIJEN STRATEGIS TNI (KABAIS TNI)","0","TENTARA NASIONAL INDONESIA (TNI) DAN KEPOLISIAN NEGARA REPUBLIK INDONESIA (POLRI)","0 > 01 > 011 > 0111 > 0111.19","tidak","78"
"0111.20","011120","6","Jabatan","0111","KOMANDAN PASUKAN PENGAMANAN PRESIDEN (DANPASPAMPRES)","0","TENTARA NASIONAL INDONESIA (TNI) DAN KEPOLISIAN NEGARA REPUBLIK INDONESIA (POLRI)","0 > 01 > 011 > 0111 > 0111.20","tidak","78"
"0111.21","011121","6","Jabatan","0111","KEPALA BADAN PEMBINAAN HUKUM DAN HAK ASASI MANUSIA TNI (KABABINKUM HAM TNI)","0","TENTARA NASIONAL INDONESIA (TNI) DAN KEPOLISIAN NEGARA REPUBLIK INDONESIA (POLRI)","0 > 01 > 011 > 0111 > 0111.21","tidak","78"
"0111.22","011122","6","Jabatan","0111","KEPALA PUSAT PENERANGAN TNI (KAPUSPEN TNI)","0","TENTARA NASIONAL INDONESIA (TNI) DAN KEPOLISIAN NEGARA REPUBLIK INDONESIA (POLRI)","0 > 01 > 011 > 0111 > 0111.22","tidak","79"
"0111.23","011123","6","Jabatan","0111","KEPALA PUSAT KESEHATAN TNI (KAPUSKES TNI)","0","TENTARA NASIONAL INDONESIA (TNI) DAN KEPOLISIAN NEGARA REPUBLIK INDONESIA (POLRI)","0 > 01 > 011 > 0111 > 0111.23","tidak","79"
"0111.24","011124","6","Jabatan","0111","KEPALA BADAN LOGISTIK TNI (KABALOG TNI)","0","TENTARA NASIONAL INDONESIA (TNI) DAN KEPOLISIAN NEGARA REPUBLIK INDONESIA (POLRI)","0 > 01 > 011 > 0111 > 0111.24","tidak","79"
"0111.25","011125","6","Jabatan","0111","KEPALA PUSAT PEMBINAAN MENTAL TNI (KAPUSBINTAL TNI)","0","TENTARA NASIONAL INDONESIA (TNI) DAN KEPOLISIAN NEGARA REPUBLIK INDONESIA (POLRI)","0 > 01 > 011 > 0111 > 0111.25","tidak","79"
"0111.26","011126","6","Jabatan","0111","KEPALA PUSAT KEUANGAN TNI (KAPUSKU TNI)","0","TENTARA NASIONAL INDONESIA (TNI) DAN KEPOLISIAN NEGARA REPUBLIK INDONESIA (POLRI)","0 > 01 > 011 > 0111 > 0111.26","tidak","79"
"0111.27","011127","6","Jabatan","0111","KEPALA PUSAT SEJARAH TNI (KAPUSJARAH TNI)","0","TENTARA NASIONAL INDONESIA (TNI) DAN KEPOLISIAN NEGARA REPUBLIK INDONESIA (POLRI)","0 > 01 > 011 > 0111 > 0111.27","tidak","80"
"0111.28","011128","6","Jabatan","0111","KEPALA PUSAT INFORMASI DAN PENGOLAHAN DATA TNI (KAPUSINFOLAHTA TNI)","0","TENTARA NASIONAL INDONESIA (TNI) DAN KEPOLISIAN NEGARA REPUBLIK INDONESIA (POLRI)","0 > 01 > 011 > 0111 > 0111.28","tidak","80"
"0111.29","011129","6","Jabatan","0111","KEPALA PUSAT MISI PEMELIHARAAN PERDAMAIAN (KA PMPP TNI)","0","TENTARA NASIONAL INDONESIA (TNI) DAN KEPOLISIAN NEGARA REPUBLIK INDONESIA (POLRI)","0 > 01 > 011 > 0111 > 0111.29","tidak","80"
"0111.30","011130","6","Jabatan","0111","KEPALA PUSAT PENGKAJIAN STRATEGI TNI (KAPUSJIANSTRA TNI)","0","TENTARA NASIONAL INDONESIA (TNI) DAN KEPOLISIAN NEGARA REPUBLIK INDONESIA (POLRI)","0 > 01 > 011 > 0111 > 0111.30","tidak","80"
"0111.31","011131","6","Jabatan","0111","KEPALA PUSAT PENGEMBANGAN KEPEMIMPINAN TNI (KAPUSBANGPIM TNI)","0","TENTARA NASIONAL INDONESIA (TNI) DAN KEPOLISIAN NEGARA REPUBLIK INDONESIA (POLRI)","0 > 01 > 011 > 0111 > 0111.31","tidak","81"
"0111.32","011132","6","Jabatan","0111","KOMANDAN PASUKAN REAKSI CEPAT PENANGGULANGAN BENCANA (DAN PRCPB)","0","TENTARA NASIONAL INDONESIA (TNI) DAN KEPOLISIAN NEGARA REPUBLIK INDONESIA (POLRI)","0 > 01 > 011 > 0111 > 0111.32","tidak","81"
"0111.33","011133","6","Jabatan","0111","KOMANDAN PASUKAN PEMUKUL REAKSI CEPAT (DAN PPRC)","0","TENTARA NASIONAL INDONESIA (TNI) DAN KEPOLISIAN NEGARA REPUBLIK INDONESIA (POLRI)","0 > 01 > 011 > 0111 > 0111.33","tidak","81"
"0111.34","011134","6","Jabatan","0111","KOMANDAN KOMANDO GARNISUN TETAP (DANKOGARTAP)","0","TENTARA NASIONAL INDONESIA (TNI) DAN KEPOLISIAN NEGARA REPUBLIK INDONESIA (POLRI)","0 > 01 > 011 > 0111 > 0111.34","tidak","81"
"0111.35","011135","6","Jabatan","0111","PANGLIMA KOMANDO PERTAHANAN UDARA NASIONAL (PANGKOHANUDNAS)","0","TENTARA NASIONAL INDONESIA (TNI) DAN KEPOLISIAN NEGARA REPUBLIK INDONESIA (POLRI)","0 > 01 > 011 > 0111 > 0111.35","tidak","82"
"0111.36","011136","6","Jabatan","0111","PANGLIMA KOMANDO GABUNGAN WILAYAH PERTAHANAN (PANGKOGAPWILHAN)","0","TENTARA NASIONAL INDONESIA (TNI) DAN KEPOLISIAN NEGARA REPUBLIK INDONESIA (POLRI)","0 > 01 > 011 > 0111 > 0111.36","tidak","82"
"0111.37","011137","6","Jabatan","0111","PANGLIMA KOMANDO CADANGAN STRATEGIS TNI ANGKATAN DARAT (PANGKOSTRAD)","0","TENTARA NASIONAL INDONESIA (TNI) DAN KEPOLISIAN NEGARA REPUBLIK INDONESIA (POLRI)","0 > 01 > 011 > 0111 > 0111.37","tidak","82"
"0111.38","011138","6","Jabatan","0111","KOMANDAN JENDERAL KOMANDO PASUKAN KHUSUS (DANJEN KOPASSUS)","0","TENTARA NASIONAL INDONESIA (TNI) DAN KEPOLISIAN NEGARA REPUBLIK INDONESIA (POLRI)","0 > 01 > 011 > 0111 > 0111.38","tidak","82"
"0111.39","011139","6","Jabatan","0111","PANGLIMA KOMANDO DAERAH MILITER (PANGDAM)","0","TENTARA NASIONAL INDONESIA (TNI) DAN KEPOLISIAN NEGARA REPUBLIK INDONESIA (POLRI)","0 > 01 > 011 > 0111 > 0111.39","tidak","83"
"0111.40","011140","6","Jabatan","0111","PANGLIMA KOMANDO ARMADA (PANGKOARMADA)","0","TENTARA NASIONAL INDONESIA (TNI) DAN KEPOLISIAN NEGARA REPUBLIK INDONESIA (POLRI)","0 > 01 > 011 > 0111 > 0111.40","tidak","83"
"0111.41","011141","6","Jabatan","0111","PANGLIMA KOMANDO LINTAS LAUT MILITER (PANGKOLINLAMIL)","0","TENTARA NASIONAL INDONESIA (TNI) DAN KEPOLISIAN NEGARA REPUBLIK INDONESIA (POLRI)","0 > 01 > 011 > 0111 > 0111.41","tidak","83"
"0111.42","011142","6","Jabatan","0111","PANGLIMA KOMANDO OPERASI TNI ANGKATAN UDARA (PANGKOOPSAU)","0","TENTARA NASIONAL INDONESIA (TNI) DAN KEPOLISIAN NEGARA REPUBLIK INDONESIA (POLRI)","0 > 01 > 011 > 0111 > 0111.42","tidak","83"
"0111.99","011199","6","Jabatan","0111","PERWIRA MARKAS BESAR TNI LAINNYA","0","TENTARA NASIONAL INDONESIA (TNI) DAN KEPOLISIAN NEGARA REPUBLIK INDONESIA (POLRI)","0 > 01 > 011 > 0111 > 0111.99","ya","84"
"0112","0112","4","Subgolongan","011","PERWIRA TNI ANGKATAN DARAT","0","TENTARA NASIONAL INDONESIA (TNI) DAN KEPOLISIAN NEGARA REPUBLIK INDONESIA (POLRI)","0 > 01 > 011 > 0112","tidak","84"
"0112.01","011201","6","Jabatan","0112","KEPALA STAF TNI ANGKATAN DARAT (KASAD)","0","TENTARA NASIONAL INDONESIA (TNI) DAN KEPOLISIAN NEGARA REPUBLIK INDONESIA (POLRI)","0 > 01 > 011 > 0112 > 0112.01","tidak","84"
"0112.02","011202","6","Jabatan","0112","WAKIL KEPALA STAF TNI ANGKATAN DARAT (WAKASAD)","0","TENTARA NASIONAL INDONESIA (TNI) DAN KEPOLISIAN NEGARA REPUBLIK INDONESIA (POLRI)","0 > 01 > 011 > 0112 > 0112.02","tidak","84"
"0112.03","011203","6","Jabatan","0112","INSPEKTUR JENDERAL TNI ANGKATAN DARAT (IRJENAD)","0","TENTARA NASIONAL INDONESIA (TNI) DAN KEPOLISIAN NEGARA REPUBLIK INDONESIA (POLRI)","0 > 01 > 011 > 0112 > 0112.03","tidak","85"
"0112.04","011204","6","Jabatan","0112","STAF AHLI KASAD (SAHLI KASAD)","0","TENTARA NASIONAL INDONESIA (TNI) DAN KEPOLISIAN NEGARA REPUBLIK INDONESIA (POLRI)","0 > 01 > 011 > 0112 > 0112.04","tidak","85"
"0112.05","011205","6","Jabatan","0112","ASISTEN PERENCANAAN DAN ANGGARAN KASAD (ASRENA KASAD)","0","TENTARA NASIONAL INDONESIA (TNI) DAN KEPOLISIAN NEGARA REPUBLIK INDONESIA (POLRI)","0 > 01 > 011 > 0112 > 0112.05","tidak","85"
"0112.06","011206","6","Jabatan","0112","ASISTEN INTELIJEN KASAD (ASINTEL KASAD)","0","TENTARA NASIONAL INDONESIA (TNI) DAN KEPOLISIAN NEGARA REPUBLIK INDONESIA (POLRI)","0 > 01 > 011 > 0112 > 0112.06","tidak","85"
"0112.07","011207","6","Jabatan","0112","ASISTEN OPERASI KASAD (ASOPS KASAD)","0","TENTARA NASIONAL INDONESIA (TNI) DAN KEPOLISIAN NEGARA REPUBLIK INDONESIA (POLRI)","0 > 01 > 011 > 0112 > 0112.07","tidak","86"
"0112.08","011208","6","Jabatan","0112","ASISTEN PERSONEL KASAD (ASPERS KASAD)","0","TENTARA NASIONAL INDONESIA (TNI) DAN KEPOLISIAN NEGARA REPUBLIK INDONESIA (POLRI)","0 > 01 > 011 > 0112 > 0112.08","tidak","86"
"0112.09","011209","6","Jabatan","0112","ASISTEN LOGISTIK KASAD (ASLOG KASAD)","0","TENTARA NASIONAL INDONESIA (TNI) DAN KEPOLISIAN NEGARA REPUBLIK INDONESIA (POLRI)","0 > 01 > 011 > 0112 > 0112.09","tidak","86"
"0112.10","011210","6","Jabatan","0112","ASISTEN TERITORIAL KASAD (ASTER KASAD)","0","TENTARA NASIONAL INDONESIA (TNI) DAN KEPOLISIAN NEGARA REPUBLIK INDONESIA (POLRI)","0 > 01 > 011 > 0112 > 0112.10","tidak","86"
"0112.11","011211","6","Jabatan","0112","KOMANDAN PUSAT KESENJATAAN INFANTERI (DANPUSSENIF)","0","TENTARA NASIONAL INDONESIA (TNI) DAN KEPOLISIAN NEGARA REPUBLIK INDONESIA (POLRI)","0 > 01 > 011 > 0112 > 0112.11","tidak","87"
"0112.12","011212","6","Jabatan","0112","KOMANDAN PUSAT KESENJATAAN KAVALERI (DANPUSSENKAV)","0","TENTARA NASIONAL INDONESIA (TNI) DAN KEPOLISIAN NEGARA REPUBLIK INDONESIA (POLRI)","0 > 01 > 011 > 0112 > 0112.12","tidak","87"
"0112.13","011213","6","Jabatan","0112","KOMANDAN PUSAT KESENJATAAN ARTILERI MEDAN (DANPUSSENARMED)","0","TENTARA NASIONAL INDONESIA (TNI) DAN KEPOLISIAN NEGARA REPUBLIK INDONESIA (POLRI)","0 > 01 > 011 > 0112 > 0112.13","tidak","87"
"0112.14","011214","6","Jabatan","0112","KOMANDAN PUSAT KESENJATAAN ARTILERI PERTAHANAN UDARA (DANPUSSENARHANUD)","0","TENTARA NASIONAL INDONESIA (TNI) DAN KEPOLISIAN NEGARA REPUBLIK INDONESIA (POLRI)","0 > 01 > 011 > 0112 > 0112.14","tidak","87"
"0112.15","011215","6","Jabatan","0112","KOMANDAN PUSAT PENERBANG TNI ANGKATAN DARAT (DANPUSPENERBAD)","0","TENTARA NASIONAL INDONESIA (TNI) DAN KEPOLISIAN NEGARA REPUBLIK INDONESIA (POLRI)","0 > 01 > 011 > 0112 > 0112.15","tidak","87"
"0112.16","011216","6","Jabatan","0112","KOMANDAN PUSAT POLISI MILITER TNI ANGKATAN DARAT (DANPUSPOMAD)","0","TENTARA NASIONAL INDONESIA (TNI) DAN KEPOLISIAN NEGARA REPUBLIK INDONESIA (POLRI)","0 > 01 > 011 > 0112 > 0112.16","tidak","88"
"0112.17","011217","6","Jabatan","0112","KOMANDAN PUSAT TERITORIAL TNI ANGKATAN DARAT (DANPUSTERAD)","0","TENTARA NASIONAL INDONESIA (TNI) DAN KEPOLISIAN NEGARA REPUBLIK INDONESIA (POLRI)","0 > 01 > 011 > 0112 > 0112.17","tidak","88"
"0112.18","011218","6","Jabatan","0112","KOMANDAN PUSAT INTELIJEN TNI ANGKATAN DARAT (DANPUSINTELAD)","0","TENTARA NASIONAL INDONESIA (TNI) DAN KEPOLISIAN NEGARA REPUBLIK INDONESIA (POLRI)","0 > 01 > 011 > 0112 > 0112.18","tidak","88"
"0112.19","011219","6","Jabatan","0112","KEPALA PUSAT ZENI TNI ANGKATAN DARAT (KAPUSZIAD)","0","TENTARA NASIONAL INDONESIA (TNI) DAN KEPOLISIAN NEGARA REPUBLIK INDONESIA (POLRI)","0 > 01 > 011 > 0112 > 0112.19","tidak","88"
"0112.20","011220","6","Jabatan","0112","KEPALA PUSAT KOMUNIKASI DAN ELEKTRONIKA TNI ANGKATAN DARAT (KAPUSKOMLEKAD)","0","TENTARA NASIONAL INDONESIA (TNI) DAN KEPOLISIAN NEGARA REPUBLIK INDONESIA (POLRI)","0 > 01 > 011 > 0112 > 0112.20","tidak","88"
"0112.21","011221","6","Jabatan","0112","KEPALA PUSAT PERALATAN TNI ANGKATAN DARAT (KAPUSPALAD)","0","TENTARA NASIONAL INDONESIA (TNI) DAN KEPOLISIAN NEGARA REPUBLIK INDONESIA (POLRI)","0 > 01 > 011 > 0112 > 0112.21","tidak","89"
"0112.22","011222","6","Jabatan","0112","KEPALA PUSAT PEMBEKALAN ANGKUTAN TNI ANGKATAN DARAT (KAPUSBEKANGAD)","0","TENTARA NASIONAL INDONESIA (TNI) DAN KEPOLISIAN NEGARA REPUBLIK INDONESIA (POLRI)","0 > 01 > 011 > 0112 > 0112.22","tidak","89"
"0112.23","011223","6","Jabatan","0112","KEPALA PUSAT KESEHATAN TNI ANGKATAN DARAT (KAPUSKESAD)","0","TENTARA NASIONAL INDONESIA (TNI) DAN KEPOLISIAN NEGARA REPUBLIK INDONESIA (POLRI)","0 > 01 > 011 > 0112 > 0112.23","tidak","89"
"0112.24","011224","6","Jabatan","0112","DIREKTUR AJUDAN JENDERAL TNI ANGKATAN DARAT (DIRAJENAD)","0","TENTARA NASIONAL INDONESIA (TNI) DAN KEPOLISIAN NEGARA REPUBLIK INDONESIA (POLRI)","0 > 01 > 011 > 0112 > 0112.24","tidak","89"
"0112.25","011225","6","Jabatan","0112","DIREKTUR TOPOGRAFI TNI ANGKATAN DARAT (DIRTOPAD)","0","TENTARA NASIONAL INDONESIA (TNI) DAN KEPOLISIAN NEGARA REPUBLIK INDONESIA (POLRI)","0 > 01 > 011 > 0112 > 0112.25","tidak","90"
"0112.26","011226","6","Jabatan","0112","DIREKTUR HUKUM TNI ANGKATAN DARAT (DIRKUMAD)","0","TENTARA NASIONAL INDONESIA (TNI) DAN KEPOLISIAN NEGARA REPUBLIK INDONESIA (POLRI)","0 > 01 > 011 > 0112 > 0112.26","tidak","90"
"0112.27","011227","6","Jabatan","0112","DIREKTUR KEUANGAN TNI ANGKATAN DARAT (DIRKUAD)","0","TENTARA NASIONAL INDONESIA (TNI) DAN KEPOLISIAN NEGARA REPUBLIK INDONESIA (POLRI)","0 > 01 > 011 > 0112 > 0112.27","tidak","90"
"0112.28","011228","6","Jabatan","0112","KEPALA DINAS JASMANI TNI ANGKATAN DARAT (KADISJASAD)","0","TENTARA NASIONAL INDONESIA (TNI) DAN KEPOLISIAN NEGARA REPUBLIK INDONESIA (POLRI)","0 > 01 > 011 > 0112 > 0112.28","tidak","90"
"0112.29","011229","6","Jabatan","0112","KEPALA DINAS PEMBINAAN MENTAL TNI ANGKATAN DARAT (KADISBINTALAD)","0","TENTARA NASIONAL INDONESIA (TNI) DAN KEPOLISIAN NEGARA REPUBLIK INDONESIA (POLRI)","0 > 01 > 011 > 0112 > 0112.29","tidak","90"
"0112.30","011230","6","Jabatan","0112","KEPALA DINAS PSIKOLOGI TNI ANGKATAN DARAT (KADISPSIAD)","0","TENTARA NASIONAL INDONESIA (TNI) DAN KEPOLISIAN NEGARA REPUBLIK INDONESIA (POLRI)","0 > 01 > 011 > 0112 > 0112.30","tidak","91"
"0112.31","011231","6","Jabatan","0112","KEPALA DINAS PENELITIAN DAN PENGEMBANGAN TNI ANGKATAN DARAT (KADISLITBANGAD)","0","TENTARA NASIONAL INDONESIA (TNI) DAN KEPOLISIAN NEGARA REPUBLIK INDONESIA (POLRI)","0 > 01 > 011 > 0112 > 0112.31","tidak","91"
"0112.32","011232","6","Jabatan","0112","KEPALA DINAS SEJARAH TNI ANGKATAN DARAT (KADISJARAHAD)","0","TENTARA NASIONAL INDONESIA (TNI) DAN KEPOLISIAN NEGARA REPUBLIK INDONESIA (POLRI)","0 > 01 > 011 > 0112 > 0112.32","tidak","91"
"0112.33","011233","6","Jabatan","0112","KEPALA DINAS INFORMASI DAN PENGOLAHAN DATA TNI ANGKATAN DARAT (KADISINFOLAHTAAD)","0","TENTARA NASIONAL INDONESIA (TNI) DAN KEPOLISIAN NEGARA REPUBLIK INDONESIA (POLRI)","0 > 01 > 011 > 0112 > 0112.33","tidak","91"
"0112.34","011234","6","Jabatan","0112","KEPALA DINAS PENERANGAN TNI ANGKATAN DARAT (KADISPENAD)","0","TENTARA NASIONAL INDONESIA (TNI) DAN KEPOLISIAN NEGARA REPUBLIK INDONESIA (POLRI)","0 > 01 > 011 > 0112 > 0112.34","tidak","91"
"0112.35","011235","6","Jabatan","0112","GUBERNUR AKADEMI MILITER TNI ANGKATAN DARAT (GUBERNUR AKMIL)","0","TENTARA NASIONAL INDONESIA (TNI) DAN KEPOLISIAN NEGARA REPUBLIK INDONESIA (POLRI)","0 > 01 > 011 > 0112 > 0112.35","tidak","92"
"0112.36","011236","6","Jabatan","0112","KOMANDAN SEKOLAH STAF DAN KOMANDO TNI ANGKATAN DARAT (DANSESKOAD)","0","TENTARA NASIONAL INDONESIA (TNI) DAN KEPOLISIAN NEGARA REPUBLIK INDONESIA (POLRI)","0 > 01 > 011 > 0112 > 0112.36","tidak","92"
"0112.37","011237","6","Jabatan","0112","KOMANDAN SEKOLAH CALON PERWIRA TNI ANGKATAN DARAT (DANSECAPAAD)","0","TENTARA NASIONAL INDONESIA (TNI) DAN KEPOLISIAN NEGARA REPUBLIK INDONESIA (POLRI)","0 > 01 > 011 > 0112 > 0112.37","tidak","92"
"0112.38","011238","6","Jabatan","0112","KOMANDAN KOMANDO PEMBINAAN DOKTRIN PENDIDIKAN DAN LATIHAN TNI ANGKATAN DARAT (DANKODIKLATAD)","0","TENTARA NASIONAL INDONESIA (TNI) DAN KEPOLISIAN NEGARA REPUBLIK INDONESIA (POLRI)","0 > 01 > 011 > 0112 > 0112.38","tidak","92"
"0112.99","011299","6","Jabatan","0112","PERWIRA TNI ANGKATAN DARAT LAINNYA","0","TENTARA NASIONAL INDONESIA (TNI) DAN KEPOLISIAN NEGARA REPUBLIK INDONESIA (POLRI)","0 > 01 > 011 > 0112 > 0112.99","ya","93"
"0113","0113","4","Subgolongan","011","PERWIRA TNI ANGKATAN LAUT","0","TENTARA NASIONAL INDONESIA (TNI) DAN KEPOLISIAN NEGARA REPUBLIK INDONESIA (POLRI)","0 > 01 > 011 > 0113","tidak","93"
"0113.01","011301","6","Jabatan","0113","KEPALA STAF TNI ANGKATAN LAUT (KASAL)","0","TENTARA NASIONAL INDONESIA (TNI) DAN KEPOLISIAN NEGARA REPUBLIK INDONESIA (POLRI)","0 > 01 > 011 > 0113 > 0113.01","tidak","93"
"0113.02","011302","6","Jabatan","0113","WAKIL KEPALA STAF TNI ANGKATAN LAUT (WAKASAL)","0","TENTARA NASIONAL INDONESIA (TNI) DAN KEPOLISIAN NEGARA REPUBLIK INDONESIA (POLRI)","0 > 01 > 011 > 0113 > 0113.02","tidak","93"
"0113.03","011303","6","Jabatan","0113","INSPEKTUR JENDERAL TNI ANGKATAN LAUT (IRJENAL)","0","TENTARA NASIONAL INDONESIA (TNI) DAN KEPOLISIAN NEGARA REPUBLIK INDONESIA (POLRI)","0 > 01 > 011 > 0113 > 0113.03","tidak","94"
"0113.04","011304","6","Jabatan","0113","STAF AHLI KASAL (SAHLI KASAL)","0","TENTARA NASIONAL INDONESIA (TNI) DAN KEPOLISIAN NEGARA REPUBLIK INDONESIA (POLRI)","0 > 01 > 011 > 0113 > 0113.04","tidak","94"
"0113.05","011305","6","Jabatan","0113","ASISTEN PERENCANAAN DAN ANGGARAN KASAL (ASRENA KASAL)","0","TENTARA NASIONAL INDONESIA (TNI) DAN KEPOLISIAN NEGARA REPUBLIK INDONESIA (POLRI)","0 > 01 > 011 > 0113 > 0113.05","tidak","94"
"0113.06","011306","6","Jabatan","0113","ASISTEN INTELIJEN KEPALA STAF ANGKATAN LAUT (ASINTEL KASAL)","0","TENTARA NASIONAL INDONESIA (TNI) DAN KEPOLISIAN NEGARA REPUBLIK INDONESIA (POLRI)","0 > 01 > 011 > 0113 > 0113.06","tidak","94"
"0113.07","011307","6","Jabatan","0113","ASISTEN OPERASI KASAL (ASOPS KASAL)","0","TENTARA NASIONAL INDONESIA (TNI) DAN KEPOLISIAN NEGARA REPUBLIK INDONESIA (POLRI)","0 > 01 > 011 > 0113 > 0113.07","tidak","95"
"0113.08","011308","6","Jabatan","0113","ASISTEN PERSONEL KASAL (ASPERS KASAL)","0","TENTARA NASIONAL INDONESIA (TNI) DAN KEPOLISIAN NEGARA REPUBLIK INDONESIA (POLRI)","0 > 01 > 011 > 0113 > 0113.08","tidak","95"
"0113.09","011309","6","Jabatan","0113","ASISTEN LOGISTIK KASAL (ASLOG KASAL)","0","TENTARA NASIONAL INDONESIA (TNI) DAN KEPOLISIAN NEGARA REPUBLIK INDONESIA (POLRI)","0 > 01 > 011 > 0113 > 0113.09","tidak","95"
"0113.10","011310","6","Jabatan","0113","KOMANDAN PUSAT INTELIJEN TNI ANGKATAN LAUT (DANPUSINTELAL)","0","TENTARA NASIONAL INDONESIA (TNI) DAN KEPOLISIAN NEGARA REPUBLIK INDONESIA (POLRI)","0 > 01 > 011 > 0113 > 0113.10","tidak","95"
"0113.11","011311","6","Jabatan","0113","KEPALA DINAS PENERANGAN TNI ANGKATAN LAUT (KADISPENAL)","0","TENTARA NASIONAL INDONESIA (TNI) DAN KEPOLISIAN NEGARA REPUBLIK INDONESIA (POLRI)","0 > 01 > 011 > 0113 > 0113.11","tidak","95"
"0113.12","011312","6","Jabatan","0113","KOMANDAN PUSAT HIDRO-OSEANOGRAFI TNI ANGKATAN LAUT (DANPUSHIDROSAL)","0","TENTARA NASIONAL INDONESIA (TNI) DAN KEPOLISIAN NEGARA REPUBLIK INDONESIA (POLRI)","0 > 01 > 011 > 0113 > 0113.12","tidak","96"
"0113.13","011313","6","Jabatan","0113","KEPALA DINAS KOMUNIKASI DAN ELEKTRONIKA TNI ANGKATAN LAUT (KADISKOMLEKAL)","0","TENTARA NASIONAL INDONESIA (TNI) DAN KEPOLISIAN NEGARA REPUBLIK INDONESIA (POLRI)","0 > 01 > 011 > 0113 > 0113.13","tidak","96"
"0113.14","011314","6","Jabatan","0113","KEPALA DINAS HUKUM TNI ANGKATAN LAUT (KADISKUMAL)","0","TENTARA NASIONAL INDONESIA (TNI) DAN KEPOLISIAN NEGARA REPUBLIK INDONESIA (POLRI)","0 > 01 > 011 > 0113 > 0113.14","tidak","96"
"0113.15","011315","6","Jabatan","0113","KOMANDAN PUSAT TERITORIAL ANGKATAN LAUT (DANPUSTERAL)","0","TENTARA NASIONAL INDONESIA (TNI) DAN KEPOLISIAN NEGARA REPUBLIK INDONESIA (POLRI)","0 > 01 > 011 > 0113 > 0113.15","tidak","96"
"0113.16","011316","6","Jabatan","0113","KEPALA DINAS ADMINISTRASI PERSONEL TNI ANGKATAN LAUT (KADISMINPERSAL)","0","TENTARA NASIONAL INDONESIA (TNI) DAN KEPOLISIAN NEGARA REPUBLIK INDONESIA (POLRI)","0 > 01 > 011 > 0113 > 0113.16","tidak","97"
"0113.17","011317","6","Jabatan","0113","KEPALA DINAS PENDIDIKAN TNI ANGKATAN LAUT (KADISDIKAL)","0","TENTARA NASIONAL INDONESIA (TNI) DAN KEPOLISIAN NEGARA REPUBLIK INDONESIA (POLRI)","0 > 01 > 011 > 0113 > 0113.17","tidak","97"
"0113.18","011318","6","Jabatan","0113","KEPALA DINAS PERAWATAN PERSONEL TNI ANGKATAN LAUT (KADISWATPERSAL)","0","TENTARA NASIONAL INDONESIA (TNI) DAN KEPOLISIAN NEGARA REPUBLIK INDONESIA (POLRI)","0 > 01 > 011 > 0113 > 0113.18","tidak","97"
"0113.19","011319","6","Jabatan","0113","KEPALA PUSAT KESEHATAN TNI ANGKATAN LAUT (KAPUSKESAL)","0","TENTARA NASIONAL INDONESIA (TNI) DAN KEPOLISIAN NEGARA REPUBLIK INDONESIA (POLRI)","0 > 01 > 011 > 0113 > 0113.19","tidak","97"
"0113.20","011320","6","Jabatan","0113","KEPALA DINAS MATERIEL TNI ANGKATAN LAUT (KADISMATAL)","0","TENTARA NASIONAL INDONESIA (TNI) DAN KEPOLISIAN NEGARA REPUBLIK INDONESIA (POLRI)","0 > 01 > 011 > 0113 > 0113.20","tidak","97"
"0113.21","011321","6","Jabatan","0113","KEPALA DINAS MATERIEL SENJATA DAN ELEKTRONIKA ANGKATAN LAUT (KADISSENLEKAL)","0","TENTARA NASIONAL INDONESIA (TNI) DAN KEPOLISIAN NEGARA REPUBLIK INDONESIA (POLRI)","0 > 01 > 011 > 0113 > 0113.21","tidak","98"
"0113.22","011322","6","Jabatan","0113","KEPALA PUSAT KELAIKAN MATERIEL DAN KESELAMATAN KERJA TNI ANGKATAN LAUT (KAPUSLAIKMANJAL)","0","TENTARA NASIONAL INDONESIA (TNI) DAN KEPOLISIAN NEGARA REPUBLIK INDONESIA (POLRI)","0 > 01 > 011 > 0113 > 0113.22","tidak","98"
"0113.23","011323","6","Jabatan","0113","KEPALA DINAS FASILITAS PANGKALAN TNI ANGKATAN LAUT (KADISFASLANAL)","0","TENTARA NASIONAL INDONESIA (TNI) DAN KEPOLISIAN NEGARA REPUBLIK INDONESIA (POLRI)","0 > 01 > 011 > 0113 > 0113.23","tidak","98"
"0113.24","011324","6","Jabatan","0113","KEPALA DINAS PENGADAAN TNI ANGKATAN LAUT (KADISADAL)","0","TENTARA NASIONAL INDONESIA (TNI) DAN KEPOLISIAN NEGARA REPUBLIK INDONESIA (POLRI)","0 > 01 > 011 > 0113 > 0113.24","tidak","98"
"0113.25","011325","6","Jabatan","0113","KEPALA DINAS PEMBEKALAN TNI ANGKATAN LAUT (KADISBEKAL)","0","TENTARA NASIONAL INDONESIA (TNI) DAN KEPOLISIAN NEGARA REPUBLIK INDONESIA (POLRI)","0 > 01 > 011 > 0113 > 0113.25","tidak","99"
"0113.26","011326","6","Jabatan","0113","KEPALA DINAS KEUANGAN TNI ANGKATAN LAUT (KADISKUAL)","0","TENTARA NASIONAL INDONESIA (TNI) DAN KEPOLISIAN NEGARA REPUBLIK INDONESIA (POLRI)","0 > 01 > 011 > 0113 > 0113.26","tidak","99"
"0113.27","011327","6","Jabatan","0113","KEPALA DINAS PENELITIAN DAN PENGEMBANGAN TNI ANGKATAN LAUT (KADISLITBANGAL)","0","TENTARA NASIONAL INDONESIA (TNI) DAN KEPOLISIAN NEGARA REPUBLIK INDONESIA (POLRI)","0 > 01 > 011 > 0113 > 0113.27","tidak","99"
"0113.28","011328","6","Jabatan","0113","KEPALA DINAS INFORMASI DAN PENGOLAHAN DATA TNI ANGKATAN LAUT (KADISINFOLAHTAAL)","0","TENTARA NASIONAL INDONESIA (TNI) DAN KEPOLISIAN NEGARA REPUBLIK INDONESIA (POLRI)","0 > 01 > 011 > 0113 > 0113.28","tidak","99"
"0113.29","011329","6","Jabatan","0113","KEPALA DINAS PSIKOLOGI TNI ANGKATAN LAUT (KADISPSIAL)","0","TENTARA NASIONAL INDONESIA (TNI) DAN KEPOLISIAN NEGARA REPUBLIK INDONESIA (POLRI)","0 > 01 > 011 > 0113 > 0113.29","tidak","100"
"0113.30","011330","6","Jabatan","0113","KOMANDAN PUSAT PENERBANGAN TNI ANGKATAN LAUT (DANPUSPENERBAL)","0","TENTARA NASIONAL INDONESIA (TNI) DAN KEPOLISIAN NEGARA REPUBLIK INDONESIA (POLRI)","0 > 01 > 011 > 0113 > 0113.30","tidak","100"
"0113.31","011331","6","Jabatan","0113","KOMANDAN PUSAT POLISI MILITER TNI ANGKATAN LAUT (DANPUSPOMAL)","0","TENTARA NASIONAL INDONESIA (TNI) DAN KEPOLISIAN NEGARA REPUBLIK INDONESIA (POLRI)","0 > 01 > 011 > 0113 > 0113.31","tidak","100"
"0113.32","011332","6","Jabatan","0113","GUBERNUR AKADEMI TNI ANGKATAN LAUT (GUBERNUR AAL)","0","TENTARA NASIONAL INDONESIA (TNI) DAN KEPOLISIAN NEGARA REPUBLIK INDONESIA (POLRI)","0 > 01 > 011 > 0113 > 0113.32","tidak","100"
"0113.33","011333","6","Jabatan","0113","KOMANDAN SEKOLAH STAF DAN KOMANDO TNI ANGKATAN LAUT (DANSESKOAL)","0","TENTARA NASIONAL INDONESIA (TNI) DAN KEPOLISIAN NEGARA REPUBLIK INDONESIA (POLRI)","0 > 01 > 011 > 0113 > 0113.33","tidak","100"
"0113.34","011334","6","Jabatan","0113","KOMANDAN KORPS MARINIR (DANKORMAR)","0","TENTARA NASIONAL INDONESIA (TNI) DAN KEPOLISIAN NEGARA REPUBLIK INDONESIA (POLRI)","0 > 01 > 011 > 0113 > 0113.34","tidak","101"
"0113.35","011335","6","Jabatan","0113","KOMANDAN KOMANDO PEMBINAAN DOKTRIN, PENDIDIKAN, DAN LATIHAN TNI ANGKATAN LAUT (DANKODIKLATAL)","0","TENTARA NASIONAL INDONESIA (TNI) DAN KEPOLISIAN NEGARA REPUBLIK INDONESIA (POLRI)","0 > 01 > 011 > 0113 > 0113.35","tidak","101"
"0113.99","011399","6","Jabatan","0113","PERWIRA TNI ANGKATAN LAUT LAINNYA","0","TENTARA NASIONAL INDONESIA (TNI) DAN KEPOLISIAN NEGARA REPUBLIK INDONESIA (POLRI)","0 > 01 > 011 > 0113 > 0113.99","ya","101"
"0114","0114","4","Subgolongan","011","PERWIRA TNI ANGKATAN UDARA","0","TENTARA NASIONAL INDONESIA (TNI) DAN KEPOLISIAN NEGARA REPUBLIK INDONESIA (POLRI)","0 > 01 > 011 > 0114","tidak","101"
"0114.01","011401","6","Jabatan","0114","KEPALA STAF TNI ANGKATAN UDARA (KASAU)","0","TENTARA NASIONAL INDONESIA (TNI) DAN KEPOLISIAN NEGARA REPUBLIK INDONESIA (POLRI)","0 > 01 > 011 > 0114 > 0114.01","tidak","102"
"0114.02","011402","6","Jabatan","0114","WAKIL KEPALA STAF TNI ANGKATAN UDARA (WAKASAU)","0","TENTARA NASIONAL INDONESIA (TNI) DAN KEPOLISIAN NEGARA REPUBLIK INDONESIA (POLRI)","0 > 01 > 011 > 0114 > 0114.02","tidak","102"
"0114.03","011403","6","Jabatan","0114","INSPEKTUR JENDERAL TNI ANGKATAN UDARA (IRJENAU)","0","TENTARA NASIONAL INDONESIA (TNI) DAN KEPOLISIAN NEGARA REPUBLIK INDONESIA (POLRI)","0 > 01 > 011 > 0114 > 0114.03","tidak","102"
"0114.04","011404","6","Jabatan","0114","STAF AHLI KASAU (SAHLI KASAU)","0","TENTARA NASIONAL INDONESIA (TNI) DAN KEPOLISIAN NEGARA REPUBLIK INDONESIA (POLRI)","0 > 01 > 011 > 0114 > 0114.04","tidak","102"
"0114.05","011405","6","Jabatan","0114","ASISTEN PERENCANAAN DAN ANGGARAN KASAU (ASRENA KASAU)","0","TENTARA NASIONAL INDONESIA (TNI) DAN KEPOLISIAN NEGARA REPUBLIK INDONESIA (POLRI)","0 > 01 > 011 > 0114 > 0114.05","tidak","103"
"0114.06","011406","6","Jabatan","0114","ASISTEN INTELIJEN KEPALA STAF ANGKATAN UDARA (ASINTEL KASAU)","0","TENTARA NASIONAL INDONESIA (TNI) DAN KEPOLISIAN NEGARA REPUBLIK INDONESIA (POLRI)","0 > 01 > 011 > 0114 > 0114.06","tidak","103"
"0114.07","011407","6","Jabatan","0114","ASISTEN OPERASI KASAU (ASOPS KASAU)","0","TENTARA NASIONAL INDONESIA (TNI) DAN KEPOLISIAN NEGARA REPUBLIK INDONESIA (POLRI)","0 > 01 > 011 > 0114 > 0114.07","tidak","103"
"0114.08","011408","6","Jabatan","0114","ASISTEN PERSONEL KASAU (ASPERS KASAU)","0","TENTARA NASIONAL INDONESIA (TNI) DAN KEPOLISIAN NEGARA REPUBLIK INDONESIA (POLRI)","0 > 01 > 011 > 0114 > 0114.08","tidak","103"
"0114.09","011409","6","Jabatan","0114","ASISTEN LOGISTIK KASAU (ASLOG KASAU)","0","TENTARA NASIONAL INDONESIA (TNI) DAN KEPOLISIAN NEGARA REPUBLIK INDONESIA (POLRI)","0 > 01 > 011 > 0114 > 0114.09","tidak","104"
"0114.10","011410","6","Jabatan","0114","KEPALA DINAS KEUANGAN TNI ANGKATAN UDARA (KADISKUAU)","0","TENTARA NASIONAL INDONESIA (TNI) DAN KEPOLISIAN NEGARA REPUBLIK INDONESIA (POLRI)","0 > 01 > 011 > 0114 > 0114.10","tidak","104"
"0114.11","011411","6","Jabatan","0114","KEPALA DINAS INFORMASI DAN PENGOLAHAN DATA TNI ANGKATAN UDARA (KADISINFOLAHTAAU)","0","TENTARA NASIONAL INDONESIA (TNI) DAN KEPOLISIAN NEGARA REPUBLIK INDONESIA (POLRI)","0 > 01 > 011 > 0114 > 0114.11","tidak","104"
"0114.12","011412","6","Jabatan","0114","KEPALA DINAS PENELITIAN DAN PENGEMBANGAN TNI ANGKATAN UDARA (KADISLITBANGAU)","0","TENTARA NASIONAL INDONESIA (TNI) DAN KEPOLISIAN NEGARA REPUBLIK INDONESIA (POLRI)","0 > 01 > 011 > 0114 > 0114.12","tidak","104"
"0114.13","011413","6","Jabatan","0114","KEPALA DINAS PENGAMANAN DAN SANDI TNI ANGKATAN UDARA (KADISPAMSANAU)","0","TENTARA NASIONAL INDONESIA (TNI) DAN KEPOLISIAN NEGARA REPUBLIK INDONESIA (POLRI)","0 > 01 > 011 > 0114 > 0114.13","tidak","105"
"0114.14","011414","6","Jabatan","0114","KEPALA PUSAT GEOSPASIAL TNI ANGKATAN UDARA (KAPUSGEOSAU)","0","TENTARA NASIONAL INDONESIA (TNI) DAN KEPOLISIAN NEGARA REPUBLIK INDONESIA (POLRI)","0 > 01 > 011 > 0114 > 0114.14","tidak","105"
"0114.15","011415","6","Jabatan","0114","KEPALA DINAS PENERANGAN TNI ANGKATAN UDARA (KADISPENAU)","0","TENTARA NASIONAL INDONESIA (TNI) DAN KEPOLISIAN NEGARA REPUBLIK INDONESIA (POLRI)","0 > 01 > 011 > 0114 > 0114.15","tidak","105"
"0114.16","011416","6","Jabatan","0114","KEPALA DINAS PENGEMBANGAN OPERASI TNI ANGKATAN UDARA (KADISBANGOPSAU)","0","TENTARA NASIONAL INDONESIA (TNI) DAN KEPOLISIAN NEGARA REPUBLIK INDONESIA (POLRI)","0 > 01 > 011 > 0114 > 0114.16","tidak","105"
"0114.17","011417","6","Jabatan","0114","KEPALA PUSAT KELAIKAN, KESELAMATAN TERBANG, DAN KERJA TNI ANGKATAN UDARA (KAPUSLAIKLAMBANGJAAU)","0","TENTARA NASIONAL INDONESIA (TNI) DAN KEPOLISIAN NEGARA REPUBLIK INDONESIA (POLRI)","0 > 01 > 011 > 0114 > 0114.17","tidak","106"
"0114.18","011418","6","Jabatan","0114","KEPALA PUSAT TERITORIAL TNI ANGKATAN UDARA (KAPUSTERAU)","0","TENTARA NASIONAL INDONESIA (TNI) DAN KEPOLISIAN NEGARA REPUBLIK INDONESIA (POLRI)","0 > 01 > 011 > 0114 > 0114.18","tidak","106"
"0114.19","011419","6","Jabatan","0114","KEPALA DINAS HUKUM TNI ANGKATAN UDARA (KADISKUMAU)","0","TENTARA NASIONAL INDONESIA (TNI) DAN KEPOLISIAN NEGARA REPUBLIK INDONESIA (POLRI)","0 > 01 > 011 > 0114 > 0114.19","tidak","106"
"0114.20","011420","6","Jabatan","0114","KEPALA DINAS ADMINISTRASI PERSONEL TNI ANGKATAN UDARA (KADISMINPERSAU)","0","TENTARA NASIONAL INDONESIA (TNI) DAN KEPOLISIAN NEGARA REPUBLIK INDONESIA (POLRI)","0 > 01 > 011 > 0114 > 0114.20","tidak","106"
"0114.21","011421","6","Jabatan","0114","KEPALA DINAS PENDIDIKAN TNI ANGKATAN UDARA (KADISDIKAU)","0","TENTARA NASIONAL INDONESIA (TNI) DAN KEPOLISIAN NEGARA REPUBLIK INDONESIA (POLRI)","0 > 01 > 011 > 0114 > 0114.21","tidak","107"
"0114.22","011422","6","Jabatan","0114","KEPALA DINAS PERAWATAN PERSONEL TNI ANGKATAN UDARA (KADISWATPERSAU)","0","TENTARA NASIONAL INDONESIA (TNI) DAN KEPOLISIAN NEGARA REPUBLIK INDONESIA (POLRI)","0 > 01 > 011 > 0114 > 0114.22","tidak","107"
"0114.23","011423","6","Jabatan","0114","KEPALA PUSAT KESEHATAN TNI ANGKATAN UDARA (KAPUSKESAU)","0","TENTARA NASIONAL INDONESIA (TNI) DAN KEPOLISIAN NEGARA REPUBLIK INDONESIA (POLRI)","0 > 01 > 011 > 0114 > 0114.23","tidak","107"
"0114.24","011424","6","Jabatan","0114","KEPALA DINAS PSIKOLOGI TNI ANGKATAN UDARA (KADISPSIAU)","0","TENTARA NASIONAL INDONESIA (TNI) DAN KEPOLISIAN NEGARA REPUBLIK INDONESIA (POLRI)","0 > 01 > 011 > 0114 > 0114.24","tidak","107"
"0114.25","011425","6","Jabatan","0114","KEPALA DINAS MATERIIL TNI ANGKATAN UDARA (KADISMATAU)","0","TENTARA NASIONAL INDONESIA (TNI) DAN KEPOLISIAN NEGARA REPUBLIK INDONESIA (POLRI)","0 > 01 > 011 > 0114 > 0114.25","tidak","107"
"0114.26","011426","6","Jabatan","0114","KEPALA DINAS AERONAUTIKA TNI ANGKATAN UDARA (KADISAEROAU)","0","TENTARA NASIONAL INDONESIA (TNI) DAN KEPOLISIAN NEGARA REPUBLIK INDONESIA (POLRI)","0 > 01 > 011 > 0114 > 0114.26","tidak","108"
"0114.27","011427","6","Jabatan","0114","KEPALA DINAS KOMUNIKASI DAN ELEKTRONIKA TNI ANGKATAN UDARA (KADISKOMLEKAU)","0","TENTARA NASIONAL INDONESIA (TNI) DAN KEPOLISIAN NEGARA REPUBLIK INDONESIA (POLRI)","0 > 01 > 011 > 0114 > 0114.27","tidak","108"
"0114.28","011428","6","Jabatan","0114","KEPALA DINAS KONSTRUKSI TNI ANGKATAN UDARA (KADISKONSAU)","0","TENTARA NASIONAL INDONESIA (TNI) DAN KEPOLISIAN NEGARA REPUBLIK INDONESIA (POLRI)","0 > 01 > 011 > 0114 > 0114.28","tidak","108"
"0114.29","011429","6","Jabatan","0114","KEPALA DINAS PENGADAAN TNI ANGKATAN UDARA (KADISADAAU)","0","TENTARA NASIONAL INDONESIA (TNI) DAN KEPOLISIAN NEGARA REPUBLIK INDONESIA (POLRI)","0 > 01 > 011 > 0114 > 0114.29","tidak","108"
"0114.30","011430","6","Jabatan","0114","KEPALA LEMBAGA KESEHATAN PENERBANGAN DAN RUANG ANGKASA ""SARYANTO"" (KALAKESPRA ""SARYANTO"")","0","TENTARA NASIONAL INDONESIA (TNI) DAN KEPOLISIAN NEGARA REPUBLIK INDONESIA (POLRI)","0 > 01 > 011 > 0114 > 0114.30","tidak","109"
"0114.31","011431","6","Jabatan","0114","KOMANDAN PUSAT POLISI MILITER TNI ANGKATAN UDARA (DANPUSPOMAU)","0","TENTARA NASIONAL INDONESIA (TNI) DAN KEPOLISIAN NEGARA REPUBLIK INDONESIA (POLRI)","0 > 01 > 011 > 0114 > 0114.31","tidak","109"
"0114.32","011432","6","Jabatan","0114","GUBERNUR AKADEMI TNI ANGKATAN UDARA (GUBERNUR AAU)","0","TENTARA NASIONAL INDONESIA (TNI) DAN KEPOLISIAN NEGARA REPUBLIK INDONESIA (POLRI)","0 > 01 > 011 > 0114 > 0114.32","tidak","109"
"0114.33","011433","6","Jabatan","0114","KOMANDAN SEKOLAH STAF DAN KOMANDO TNI ANGKATAN UDARA (DANSESKOAU)","0","TENTARA NASIONAL INDONESIA (TNI) DAN KEPOLISIAN NEGARA REPUBLIK INDONESIA (POLRI)","0 > 01 > 011 > 0114 > 0114.33","tidak","109"
"0114.34","011434","6","Jabatan","0114","KOMANDAN KOMANDO PEMBINAAN DOKTRIN, PENDIDIKAN, DAN LATIHAN TNI ANGKATAN UDARA (DANKODIKLATAU)","0","TENTARA NASIONAL INDONESIA (TNI) DAN KEPOLISIAN NEGARA REPUBLIK INDONESIA (POLRI)","0 > 01 > 011 > 0114 > 0114.34","tidak","110"
"0114.35","011435","6","Jabatan","0114","KOMANDAN KOMANDO PEMELIHARAAN MATERIIL TNI ANGKATAN UDARA (DANKOHARMATAU)","0","TENTARA NASIONAL INDONESIA (TNI) DAN KEPOLISIAN NEGARA REPUBLIK INDONESIA (POLRI)","0 > 01 > 011 > 0114 > 0114.35","tidak","110"
"0114.36","011436","6","Jabatan","0114","PANGLIMA KORPS PASUKAN GERAK CEPAT (PANGKOPASGAT)","0","TENTARA NASIONAL INDONESIA (TNI) DAN KEPOLISIAN NEGARA REPUBLIK INDONESIA (POLRI)","0 > 01 > 011 > 0114 > 0114.36","tidak","110"
"0114.99","011499","6","Jabatan","0114","PERWIRA TNI ANGKATAN UDARA LAINNYA","0","TENTARA NASIONAL INDONESIA (TNI) DAN KEPOLISIAN NEGARA REPUBLIK INDONESIA (POLRI)","0 > 01 > 011 > 0114 > 0114.99","ya","110"
"0115","0115","4","Subgolongan","011","PERWIRA POLRI","0","TENTARA NASIONAL INDONESIA (TNI) DAN KEPOLISIAN NEGARA REPUBLIK INDONESIA (POLRI)","0 > 01 > 011 > 0115","tidak","111"
"0115.01","011501","6","Jabatan","0115","KEPALA KEPOLISIAN REPUBLIK INDONESIA (KAPOLRI)","0","TENTARA NASIONAL INDONESIA (TNI) DAN KEPOLISIAN NEGARA REPUBLIK INDONESIA (POLRI)","0 > 01 > 011 > 0115 > 0115.01","tidak","111"
"0115.02","011502","6","Jabatan","0115","WAKIL KEPALA KEPOLISIAN REPUBLIK INDONESIA (WAKAPOLRI)","0","TENTARA NASIONAL INDONESIA (TNI) DAN KEPOLISIAN NEGARA REPUBLIK INDONESIA (POLRI)","0 > 01 > 011 > 0115 > 0115.02","tidak","111"
"0115.03","011503","6","Jabatan","0115","INSPEKTUR PENGAWAS UMUM (IRWASUM)","0","TENTARA NASIONAL INDONESIA (TNI) DAN KEPOLISIAN NEGARA REPUBLIK INDONESIA (POLRI)","0 > 01 > 011 > 0115 > 0115.03","tidak","111"
"0115.04","011504","6","Jabatan","0115","ASISTEN UTAMA KAPOLRI BIDANG OPERASI (ASTAMAOPS KAPOLRI)","0","TENTARA NASIONAL INDONESIA (TNI) DAN KEPOLISIAN NEGARA REPUBLIK INDONESIA (POLRI)","0 > 01 > 011 > 0115 > 0115.04","tidak","112"
"0115.05","011505","6","Jabatan","0115","ASISTEN UTAMA KAPOLRI BIDANG PERENCANAAN UMUM DAN ANGGARAN (ASTAMARENA KAPOLRI)","0","TENTARA NASIONAL INDONESIA (TNI) DAN KEPOLISIAN NEGARA REPUBLIK INDONESIA (POLRI)","0 > 01 > 011 > 0115 > 0115.05","tidak","112"
"0115.06","011506","6","Jabatan","0115","ASISTEN KAPOLRI BIDANG SUMBER DAYA MANUSIA (AS SDM)","0","TENTARA NASIONAL INDONESIA (TNI) DAN KEPOLISIAN NEGARA REPUBLIK INDONESIA (POLRI)","0 > 01 > 011 > 0115 > 0115.06","tidak","112"
"0115.07","011507","6","Jabatan","0115","ASISTEN KAPOLRI BIDANG LOGISTIK (ASLOG KAPOLRI)","0","TENTARA NASIONAL INDONESIA (TNI) DAN KEPOLISIAN NEGARA REPUBLIK INDONESIA (POLRI)","0 > 01 > 011 > 0115 > 0115.07","tidak","112"
"0115.08","011508","6","Jabatan","0115","KEPALA DIVISI PROFESI DAN PENGAMANAN (KADIVPROPAM)","0","TENTARA NASIONAL INDONESIA (TNI) DAN KEPOLISIAN NEGARA REPUBLIK INDONESIA (POLRI)","0 > 01 > 011 > 0115 > 0115.08","tidak","112"
"0115.09","011509","6","Jabatan","0115","KEPALA DIVISI HUKUM (KADIVKUM)","0","TENTARA NASIONAL INDONESIA (TNI) DAN KEPOLISIAN NEGARA REPUBLIK INDONESIA (POLRI)","0 > 01 > 011 > 0115 > 0115.09","tidak","113"
"0115.10","011510","6","Jabatan","0115","KEPALA DIVISI HUBUNGAN MASYARAKAT (KADIVHUMAS)","0","TENTARA NASIONAL INDONESIA (TNI) DAN KEPOLISIAN NEGARA REPUBLIK INDONESIA (POLRI)","0 > 01 > 011 > 0115 > 0115.10","tidak","113"
"0115.11","011511","6","Jabatan","0115","KEPALA DIVISI HUBUNGAN INTERNASIONAL (KADIVHUBINTER)","0","TENTARA NASIONAL INDONESIA (TNI) DAN KEPOLISIAN NEGARA REPUBLIK INDONESIA (POLRI)","0 > 01 > 011 > 0115 > 0115.11","tidak","113"
"0115.12","011512","6","Jabatan","0115","KEPALA DIVISI TEKNOLOGI INFORMASI DAN KOMUNIKASI (KADIV TIK)","0","TENTARA NASIONAL INDONESIA (TNI) DAN KEPOLISIAN NEGARA REPUBLIK INDONESIA (POLRI)","0 > 01 > 011 > 0115 > 0115.12","tidak","113"
"0115.13","011513","6","Jabatan","0115","STAF AHLI KAPOLRI (SAHLI KAPOLRI)","0","TENTARA NASIONAL INDONESIA (TNI) DAN KEPOLISIAN NEGARA REPUBLIK INDONESIA (POLRI)","0 > 01 > 011 > 0115 > 0115.13","tidak","113"
"0115.14","011514","6","Jabatan","0115","KEPALA BADAN INTELIJEN KEAMANAN (KABAINTELKAM)","0","TENTARA NASIONAL INDONESIA (TNI) DAN KEPOLISIAN NEGARA REPUBLIK INDONESIA (POLRI)","0 > 01 > 011 > 0115 > 0115.14","tidak","113"
"0115.15","011515","6","Jabatan","0115","KEPALA BADAN PEMELIHARA KEAMANAN (KABAHARKAM)","0","TENTARA NASIONAL INDONESIA (TNI) DAN KEPOLISIAN NEGARA REPUBLIK INDONESIA (POLRI)","0 > 01 > 011 > 0115 > 0115.15","tidak","114"
"0115.16","011516","6","Jabatan","0115","KEPALA BADAN RESERSE KRIMINAL (KABARESKRIM)","0","TENTARA NASIONAL INDONESIA (TNI) DAN KEPOLISIAN NEGARA REPUBLIK INDONESIA (POLRI)","0 > 01 > 011 > 0115 > 0115.16","tidak","114"
"0115.17","011517","6","Jabatan","0115","KEPALA KORPS LALU LINTAS (KAKORLANTAS)","0","TENTARA NASIONAL INDONESIA (TNI) DAN KEPOLISIAN NEGARA REPUBLIK INDONESIA (POLRI)","0 > 01 > 011 > 0115 > 0115.17","tidak","114"
"0115.18","011518","6","Jabatan","0115","KOMANDAN KORPS BRIGADE MOBIL (DANKORBRIMOB)","0","TENTARA NASIONAL INDONESIA (TNI) DAN KEPOLISIAN NEGARA REPUBLIK INDONESIA (POLRI)","0 > 01 > 011 > 0115 > 0115.18","tidak","114"
"0115.19","011519","6","Jabatan","0115","KEPALA DETASEMEN KHUSUS 88 ANTI TEROR (KADENSUS 88 AT)","0","TENTARA NASIONAL INDONESIA (TNI) DAN KEPOLISIAN NEGARA REPUBLIK INDONESIA (POLRI)","0 > 01 > 011 > 0115 > 0115.19","tidak","115"
"0115.20","011520","6","Jabatan","0115","KEPALA LEMBAGA PENDIDIKAN DAN PELATIHAN (KALEMDIKLAT POLRI)","0","TENTARA NASIONAL INDONESIA (TNI) DAN KEPOLISIAN NEGARA REPUBLIK INDONESIA (POLRI)","0 > 01 > 011 > 0115 > 0115.20","tidak","115"
"0115.21","011521","6","Jabatan","0115","KEPALA SEKOLAH STAF DAN PIMPINAN (KASESPIM)","0","TENTARA NASIONAL INDONESIA (TNI) DAN KEPOLISIAN NEGARA REPUBLIK INDONESIA (POLRI)","0 > 01 > 011 > 0115 > 0115.21","tidak","115"
"0115.22","011522","6","Jabatan","0115","KEPALA SEKOLAH STAF DAN PIMPINAN PERTAMA (KASESPIMMA)","0","TENTARA NASIONAL INDONESIA (TNI) DAN KEPOLISIAN NEGARA REPUBLIK INDONESIA (POLRI)","0 > 01 > 011 > 0115 > 0115.22","tidak","115"
"0115.23","011523","6","Jabatan","0115","KEPALA SEKOLAH STAF DAN PIMPINAN MENENGAH (KASESPIMMEN)","0","TENTARA NASIONAL INDONESIA (TNI) DAN KEPOLISIAN NEGARA REPUBLIK INDONESIA (POLRI)","0 > 01 > 011 > 0115 > 0115.23","tidak","115"
"0115.24","011524","6","Jabatan","0115","KEPALA SEKOLAH STAF DAN PIMPINAN TINGGI (KASESPIMTI)","0","TENTARA NASIONAL INDONESIA (TNI) DAN KEPOLISIAN NEGARA REPUBLIK INDONESIA (POLRI)","0 > 01 > 011 > 0115 > 0115.24","tidak","116"
"0115.25","011525","6","Jabatan","0115","KETUA SEKOLAH TINGGI ILMU KEPOLISIAN (KETUA STIK)","0","TENTARA NASIONAL INDONESIA (TNI) DAN KEPOLISIAN NEGARA REPUBLIK INDONESIA (POLRI)","0 > 01 > 011 > 0115 > 0115.25","tidak","116"
"0115.26","011526","6","Jabatan","0115","GUBERNUR AKADEMI KEPOLISIAN (GUBERNUR AKPOL)","0","TENTARA NASIONAL INDONESIA (TNI) DAN KEPOLISIAN NEGARA REPUBLIK INDONESIA (POLRI)","0 > 01 > 011 > 0115 > 0115.26","tidak","116"
"0115.27","011527","6","Jabatan","0115","KEPALA SEKOLAH PEMBENTUKAN PERWIRA (KASETUKPA)","0","TENTARA NASIONAL INDONESIA (TNI) DAN KEPOLISIAN NEGARA REPUBLIK INDONESIA (POLRI)","0 > 01 > 011 > 0115 > 0115.27","tidak","116"
"0115.28","011528","6","Jabatan","0115","KEPALA PENDIDIKAN DAN PELATIHAN KHUSUS KEJAHATAN TRANSNASIONAL (KADIKLATSUS JATRANS)","0","TENTARA NASIONAL INDONESIA (TNI) DAN KEPOLISIAN NEGARA REPUBLIK INDONESIA (POLRI)","0 > 01 > 011 > 0115 > 0115.28","tidak","117"
"0115.29","011529","6","Jabatan","0115","KEPALA PUSAT PENELITIAN DAN PENGEMBANGAN (KAPUSLITBANG)","0","TENTARA NASIONAL INDONESIA (TNI) DAN KEPOLISIAN NEGARA REPUBLIK INDONESIA (POLRI)","0 > 01 > 011 > 0115 > 0115.29","tidak","117"
"0115.30","011530","6","Jabatan","0115","KEPALA KEUANGAN (KAPUSKEU)","0","TENTARA NASIONAL INDONESIA (TNI) DAN KEPOLISIAN NEGARA REPUBLIK INDONESIA (POLRI)","0 > 01 > 011 > 0115 > 0115.30","tidak","117"
"0115.31","011531","6","Jabatan","0115","KEPALA PUSAT KEDOKTERAN DAN KESEHATAN (KAPUSDOKKES)","0","TENTARA NASIONAL INDONESIA (TNI) DAN KEPOLISIAN NEGARA REPUBLIK INDONESIA (POLRI)","0 > 01 > 011 > 0115 > 0115.31","tidak","117"
"0115.32","011532","6","Jabatan","0115","KEPALA PUSAT SEJARAH (KAPUSJARAH)","0","TENTARA NASIONAL INDONESIA (TNI) DAN KEPOLISIAN NEGARA REPUBLIK INDONESIA (POLRI)","0 > 01 > 011 > 0115 > 0115.32","tidak","117"
"0115.33","011533","6","Jabatan","0115","KEPALA KEPOLISIAN DAERAH (KAPOLDA)","0","TENTARA NASIONAL INDONESIA (TNI) DAN KEPOLISIAN NEGARA REPUBLIK INDONESIA (POLRI)","0 > 01 > 011 > 0115 > 0115.33","tidak","118"
"0115.34","011534","6","Jabatan","0115","KEPALA KEPOLISIAN RESOR (KAPOLRES)","0","TENTARA NASIONAL INDONESIA (TNI) DAN KEPOLISIAN NEGARA REPUBLIK INDONESIA (POLRI)","0 > 01 > 011 > 0115 > 0115.34","tidak","118"
"0115.35","011535","6","Jabatan","0115","KEPALA KEPOLISIAN SEKTOR (KAPOLSEK)","0","TENTARA NASIONAL INDONESIA (TNI) DAN KEPOLISIAN NEGARA REPUBLIK INDONESIA (POLRI)","0 > 01 > 011 > 0115 > 0115.35","tidak","118"
"0115.99","011599","6","Jabatan","0115","PERWIRA POLRI LAINNYA","0","TENTARA NASIONAL INDONESIA (TNI) DAN KEPOLISIAN NEGARA REPUBLIK INDONESIA (POLRI)","0 > 01 > 011 > 0115 > 0115.99","ya","118"
"02","02","2","Subgolongan pokok","0","BINTARA TNI DAN POLRI","0","TENTARA NASIONAL INDONESIA (TNI) DAN KEPOLISIAN NEGARA REPUBLIK INDONESIA (POLRI)","0 > 02","tidak","118"
"021","021","3","Golongan","02","BINTARA TNI DAN POLRI","0","TENTARA NASIONAL INDONESIA (TNI) DAN KEPOLISIAN NEGARA REPUBLIK INDONESIA (POLRI)","0 > 02 > 021","tidak","119"
"0211","0211","4","Subgolongan","021","BINTARA MARKAS BESAR TNI","0","TENTARA NASIONAL INDONESIA (TNI) DAN KEPOLISIAN NEGARA REPUBLIK INDONESIA (POLRI)","0 > 02 > 021 > 0211","tidak","119"
"0211.00","021100","6","Jabatan","0211","BINTARA MARKAS BESAR TNI","0","TENTARA NASIONAL INDONESIA (TNI) DAN KEPOLISIAN NEGARA REPUBLIK INDONESIA (POLRI)","0 > 02 > 021 > 0211 > 0211.00","tidak","120"
"0212","0212","4","Subgolongan","021","BINTARA TNI ANGKATAN DARAT","0","TENTARA NASIONAL INDONESIA (TNI) DAN KEPOLISIAN NEGARA REPUBLIK INDONESIA (POLRI)","0 > 02 > 021 > 0212","tidak","120"
"0212.00","021200","6","Jabatan","0212","BINTARA TNI ANGKATAN DARAT","0","TENTARA NASIONAL INDONESIA (TNI) DAN KEPOLISIAN NEGARA REPUBLIK INDONESIA (POLRI)","0 > 02 > 021 > 0212 > 0212.00","tidak","120"
"0213","0213","4","Subgolongan","021","BINTARA TNI ANGKATAN LAUT","0","TENTARA NASIONAL INDONESIA (TNI) DAN KEPOLISIAN NEGARA REPUBLIK INDONESIA (POLRI)","0 > 02 > 021 > 0213","tidak","121"
"0213.00","021300","6","Jabatan","0213","BINTARA TNI ANGKATAN LAUT","0","TENTARA NASIONAL INDONESIA (TNI) DAN KEPOLISIAN NEGARA REPUBLIK INDONESIA (POLRI)","0 > 02 > 021 > 0213 > 0213.00","tidak","121"
"0214","0214","4","Subgolongan","021","BINTARA TNI ANGKATAN UDARA","0","TENTARA NASIONAL INDONESIA (TNI) DAN KEPOLISIAN NEGARA REPUBLIK INDONESIA (POLRI)","0 > 02 > 021 > 0214","tidak","121"
"0214.00","021400","6","Jabatan","0214","BINTARA TNI ANGKATAN UDARA","0","TENTARA NASIONAL INDONESIA (TNI) DAN KEPOLISIAN NEGARA REPUBLIK INDONESIA (POLRI)","0 > 02 > 021 > 0214 > 0214.00","tidak","122"
"0215","0215","4","Subgolongan","021","BINTARA POLRI","0","TENTARA NASIONAL INDONESIA (TNI) DAN KEPOLISIAN NEGARA REPUBLIK INDONESIA (POLRI)","0 > 02 > 021 > 0215","tidak","122"
"0215.00","021500","6","Jabatan","0215","BINTARA POLRI","0","TENTARA NASIONAL INDONESIA (TNI) DAN KEPOLISIAN NEGARA REPUBLIK INDONESIA (POLRI)","0 > 02 > 021 > 0215 > 0215.00","tidak","122"
"03","03","2","Subgolongan pokok","0","TAMTAMA TNI DAN POLRI","0","TENTARA NASIONAL INDONESIA (TNI) DAN KEPOLISIAN NEGARA REPUBLIK INDONESIA (POLRI)","0 > 03","tidak","122"
"031","031","3","Golongan","03","TAMTAMA TNI DAN POLRI","0","TENTARA NASIONAL INDONESIA (TNI) DAN KEPOLISIAN NEGARA REPUBLIK INDONESIA (POLRI)","0 > 03 > 031","tidak","123"
"0311","0311","4","Subgolongan","031","TAMTAMA MARKAS BESAR TNI","0","TENTARA NASIONAL INDONESIA (TNI) DAN KEPOLISIAN NEGARA REPUBLIK INDONESIA (POLRI)","0 > 03 > 031 > 0311","tidak","123"
"0311.00","031100","6","Jabatan","0311","TAMTAMA MARKAS BESAR TNI","0","TENTARA NASIONAL INDONESIA (TNI) DAN KEPOLISIAN NEGARA REPUBLIK INDONESIA (POLRI)","0 > 03 > 031 > 0311 > 0311.00","tidak","124"
"0312","0312","4","Subgolongan","031","TAMTAMA TNI ANGKATAN DARAT","0","TENTARA NASIONAL INDONESIA (TNI) DAN KEPOLISIAN NEGARA REPUBLIK INDONESIA (POLRI)","0 > 03 > 031 > 0312","tidak","124"
"0312.00","031200","6","Jabatan","0312","TAMTAMA TNI ANGKATAN DARAT","0","TENTARA NASIONAL INDONESIA (TNI) DAN KEPOLISIAN NEGARA REPUBLIK INDONESIA (POLRI)","0 > 03 > 031 > 0312 > 0312.00","tidak","124"
"0313","0313","4","Subgolongan","031","TAMTAMA TNI ANGKATAN LAUT","0","TENTARA NASIONAL INDONESIA (TNI) DAN KEPOLISIAN NEGARA REPUBLIK INDONESIA (POLRI)","0 > 03 > 031 > 0313","tidak","124"
"0313.00","031300","6","Jabatan","0313","TAMTAMA TNI ANGKATAN LAUT","0","TENTARA NASIONAL INDONESIA (TNI) DAN KEPOLISIAN NEGARA REPUBLIK INDONESIA (POLRI)","0 > 03 > 031 > 0313 > 0313.00","tidak","125"
"0314","0314","4","Subgolongan","031","TAMTAMA TNI ANGKATAN UDARA","0","TENTARA NASIONAL INDONESIA (TNI) DAN KEPOLISIAN NEGARA REPUBLIK INDONESIA (POLRI)","0 > 03 > 031 > 0314","tidak","125"
"0314.00","031400","6","Jabatan","0314","TAMTAMA TNI ANGKATAN UDARA","0","TENTARA NASIONAL INDONESIA (TNI) DAN KEPOLISIAN NEGARA REPUBLIK INDONESIA (POLRI)","0 > 03 > 031 > 0314 > 0314.00","tidak","125"
"0315","0315","4","Subgolongan","031","TAMTAMA POLRI","0","TENTARA NASIONAL INDONESIA (TNI) DAN KEPOLISIAN NEGARA REPUBLIK INDONESIA (POLRI)","0 > 03 > 031 > 0315","tidak","126"
"0315.00","031500","6","Jabatan","0315","TAMTAMA POLRI","0","TENTARA NASIONAL INDONESIA (TNI) DAN KEPOLISIAN NEGARA REPUBLIK INDONESIA (POLRI)","0 > 03 > 031 > 0315 > 0315.00","tidak","126"
"1","1","1","Golongan pokok","","MANAJER","1","MANAJER","1","tidak","129"
"11","11","2","Subgolongan pokok","1","PIMPINAN EKSEKUTIF, PEJABAT TINGGI PEMERINTAH, DAN PEJABAT PEMBUAT PERATURAN PERUNDANG-UNDANGAN","1","MANAJER","1 > 11","tidak","129"
"111","111","3","Golongan","11","PEJABAT PEMBUAT PERATURAN PERUNDANG-UNDANGAN DAN PEJABAT TINGGI PEMERINTAH","1","MANAJER","1 > 11 > 111","tidak","130"
"1111","1111","4","Subgolongan","111","PEJABAT PEMBUAT PERATURAN PERUNDANG-UNDANGAN","1","MANAJER","1 > 11 > 111 > 1111","tidak","131"
"1111.01","111101","6","Jabatan","1111","ANGGOTA PARLEMEN (MPR, DPR, DPRD, DAN DPD)","1","MANAJER","1 > 11 > 111 > 1111 > 1111.01","tidak","131"
"1111.02","111102","6","Jabatan","1111","PRESIDEN DAN WAKIL PRESIDEN","1","MANAJER","1 > 11 > 111 > 1111 > 1111.02","tidak","133"
"1111.03","111103","6","Jabatan","1111","GUBERNUR","1","MANAJER","1 > 11 > 111 > 1111 > 1111.03","tidak","133"
"1111.04","111104","6","Jabatan","1111","WALI KOTA DAN BUPATI","1","MANAJER","1 > 11 > 111 > 1111 > 1111.04","tidak","134"
"1111.05","111105","6","Jabatan","1111","MENTERI","1","MANAJER","1 > 11 > 111 > 1111 > 1111.05","tidak","134"
"1111.99","111199","6","Jabatan","1111","PEJABAT PEMBUAT PERATURAN PERUNDANG-UNDANGAN LAINNYA","1","MANAJER","1 > 11 > 111 > 1111 > 1111.99","ya","135"
"1112","1112","4","Subgolongan","111","PEJABAT TINGGI PEMERINTAH","1","MANAJER","1 > 11 > 111 > 1112","tidak","135"
"1112.01","111201","6","Jabatan","1112","DUTA BESAR","1","MANAJER","1 > 11 > 111 > 1112 > 1112.01","tidak","136"
"1112.02","111202","6","Jabatan","1112","KONSULAT JENDERAL","1","MANAJER","1 > 11 > 111 > 1112 > 1112.02","tidak","136"
"1112.03","111203","6","Jabatan","1112","SEKRETARIS KABINET","1","MANAJER","1 > 11 > 111 > 1112 > 1112.03","tidak","137"
"1112.04","111204","6","Jabatan","1112","INSPEKTUR JENDERAL DAN INSPEKTUR UTAMA (KEMENTERIAN/LEMBAGA)","1","MANAJER","1 > 11 > 111 > 1112 > 1112.04","tidak","137"
"1112.05","111205","6","Jabatan","1112","DIREKTUR JENDERAL DAN DEPUTI (KEMENTERIAN/LEMBAGA)","1","MANAJER","1 > 11 > 111 > 1112 > 1112.05","tidak","137"
"1112.06","111206","6","Jabatan","1112","JAKSA AGUNG","1","MANAJER","1 > 11 > 111 > 1112 > 1112.06","tidak","138"
"1112.07","111207","6","Jabatan","1112","SEKRETARIS DAERAH","1","MANAJER","1 > 11 > 111 > 1112 > 1112.07","tidak","138"
"1112.99","111299","6","Jabatan","1112","PEJABAT TINGGI PEMERINTAH LAINNYA","1","MANAJER","1 > 11 > 111 > 1112 > 1112.99","ya","138"
"1113","1113","4","Subgolongan","111","KETUA ADAT DAN KEPALA WILAYAH","1","MANAJER","1 > 11 > 111 > 1113","tidak","139"
"1113.01","111301","6","Jabatan","1113","KETUA ADAT","1","MANAJER","1 > 11 > 111 > 1113 > 1113.01","tidak","139"
"1113.02","111302","6","Jabatan","1113","CAMAT","1","MANAJER","1 > 11 > 111 > 1113 > 1113.02","tidak","139"
"1113.03","111303","6","Jabatan","1113","KEPALA DESA","1","MANAJER","1 > 11 > 111 > 1113 > 1113.03","tidak","140"
"1113.04","111304","6","Jabatan","1113","LURAH","1","MANAJER","1 > 11 > 111 > 1113 > 1113.04","tidak","140"
"1113.99","111399","6","Jabatan","1113","KETUA ADAT DAN KEPALA WILAYAH LAINNYA","1","MANAJER","1 > 11 > 111 > 1113 > 1113.99","ya","141"
"1114","1114","4","Subgolongan","111","PIMPINAN ORGANISASI BIDANG KHUSUS","1","MANAJER","1 > 11 > 111 > 1114","tidak","141"
"1114.00","111400","6","Jabatan","1114","PIMPINAN ORGANISASI BIDANG KHUSUS","1","MANAJER","1 > 11 > 111 > 1114 > 1114.00","tidak","141"
"112","112","3","Golongan","11","PIMPINAN EKSEKUTIF DAN DIREKTUR PELAKSANA","1","MANAJER","1 > 11 > 112","tidak","142"
"1120","1120","4","Subgolongan","112","PIMPINAN EKSEKUTIF DAN DIREKTUR PELAKSANA","1","MANAJER","1 > 11 > 112 > 1120","tidak","142"
"1120.01","112001","6","Jabatan","1120","DIREKTUR EKSEKUTIF/CHIEF EXECUTIVE OFFICER (CEO)","1","MANAJER","1 > 11 > 112 > 1120 > 1120.01","tidak","143"
"1120.02","112002","6","Jabatan","1120","DIREKTUR UTAMA","1","MANAJER","1 > 11 > 112 > 1120 > 1120.02","tidak","144"
"1120.03","112003","6","Jabatan","1120","DIREKTUR PELAKSANA","1","MANAJER","1 > 11 > 112 > 1120 > 1120.03","tidak","144"
"1120.04","112004","6","Jabatan","1120","MANAJER REGIONAL/WILAYAH","1","MANAJER","1 > 11 > 112 > 1120 > 1120.04","tidak","145"
"1120.05","112005","6","Jabatan","1120","DIREKTUR OPERASIONAL","1","MANAJER","1 > 11 > 112 > 1120 > 1120.05","tidak","145"
"1120.99","112099","6","Jabatan","1120","PIMPINAN EKSEKUTIF DAN DIREKTUR PELAKSANA LAINNYA","1","MANAJER","1 > 11 > 112 > 1120 > 1120.99","ya","145"
"12","12","2","Subgolongan pokok","1","MANAJER ADMINISTRASI DAN KOMERSIAL","1","MANAJER","1 > 12","tidak","146"
"121","121","3","Golongan","12","MANAJER PELAYANAN BISNIS DAN ADMINISTRASI BISNIS","1","MANAJER","1 > 12 > 121","tidak","146"
"1211","1211","4","Subgolongan","121","MANAJER KEUANGAN","1","MANAJER","1 > 12 > 121 > 1211","tidak","147"
"1211.01","121101","6","Jabatan","1211","MANAJER ADMINISTRASI","1","MANAJER","1 > 12 > 121 > 1211 > 1211.01","tidak","147"
"1211.02","121102","6","Jabatan","1211","SEKRETARIS PERUSAHAAN","1","MANAJER","1 > 12 > 121 > 1211 > 1211.02","tidak","148"
"1211.03","121103","6","Jabatan","1211","MANAJER ADMINISTRASI KEUANGAN","1","MANAJER","1 > 12 > 121 > 1211 > 1211.03","tidak","148"
"1211.99","121199","6","Jabatan","1211","MANAJER KEUANGAN LAINNYA","1","MANAJER","1 > 12 > 121 > 1211 > 1211.99","ya","149"
"1212","1212","4","Subgolongan","121","MANAJER SUMBER DAYA MANUSIA","1","MANAJER","1 > 12 > 121 > 1212","tidak","149"
"1212.01","121201","6","Jabatan","1212","MANAJER HUBUNGAN INDUSTRIAL","1","MANAJER","1 > 12 > 121 > 1212 > 1212.01","tidak","149"
"1212.02","121202","6","Jabatan","1212","MANAJER PERSONALIA","1","MANAJER","1 > 12 > 121 > 1212 > 1212.02","tidak","150"
"1212.03","121203","6","Jabatan","1212","MANAJER PEREKRUTAN","1","MANAJER","1 > 12 > 121 > 1212 > 1212.03","tidak","150"
"1212.04","121204","6","Jabatan","1212","MANAJER KOMPENSASI DAN TUNJANGAN","1","MANAJER","1 > 12 > 121 > 1212 > 1212.04","tidak","151"
"1212.05","121205","6","Jabatan","1212","MANAJER PELATIHAN","1","MANAJER","1 > 12 > 121 > 1212 > 1212.05","tidak","151"
"1212.99","121299","6","Jabatan","1212","MANAJER SUMBER DAYA MANUSIA LAINNYA","1","MANAJER","1 > 12 > 121 > 1212 > 1212.99","ya","151"
"1213","1213","4","Subgolongan","121","MANAJER PERENCANAAN DAN KEBIJAKAN","1","MANAJER","1 > 12 > 121 > 1213","tidak","151"
"1213.01","121301","6","Jabatan","1213","MANAJER KEBIJAKAN","1","MANAJER","1 > 12 > 121 > 1213 > 1213.01","tidak","152"
"1213.02","121302","6","Jabatan","1213","MANAJER PERENCANAAN STRATEGIS","1","MANAJER","1 > 12 > 121 > 1213 > 1213.02","tidak","152"
"1213.03","121303","6","Jabatan","1213","MANAJER PERENCANAAN KORPORASI","1","MANAJER","1 > 12 > 121 > 1213 > 1213.03","tidak","153"
"1213.04","121304","6","Jabatan","1213","MANAJER MUTU","1","MANAJER","1 > 12 > 121 > 1213 > 1213.04","tidak","153"
"1213.99","121399","6","Jabatan","1213","MANAJER KEBIJAKAN DAN PERENCANAAN LAINNYA","1","MANAJER","1 > 12 > 121 > 1213 > 1213.99","ya","154"
"1219","1219","4","Subgolongan","121","MANAJER PELAYANAN BISNIS DAN ADMINISTRASI BISNIS YTDL","1","MANAJER","1 > 12 > 121 > 1219","ya","154"
"1219.01","121901","6","Jabatan","1219","MANAJER JASA ADMINISTRASI","1","MANAJER","1 > 12 > 121 > 1219 > 1219.01","tidak","154"
"1219.02","121902","6","Jabatan","1219","MANAJER JASA KEBERSIHAN","1","MANAJER","1 > 12 > 121 > 1219 > 1219.02","tidak","155"
"1219.03","121903","6","Jabatan","1219","MANAJER JASA PERUSAHAAN","1","MANAJER","1 > 12 > 121 > 1219 > 1219.03","tidak","155"
"1219.04","121904","6","Jabatan","1219","MANAJER SARANA DAN PRASARANA","1","MANAJER","1 > 12 > 121 > 1219 > 1219.04","tidak","155"
"1219.05","121905","6","Jabatan","1219","MANAJER KANTOR DEPAN (FRONT OFFICE MANAGER)","1","MANAJER","1 > 12 > 121 > 1219 > 1219.05","tidak","156"
"1219.06","121906","6","Jabatan","1219","MANAJER KEBERLANJUTAN (SUSTAINABILITY MANAGER)","1","MANAJER","1 > 12 > 121 > 1219 > 1219.06","tidak","156"
"1219.99","121999","6","Jabatan","1219","MANAJER PELAYANAN BISNIS DAN ADMINISTRASI BISNIS YTDL LAINNYA","1","MANAJER","1 > 12 > 121 > 1219 > 1219.99","ya","157"
"122","122","3","Golongan","12","MANAJER PENJUALAN, PEMASARAN, DAN PENGEMBANGAN USAHA","1","MANAJER","1 > 12 > 122","tidak","157"
"1221","1221","4","Subgolongan","122","MANAJER PENJUALAN DAN PEMASARAN","1","MANAJER","1 > 12 > 122 > 1221","tidak","157"
"1221.01","122101","6","Jabatan","1221","MANAJER PENJUALAN","1","MANAJER","1 > 12 > 122 > 1221 > 1221.01","tidak","158"
"1221.02","122102","6","Jabatan","1221","MANAJER PEMASARAN (UMUM)","1","MANAJER","1 > 12 > 122 > 1221 > 1221.02","tidak","158"
"1221.03","122103","6","Jabatan","1221","MANAJER PEMASARAN DIGITAL (DIGITAL MARKETING)","1","MANAJER","1 > 12 > 122 > 1221 > 1221.03","tidak","159"
"1221.04","122104","6","Jabatan","1221","MANAJER PENGALAMAN PELANGGAN (CUSTOMER EXPERIENCE)","1","MANAJER","1 > 12 > 122 > 1221 > 1221.04","tidak","159"
"1221.99","122199","6","Jabatan","1221","MANAJER PENJUALAN DAN PEMASARAN LAINNYA","1","MANAJER","1 > 12 > 122 > 1221 > 1221.99","ya","159"
"1222","1222","4","Subgolongan","122","MANAJER PERIKLANAN DAN HUBUNGAN MASYARAKAT","1","MANAJER","1 > 12 > 122 > 1222","tidak","159"
"1222.01","122201","6","Jabatan","1222","MANAJER PERIKLANAN","1","MANAJER","1 > 12 > 122 > 1222 > 1222.01","tidak","160"
"1222.02","122202","6","Jabatan","1222","MANAJER HUBUNGAN MASYARAKAT","1","MANAJER","1 > 12 > 122 > 1222 > 1222.02","tidak","160"
"1222.99","122299","6","Jabatan","1222","MANAJER PERIKLANAN DAN HUBUNGAN MASYARAKAT LAINNYA","1","MANAJER","1 > 12 > 122 > 1222 > 1222.99","ya","161"
"1223","1223","4","Subgolongan","122","MANAJER PENELITIAN DAN PENGEMBANGAN","1","MANAJER","1 > 12 > 122 > 1223","tidak","161"
"1223.01","122301","6","Jabatan","1223","MANAJER PENELITIAN","1","MANAJER","1 > 12 > 122 > 1223 > 1223.01","tidak","161"
"1223.02","122302","6","Jabatan","1223","MANAJER PENGEMBANGAN PRODUK","1","MANAJER","1 > 12 > 122 > 1223 > 1223.02","tidak","162"
"1223.03","122303","6","Jabatan","1223","KOORDINATOR PENELITIAN KLINIS","1","MANAJER","1 > 12 > 122 > 1223 > 1223.03","tidak","162"
"1223.04","122304","6","Jabatan","1223","MANAJER PENGEMBANGAN BISNIS","1","MANAJER","1 > 12 > 122 > 1223 > 1223.04","tidak","163"
"1223.05","122305","6","Jabatan","1223","MANAJER TEKNOLOGI DAN PENGEMBANGAN PRODUK BIOFUEL/BIODIESEL","1","MANAJER","1 > 12 > 122 > 1223 > 1223.05","tidak","163"
"1223.06","122306","6","Jabatan","1223","MANAJER ILMU PENGETAHUAN ALAM","1","MANAJER","1 > 12 > 122 > 1223 > 1223.06","tidak","163"
"1223.99","122399","6","Jabatan","1223","MANAJER PENELITIAN DAN PENGEMBANGAN LAINNYA","1","MANAJER","1 > 12 > 122 > 1223 > 1223.99","ya","164"
"13","13","2","Subgolongan pokok","1","MANAJER PRODUKSI DAN PELAYANAN KHUSUS","1","MANAJER","1 > 13","tidak","164"
"131","131","3","Golongan","13","MANAJER PRODUKSI PERTANIAN, KEHUTANAN, DAN PERIKANAN","1","MANAJER","1 > 13 > 131","tidak","165"
"1311","1311","4","Subgolongan","131","MANAJER PRODUKSI PERTANIAN DAN KEHUTANAN","1","MANAJER","1 > 13 > 131 > 1311","tidak","165"
"1311.01","131101","6","Jabatan","1311","MANAJER PERTANIAN TANAMAN PANGAN","1","MANAJER","1 > 13 > 131 > 1311 > 1311.01","tidak","166"
"1311.02","131102","6","Jabatan","1311","MANAJER PERTANIAN HORTIKULTURA","1","MANAJER","1 > 13 > 131 > 1311 > 1311.02","tidak","166"
"1311.03","131103","6","Jabatan","1311","MANAJER PERKEBUNAN","1","MANAJER","1 > 13 > 131 > 1311 > 1311.03","tidak","167"
"1311.04","131104","6","Jabatan","1311","MANAJER PETERNAKAN","1","MANAJER","1 > 13 > 131 > 1311 > 1311.04","tidak","167"
"1311.05","131105","6","Jabatan","1311","MANAJER KEHUTANAN","1","MANAJER","1 > 13 > 131 > 1311 > 1311.05","tidak","168"
"1311.06","131106","6","Jabatan","1311","KEPALA DEPARTEMEN KESEHATAN HEWAN (ANIMAL HEALTH)","1","MANAJER","1 > 13 > 131 > 1311 > 1311.06","tidak","168"
"1311.07","131107","6","Jabatan","1311","MANAJER PENANGKARAN TUMBUHAN","1","MANAJER","1 > 13 > 131 > 1311 > 1311.07","tidak","168"
"1311.08","131108","6","Jabatan","1311","KEPALA DEPARTEMEN KESEJAHTERAAN HEWAN (ANIMAL WELFARE)","1","MANAJER","1 > 13 > 131 > 1311 > 1311.08","tidak","169"
"1311.09","131109","6","Jabatan","1311","MANAJER PENANGKARAN BIOTA AIR","1","MANAJER","1 > 13 > 131 > 1311 > 1311.09","tidak","169"
"1311.10","131110","6","Jabatan","1311","MANAJER PENANGKARAN BURUNG","1","MANAJER","1 > 13 > 131 > 1311 > 1311.10","tidak","169"
"1311.11","131111","6","Jabatan","1311","MANAJER PENANGKARAN MAMALIA","1","MANAJER","1 > 13 > 131 > 1311 > 1311.11","tidak","170"
"1311.12","131112","6","Jabatan","1311","MANAJER PENANGKARAN SATWA LIAR","1","MANAJER","1 > 13 > 131 > 1311 > 1311.12","tidak","170"
"1311.13","131113","6","Jabatan","1311","MANAJER PENANGKARAN SERANGGA","1","MANAJER","1 > 13 > 131 > 1311 > 1311.13","tidak","170"
"1311.14","131114","6","Jabatan","1311","MANAJER PENGELOLAAN KONSERVASI AIR","1","MANAJER","1 > 13 > 131 > 1311 > 1311.14","tidak","171"
"1311.15","131115","6","Jabatan","1311","MANAJER PENGENDALIAN DAN PENANGGULANGAN KEBAKARAN HUTAN","1","MANAJER","1 > 13 > 131 > 1311 > 1311.15","tidak","171"
"1311.16","131116","6","Jabatan","1311","MANAJER PENANGKARAN REPTIL","1","MANAJER","1 > 13 > 131 > 1311 > 1311.16","tidak","171"
"1311.99","131199","6","Jabatan","1311","MANAJER PRODUKSI PERTANIAN DAN KEHUTANAN LAINNYA","1","MANAJER","1 > 13 > 131 > 1311 > 1311.99","ya","171"
"1312","1312","4","Subgolongan","131","MANAJER PRODUKSI PENANGKAPAN DAN BUDIDAYA IKAN","1","MANAJER","1 > 13 > 131 > 1312","tidak","172"
"1312.01","131201","6","Jabatan","1312","MANAJER PRODUKSI BUDIDAYA IKAN","1","MANAJER","1 > 13 > 131 > 1312 > 1312.01","tidak","172"
"1312.02","131202","6","Jabatan","1312","MANAJER OPERASIONAL PENANGKAPAN IKAN","1","MANAJER","1 > 13 > 131 > 1312 > 1312.02","tidak","173"
"1312.03","131203","6","Jabatan","1312","KAPTEN KAPAL PENANGKAP IKAN","1","MANAJER","1 > 13 > 131 > 1312 > 1312.03","tidak","173"
"1312.99","131299","6","Jabatan","1312","MANAJER PRODUKSI PENANGKAPAN DAN BUDIDAYA IKAN LAINNYA","1","MANAJER","1 > 13 > 131 > 1312 > 1312.99","ya","174"
"132","132","3","Golongan","13","MANAJER MANUFAKTUR, PERTAMBANGAN, KONSTRUKSI, DAN DISTRIBUSI","1","MANAJER","1 > 13 > 132","tidak","174"
"1321","1321","4","Subgolongan","132","MANAJER MANUFAKTUR","1","MANAJER","1 > 13 > 132 > 1321","tidak","174"
"1321.01","132101","6","Jabatan","1321","MANAJER UMUM INDUSTRI PENGOLAHAN","1","MANAJER","1 > 13 > 132 > 1321 > 1321.01","tidak","175"
"1321.02","132102","6","Jabatan","1321","MANAJER PRODUKSI DAN OPERASIONAL INDUSTRI PENGOLAHAN","1","MANAJER","1 > 13 > 132 > 1321 > 1321.02","tidak","175"
"1321.03","132103","6","Jabatan","1321","MANAJER PEMBANGKITAN LISTRIK","1","MANAJER","1 > 13 > 132 > 1321 > 1321.03","tidak","176"
"1321.04","132104","6","Jabatan","1321","MANAJER PROYEK EKONOMI SIRKULAR","1","MANAJER","1 > 13 > 132 > 1321 > 1321.04","tidak","176"
"1321.05","132105","6","Jabatan","1321","MANAJER SISTEM PENGENDALIAN KUALITAS","1","MANAJER","1 > 13 > 132 > 1321 > 1321.05","tidak","176"
"1321.99","132199","6","Jabatan","1321","MANAJER MANUFAKTUR LAINNYA","1","MANAJER","1 > 13 > 132 > 1321 > 1321.99","ya","176"
"1322","1322","4","Subgolongan","132","MANAJER PERTAMBANGAN DAN PENGGALIAN","1","MANAJER","1 > 13 > 132 > 1322","tidak","177"
"1322.01","132201","6","Jabatan","1322","MANAJER UMUM PERTAMBANGAN DAN PENGGALIAN","1","MANAJER","1 > 13 > 132 > 1322 > 1322.01","tidak","177"
"1322.02","132202","6","Jabatan","1322","MANAJER PRODUKSI PERTAMBANGAN","1","MANAJER","1 > 13 > 132 > 1322 > 1322.02","tidak","177"
"1322.03","132203","6","Jabatan","1322","MANAJER PRODUKSI EKSTRAKSI MINYAK DAN GAS","1","MANAJER","1 > 13 > 132 > 1322 > 1322.03","tidak","178"
"1322.04","132204","6","Jabatan","1322","MANAJER PRODUKSI PENGGALIAN","1","MANAJER","1 > 13 > 132 > 1322 > 1322.04","tidak","178"
"1322.99","132299","6","Jabatan","1322","MANAJER PERTAMBANGAN DAN PENGGALIAN LAINNYA","1","MANAJER","1 > 13 > 132 > 1322 > 1322.99","ya","178"
"1323","1323","4","Subgolongan","132","MANAJER KONSTRUKSI","1","MANAJER","1 > 13 > 132 > 1323","tidak","179"
"1323.01","132301","6","Jabatan","1323","MANAJER PROYEK KONSTRUKSI BANGUNAN SIPIL","1","MANAJER","1 > 13 > 132 > 1323 > 1323.01","tidak","179"
"1323.02","132302","6","Jabatan","1323","MANAJER PROYEK KONSTRUKSI BANGUNAN DAN TEMPAT TINGGAL","1","MANAJER","1 > 13 > 132 > 1323 > 1323.02","tidak","179"
"1323.99","132399","6","Jabatan","1323","MANAJER KONSTRUKSI LAINNYA","1","MANAJER","1 > 13 > 132 > 1323 > 1323.99","ya","180"
"1324","1324","4","Subgolongan","132","MANAJER PENGADAAN, DISTRIBUSI, DAN YBDI","1","MANAJER","1 > 13 > 132 > 1324","tidak","180"
"1324.01","132401","6","Jabatan","1324","MANAJER LOGISTIK","1","MANAJER","1 > 13 > 132 > 1324 > 1324.01","tidak","180"
"1324.02","132402","6","Jabatan","1324","MANAJER PENGADAAN DAN DISTRIBUSI","1","MANAJER","1 > 13 > 132 > 1324 > 1324.02","tidak","181"
"1324.03","132403","6","Jabatan","1324","MANAJER RANTAI PASOKAN","1","MANAJER","1 > 13 > 132 > 1324 > 1324.03","tidak","181"
"1324.04","132404","6","Jabatan","1324","MANAJER GUDANG","1","MANAJER","1 > 13 > 132 > 1324 > 1324.04","tidak","182"
"1324.05","132405","6","Jabatan","1324","MANAJER PERUSAHAAN ANGKUTAN","1","MANAJER","1 > 13 > 132 > 1324 > 1324.05","tidak","182"
"1324.06","132406","6","Jabatan","1324","KEPALA STASIUN KERETA","1","MANAJER","1 > 13 > 132 > 1324 > 1324.06","tidak","182"
"1324.07","132407","6","Jabatan","1324","KEPALA TERMINAL BUS","1","MANAJER","1 > 13 > 132 > 1324 > 1324.07","tidak","183"
"1324.08","132408","6","Jabatan","1324","KEPALA ANGKUTAN SUNGAI, DANAU, DAN PENYEBERANGAN (ASDP)","1","MANAJER","1 > 13 > 132 > 1324 > 1324.08","tidak","183"
"1324.09","132409","6","Jabatan","1324","KEPALA PELABUHAN LAUT","1","MANAJER","1 > 13 > 132 > 1324 > 1324.09","tidak","183"
"1324.10","132410","6","Jabatan","1324","KEPALA BANDAR UDARA","1","MANAJER","1 > 13 > 132 > 1324 > 1324.10","tidak","184"
"1324.11","132411","6","Jabatan","1324","MANAJER POS","1","MANAJER","1 > 13 > 132 > 1324 > 1324.11","tidak","184"
"1324.99","132499","6","Jabatan","1324","MANAJER PENGADAAN, DISTRIBUSI, DAN YBDI LAINNYA","1","MANAJER","1 > 13 > 132 > 1324 > 1324.99","ya","184"
"133","133","3","Golongan","13","MANAJER LAYANAN TEKNOLOGI INFORMASI DAN KOMUNIKASI","1","MANAJER","1 > 13 > 133","tidak","185"
"1330","1330","4","Subgolongan","133","MANAJER LAYANAN TEKNOLOGI INFORMASI DAN KOMUNIKASI","1","MANAJER","1 > 13 > 133 > 1330","tidak","185"
"1330.01","133001","6","Jabatan","1330","MANAJER PENGEMBANGAN APLIKASI TEKNOLOGI INFORMASI DAN KOMUNIKASI","1","MANAJER","1 > 13 > 133 > 1330 > 1330.01","tidak","186"
"1330.02","133002","6","Jabatan","1330","MANAJER TEKNOLOGI INFORMASI","1","MANAJER","1 > 13 > 133 > 1330 > 1330.02","tidak","186"
"1330.03","133003","6","Jabatan","1330","MANAJER OPERASI DATA","1","MANAJER","1 > 13 > 133 > 1330 > 1330.03","tidak","186"
"1330.04","133004","6","Jabatan","1330","MANAJER PENGOLAHAN DATA","1","MANAJER","1 > 13 > 133 > 1330 > 1330.04","tidak","186"
"1330.05","133005","6","Jabatan","1330","MANAJER PENGEMBANGAN TEKNOLOGI INFORMASI DAN KOMUNIKASI","1","MANAJER","1 > 13 > 133 > 1330 > 1330.05","tidak","187"
"1330.06","133006","6","Jabatan","1330","MANAJER SISTEM INFORMASI","1","MANAJER","1 > 13 > 133 > 1330 > 1330.06","tidak","187"
"1330.07","133007","6","Jabatan","1330","MANAJER PENYEDIA JASA INTERNET (INTERNET SERVICE PROVIDER/ISP)","1","MANAJER","1 > 13 > 133 > 1330 > 1330.07","tidak","187"
"1330.08","133008","6","Jabatan","1330","MANAJER JARINGAN","1","MANAJER","1 > 13 > 133 > 1330 > 1330.08","tidak","188"
"1330.09","133009","6","Jabatan","1330","MANAJER TELEKOMUNIKASI","1","MANAJER","1 > 13 > 133 > 1330 > 1330.09","tidak","188"
"1330.10","133010","6","Jabatan","1330","MANAJER KEAMANAN INFORMASI DAN KEAMANAN SIBER","1","MANAJER","1 > 13 > 133 > 1330 > 1330.10","tidak","189"
"1330.11","133011","6","Jabatan","1330","DIREKTUR KEAMANAN INFORMASI","1","MANAJER","1 > 13 > 133 > 1330 > 1330.11","tidak","189"
"1330.99","133099","6","Jabatan","1330","MANAJER LAYANAN TEKNOLOGI INFORMASI DAN KOMUNIKASI LAINNYA","1","MANAJER","1 > 13 > 133 > 1330 > 1330.99","ya","190"
"134","134","3","Golongan","13","MANAJER JASA PROFESIONAL","1","MANAJER","1 > 13 > 134","tidak","190"
"1341","1341","4","Subgolongan","134","MANAJER JASA PENITIPAN ANAK","1","MANAJER","1 > 13 > 134 > 1341","tidak","190"
"1341.00","134100","6","Jabatan","1341","MANAJER JASA PENITIPAN ANAK","1","MANAJER","1 > 13 > 134 > 1341 > 1341.00","tidak","191"
"1342","1342","4","Subgolongan","134","MANAJER JASA KESEHATAN","1","MANAJER","1 > 13 > 134 > 1342","tidak","191"
"1342.01","134201","6","Jabatan","1342","DIREKTUR KLINIS","1","MANAJER","1 > 13 > 134 > 1342 > 1342.01","tidak","192"
"1342.02","134202","6","Jabatan","1342","KOORDINATOR KESEHATAN MASYARAKAT","1","MANAJER","1 > 13 > 134 > 1342 > 1342.02","tidak","192"
"1342.03","134203","6","Jabatan","1342","DIREKTUR KEPERAWATAN","1","MANAJER","1 > 13 > 134 > 1342 > 1342.03","tidak","193"
"1342.04","134204","6","Jabatan","1342","KEPALA BIDANG PELAYANAN KESEHATAN","1","MANAJER","1 > 13 > 134 > 1342 > 1342.04","tidak","193"
"1342.05","134205","6","Jabatan","1342","ADMINISTRATOR KESEHATAN","1","MANAJER","1 > 13 > 134 > 1342 > 1342.05","tidak","193"
"1342.06","134206","6","Jabatan","1342","MANAJER KASUS PERAWATAN","1","MANAJER","1 > 13 > 134 > 1342 > 1342.06","tidak","194"
"1342.99","134299","6","Jabatan","1342","MANAJER JASA KESEHATAN LAINNYA","1","MANAJER","1 > 13 > 134 > 1342 > 1342.99","ya","194"
"1343","1343","4","Subgolongan","134","MANAJER JASA PERAWATAN LANJUT USIA","1","MANAJER","1 > 13 > 134 > 1343","tidak","194"
"1343.01","134301","6","Jabatan","1343","DIREKTUR RUMAH PERAWATAN LANJUT USIA","1","MANAJER","1 > 13 > 134 > 1343 > 1343.01","tidak","195"
"1343.02","134302","6","Jabatan","1343","KOORDINATOR KOMUNITAS PERAWATAN LANJUT USIA","1","MANAJER","1 > 13 > 134 > 1343 > 1343.02","tidak","195"
"1343.03","134303","6","Jabatan","1343","DIREKTUR RUMAH PERAWATAN INTENSIF LANJUT USIA","1","MANAJER","1 > 13 > 134 > 1343 > 1343.03","tidak","195"
"1343.04","134304","6","Jabatan","1343","KOORDINATOR PERKAMPUNGAN PENSIUN","1","MANAJER","1 > 13 > 134 > 1343 > 1343.04","tidak","196"
"1343.05","134305","6","Jabatan","1343","KOORDINATOR PERAWATAN RESIDENSIAL","1","MANAJER","1 > 13 > 134 > 1343 > 1343.05","tidak","196"
"1343.06","134306","6","Jabatan","1343","SUPERVISOR PERAWATAN LANJUT USIA","1","MANAJER","1 > 13 > 134 > 1343 > 1343.06","tidak","197"
"1343.07","134307","6","Jabatan","1343","MANAJER PERAWATAN JANGKA PANJANG","1","MANAJER","1 > 13 > 134 > 1343 > 1343.07","tidak","197"
"1343.99","134399","6","Jabatan","1343","MANAJER JASA PERAWATAN LANJUT USIA LAINNYA","1","MANAJER","1 > 13 > 134 > 1343 > 1343.99","ya","197"
"1344","1344","4","Subgolongan","134","MANAJER KESEJAHTERAAN SOSIAL","1","MANAJER","1 > 13 > 134 > 1344","tidak","197"
"1344.01","134401","6","Jabatan","1344","MANAJER PUSAT KOMUNITAS MASYARAKAT","1","MANAJER","1 > 13 > 134 > 1344 > 1344.01","tidak","198"
"1344.02","134402","6","Jabatan","1344","MANAJER PELAYANAN KELUARGA","1","MANAJER","1 > 13 > 134 > 1344 > 1344.02","tidak","198"
"1344.03","134403","6","Jabatan","1344","MANAJER JASA PERUMAHAN","1","MANAJER","1 > 13 > 134 > 1344 > 1344.03","tidak","199"
"1344.04","134404","6","Jabatan","1344","MANAJER PUSAT KESEJAHTERAAN","1","MANAJER","1 > 13 > 134 > 1344 > 1344.04","tidak","199"
"1344.99","134499","6","Jabatan","1344","MANAJER KESEJAHTERAAN SOSIAL LAINNYA","1","MANAJER","1 > 13 > 134 > 1344 > 1344.99","ya","200"
"1345","1345","4","Subgolongan","134","MANAJER PENDIDIKAN","1","MANAJER","1 > 13 > 134 > 1345","tidak","200"
"1345.01","134501","6","Jabatan","1345","REKTOR","1","MANAJER","1 > 13 > 134 > 1345 > 1345.01","tidak","200"
"1345.02","134502","6","Jabatan","1345","DEKAN","1","MANAJER","1 > 13 > 134 > 1345 > 1345.02","tidak","201"
"1345.03","134503","6","Jabatan","1345","KEPALA SEKOLAH MENENGAH ATAS DAN SEDERAJAT","1","MANAJER","1 > 13 > 134 > 1345 > 1345.03","tidak","201"
"1345.04","134504","6","Jabatan","1345","KEPALA SEKOLAH MENENGAH PERTAMA DAN SEDERAJAT","1","MANAJER","1 > 13 > 134 > 1345 > 1345.04","tidak","201"
"1345.05","134505","6","Jabatan","1345","KEPALA SEKOLAH DASAR DAN SEDERAJAT","1","MANAJER","1 > 13 > 134 > 1345 > 1345.05","tidak","202"
"1345.06","134506","6","Jabatan","1345","KEPALA SEKOLAH TAMAN KANAK-KANAK DAN SEDERAJAT","1","MANAJER","1 > 13 > 134 > 1345 > 1345.06","tidak","202"
"1345.07","134507","6","Jabatan","1345","KEPALA SEKOLAH KELOMPOK BERMAIN/PENDIDIKAN ANAK USIA DINI","1","MANAJER","1 > 13 > 134 > 1345 > 1345.07","tidak","203"
"1345.08","134508","6","Jabatan","1345","MANAJER LEMBAGA BIMBINGAN BELAJAR","1","MANAJER","1 > 13 > 134 > 1345 > 1345.08","tidak","203"
"1345.09","134509","6","Jabatan","1345","MANAJER LEMBAGA PENDIDIKAN BAHASA","1","MANAJER","1 > 13 > 134 > 1345 > 1345.09","tidak","203"
"1345.10","134510","6","Jabatan","1345","MANAJER LEMBAGA PENDIDIKAN MATEMATIKA","1","MANAJER","1 > 13 > 134 > 1345 > 1345.10","tidak","204"
"1345.11","134511","6","Jabatan","1345","MANAJER LEMBAGA PENDIDIKAN KOMPUTER","1","MANAJER","1 > 13 > 134 > 1345 > 1345.11","tidak","204"
"1345.12","134512","6","Jabatan","1345","MANAJER LEMBAGA PENDIDIKAN MANAJEMEN DAN PERBANKAN","1","MANAJER","1 > 13 > 134 > 1345 > 1345.12","tidak","204"
"1345.13","134513","6","Jabatan","1345","MANAJER LEMBAGA PENDIDIKAN BUDAYA","1","MANAJER","1 > 13 > 134 > 1345 > 1345.13","tidak","205"
"1345.14","134514","6","Jabatan","1345","KETUA JURUSAN/PROGRAM STUDI","1","MANAJER","1 > 13 > 134 > 1345 > 1345.14","tidak","205"
"1345.99","134599","6","Jabatan","1345","MANAJER PENDIDIKAN LAINNYA","1","MANAJER","1 > 13 > 134 > 1345 > 1345.99","ya","205"
"1346","1346","4","Subgolongan","134","MANAJER JASA KEUANGAN DAN ASURANSI","1","MANAJER","1 > 13 > 134 > 1346","tidak","205"
"1346.01","134601","6","Jabatan","1346","MANAJER BANK","1","MANAJER","1 > 13 > 134 > 1346 > 1346.01","tidak","206"
"1346.02","134602","6","Jabatan","1346","MANAJER LEMBAGA PERKREDITAN","1","MANAJER","1 > 13 > 134 > 1346 > 1346.02","tidak","206"
"1346.03","134603","6","Jabatan","1346","MANAJER KOPERASI","1","MANAJER","1 > 13 > 134 > 1346 > 1346.03","tidak","206"
"1346.04","134604","6","Jabatan","1346","MANAJER INVESTASI","1","MANAJER","1 > 13 > 134 > 1346 > 1346.04","tidak","207"
"1346.05","134605","6","Jabatan","1346","MANAJER LEMBAGA ASURANSI","1","MANAJER","1 > 13 > 134 > 1346 > 1346.05","tidak","207"
"1346.06","134606","6","Jabatan","1346","MANAJER DANA PENSIUN","1","MANAJER","1 > 13 > 134 > 1346 > 1346.06","tidak","207"
"1346.07","134607","6","Jabatan","1346","MANAJER PEGADAIAN","1","MANAJER","1 > 13 > 134 > 1346 > 1346.07","tidak","208"
"1346.99","134699","6","Jabatan","1346","MANAJER JASA KEUANGAN DAN ASURANSI LAINNYA","1","MANAJER","1 > 13 > 134 > 1346 > 1346.99","ya","208"
"1349","1349","4","Subgolongan","134","MANAJER JASA PROFESIONAL LAINNYA","1","MANAJER","1 > 13 > 134 > 1349","ya","208"
"1349.01","134901","6","Jabatan","1349","MANAJER ARSIP","1","MANAJER","1 > 13 > 134 > 1349 > 1349.01","tidak","209"
"1349.02","134902","6","Jabatan","1349","MANAJER GALERI SENI","1","MANAJER","1 > 13 > 134 > 1349 > 1349.02","tidak","209"
"1349.03","134903","6","Jabatan","1349","MANAJER PERPUSTAKAAN","1","MANAJER","1 > 13 > 134 > 1349 > 1349.03","tidak","210"
"1349.04","134904","6","Jabatan","1349","MANAJER MUSEUM","1","MANAJER","1 > 13 > 134 > 1349 > 1349.04","tidak","210"
"1349.05","134905","6","Jabatan","1349","MANAJER LAYANAN HUKUM","1","MANAJER","1 > 13 > 134 > 1349 > 1349.05","tidak","211"
"1349.06","134906","6","Jabatan","1349","KEPALA LEMBAGA PEMASYARAKATAN","1","MANAJER","1 > 13 > 134 > 1349 > 1349.06","tidak","211"
"1349.99","134999","6","Jabatan","1349","MANAJER JASA PROFESIONAL LAINNYA YTDL","1","MANAJER","1 > 13 > 134 > 1349 > 1349.99","ya","212"
"14","14","2","Subgolongan pokok","1","MANAJER JASA PERHOTELAN, PERDAGANGAN, DAN JASA LAINNYA","1","MANAJER","1 > 14","tidak","212"
"141","141","3","Golongan","14","MANAJER HOTEL DAN PENYEDIAAN MAKANAN DAN MINUMAN","1","MANAJER","1 > 14 > 141","tidak","212"
"1411","1411","4","Subgolongan","141","MANAJER HOTEL","1","MANAJER","1 > 14 > 141 > 1411","tidak","213"
"1411.01","141101","6","Jabatan","1411","MANAJER HOTEL BINTANG","1","MANAJER","1 > 14 > 141 > 1411 > 1411.01","tidak","213"
"1411.02","141102","6","Jabatan","1411","MANAJER HOTEL MELATI, MOTEL, DAN WISMA","1","MANAJER","1 > 14 > 141 > 1411 > 1411.02","tidak","214"
"1411.03","141103","6","Jabatan","1411","MANAJER PENGINAPAN REMAJA","1","MANAJER","1 > 14 > 141 > 1411 > 1411.03","tidak","214"
"1411.04","141104","6","Jabatan","1411","MANAJER APARTEMEN HOTEL","1","MANAJER","1 > 14 > 141 > 1411 > 1411.04","tidak","214"
"1411.05","141105","6","Jabatan","1411","MANAJER PENATU","1","MANAJER","1 > 14 > 141 > 1411 > 1411.05","tidak","215"
"1411.99","141199","6","Jabatan","1411","MANAJER HOTEL LAINNYA","1","MANAJER","1 > 14 > 141 > 1411 > 1411.99","ya","215"
"1412","1412","4","Subgolongan","141","MANAJER PENYEDIAAN MAKANAN DAN MINUMAN","1","MANAJER","1 > 14 > 141 > 1412","tidak","215"
"1412.01","141201","6","Jabatan","1412","MANAJER RESTORAN","1","MANAJER","1 > 14 > 141 > 1412 > 1412.01","tidak","215"
"1412.02","141202","6","Jabatan","1412","MANAJER WARUNG MAKAN","1","MANAJER","1 > 14 > 141 > 1412 > 1412.02","tidak","216"
"1412.03","141203","6","Jabatan","1412","MANAJER KATERING","1","MANAJER","1 > 14 > 141 > 1412 > 1412.03","tidak","216"
"1412.04","141204","6","Jabatan","1412","MANAJER KAFE","1","MANAJER","1 > 14 > 141 > 1412 > 1412.04","tidak","217"
"1412.05","141205","6","Jabatan","1412","MANAJER KEDAI KOPI","1","MANAJER","1 > 14 > 141 > 1412 > 1412.05","tidak","217"
"1412.99","141299","6","Jabatan","1412","MANAJER PENYEDIAAN MAKANAN DAN MINUMAN LAINNYA","1","MANAJER","1 > 14 > 141 > 1412 > 1412.99","ya","217"
"142","142","3","Golongan","14","MANAJER PERDAGANGAN BESAR DAN ECERAN","1","MANAJER","1 > 14 > 142","tidak","217"
"1420","1420","4","Subgolongan","142","MANAJER PERDAGANGAN BESAR DAN ECERAN","1","MANAJER","1 > 14 > 142 > 1420","tidak","218"
"1420.01","142001","6","Jabatan","1420","MANAJER PERDAGANGAN BESAR","1","MANAJER","1 > 14 > 142 > 1420 > 1420.01","tidak","218"
"1420.02","142002","6","Jabatan","1420","MANAJER SUPERMARKET/MINIMARKET","1","MANAJER","1 > 14 > 142 > 1420 > 1420.02","tidak","219"
"1420.03","142003","6","Jabatan","1420","MANAJER TOKO","1","MANAJER","1 > 14 > 142 > 1420 > 1420.03","tidak","219"
"1420.04","142004","6","Jabatan","1420","MANAJER DEPARTMENT STORE","1","MANAJER","1 > 14 > 142 > 1420 > 1420.04","tidak","219"
"1420.99","142099","6","Jabatan","1420","MANAJER PERDAGANGAN BESAR DAN ECERAN LAINNYA","1","MANAJER","1 > 14 > 142 > 1420 > 1420.99","ya","220"
"143","143","3","Golongan","14","MANAJER JASA LAINNYA","1","MANAJER","1 > 14 > 143","tidak","220"
"1431","1431","4","Subgolongan","143","MANAJER PUSAT OLAHRAGA, REKREASI, DAN BUDAYA","1","MANAJER","1 > 14 > 143 > 1431","tidak","220"
"1431.01","143101","6","Jabatan","1431","MANAJER TAMAN HIBURAN/REKREASI","1","MANAJER","1 > 14 > 143 > 1431 > 1431.01","tidak","221"
"1431.02","143102","6","Jabatan","1431","MANAJER RUMAH BILIAR","1","MANAJER","1 > 14 > 143 > 1431 > 1431.02","tidak","221"
"1431.03","143103","6","Jabatan","1431","MANAJER BIOSKOP","1","MANAJER","1 > 14 > 143 > 1431 > 1431.03","tidak","221"
"1431.04","143104","6","Jabatan","1431","MANAJER TEATER","1","MANAJER","1 > 14 > 143 > 1431 > 1431.04","tidak","221"
"1431.05","143105","6","Jabatan","1431","MANAJER PUSAT OLAHRAGA ATAU KEBUGARAN","1","MANAJER","1 > 14 > 143 > 1431 > 1431.05","tidak","222"
"1431.06","143106","6","Jabatan","1431","MANAJER SEKOLAH MENGEMUDI","1","MANAJER","1 > 14 > 143 > 1431 > 1431.06","tidak","222"
"1431.07","143107","6","Jabatan","1431","MANAJER KLUB OLAHRAGA","1","MANAJER","1 > 14 > 143 > 1431 > 1431.07","tidak","222"
"1431.08","143108","6","Jabatan","1431","MANAJER SPA","1","MANAJER","1 > 14 > 143 > 1431 > 1431.08","tidak","222"
"1431.99","143199","6","Jabatan","1431","MANAJER PUSAT OLAHRAGA, REKREASI DAN BUDAYA LAINNYA","1","MANAJER","1 > 14 > 143 > 1431 > 1431.99","ya","223"
"1439","1439","4","Subgolongan","143","MANAJER JASA LAINNYA YTDL","1","MANAJER","1 > 14 > 143 > 1439","ya","223"
"1439.01","143901","6","Jabatan","1439","MANAJER AGEN PERJALANAN","1","MANAJER","1 > 14 > 143 > 1439 > 1439.01","tidak","224"
"1439.02","143902","6","Jabatan","1439","MANAJER ACARA DAN PUSAT KONFERENSI","1","MANAJER","1 > 14 > 143 > 1439 > 1439.02","tidak","224"
"1439.03","143903","6","Jabatan","1439","MANAJER PUSAT PERBELANJAAN","1","MANAJER","1 > 14 > 143 > 1439 > 1439.03","tidak","224"
"1439.04","143904","6","Jabatan","1439","MANAJER BUMI PERKEMAHAN","1","MANAJER","1 > 14 > 143 > 1439 > 1439.04","tidak","225"
"1439.05","143905","6","Jabatan","1439","MANAJER PONDOK WISATA","1","MANAJER","1 > 14 > 143 > 1439 > 1439.05","tidak","225"
"1439.06","143906","6","Jabatan","1439","MANAJER VILA","1","MANAJER","1 > 14 > 143 > 1439 > 1439.06","tidak","225"
"1439.07","143907","6","Jabatan","1439","MANAJER RUMAH KOS","1","MANAJER","1 > 14 > 143 > 1439 > 1439.07","tidak","226"
"1439.08","143908","6","Jabatan","1439","MANAJER PUSAT INFORMASI","1","MANAJER","1 > 14 > 143 > 1439 > 1439.08","tidak","226"
"1439.09","143909","6","Jabatan","1439","KOORDINATOR OPERASIONAL DESA WISATA","1","MANAJER","1 > 14 > 143 > 1439 > 1439.09","tidak","226"
"1439.10","143910","6","Jabatan","1439","MANAJER PEMANDU GEOWISATA KAWASAN","1","MANAJER","1 > 14 > 143 > 1439 > 1439.10","tidak","226"
"1439.99","143999","6","Jabatan","1439","MANAJER JASA LAINNYA YTDL","1","MANAJER","1 > 14 > 143 > 1439 > 1439.99","ya","227"
"2","2","1","Golongan pokok","","PROFESIONAL","2","PROFESIONAL","2","tidak","231"
"21","21","2","Subgolongan pokok","2","AHLI ILMU PENGETAHUAN DAN TEKNIK","2","PROFESIONAL","2 > 21","tidak","231"
"211","211","3","Golongan","21","AHLI FISIKA DAN ILMU BUMI","2","PROFESIONAL","2 > 21 > 211","tidak","232"
"2111","2111","4","Subgolongan","211","AHLI FISIKA DAN ASTRONOMI","2","PROFESIONAL","2 > 21 > 211 > 2111","tidak","233"
"2111.01","211101","6","Jabatan","2111","AHLI FISIKA (UMUM)","2","PROFESIONAL","2 > 21 > 211 > 2111 > 2111.01","tidak","234"
"2111.02","211102","6","Jabatan","2111","AHLI FISIKA NUKLIR","2","PROFESIONAL","2 > 21 > 211 > 2111 > 2111.02","tidak","234"
"2111.03","211103","6","Jabatan","2111","AHLI FISIKA MEKANIKA","2","PROFESIONAL","2 > 21 > 211 > 2111 > 2111.03","tidak","235"
"2111.04","211104","6","Jabatan","2111","AHLI FISIKA PANAS","2","PROFESIONAL","2 > 21 > 211 > 2111 > 2111.04","tidak","235"
"2111.05","211105","6","Jabatan","2111","AHLI FISIKA SINAR","2","PROFESIONAL","2 > 21 > 211 > 2111 > 2111.05","tidak","235"
"2111.06","211106","6","Jabatan","2111","AHLI FISIKA SUARA","2","PROFESIONAL","2 > 21 > 211 > 2111 > 2111.06","tidak","235"
"2111.07","211107","6","Jabatan","2111","AHLI FISIKA LISTRIK DAN MAGNET","2","PROFESIONAL","2 > 21 > 211 > 2111 > 2111.07","tidak","236"
"2111.08","211108","6","Jabatan","2111","AHLI FISIKA ELEKTRONIKA","2","PROFESIONAL","2 > 21 > 211 > 2111 > 2111.08","tidak","236"
"2111.09","211109","6","Jabatan","2111","AHLI FISIKA MEDIS","2","PROFESIONAL","2 > 21 > 211 > 2111 > 2111.09","tidak","236"
"2111.10","211110","6","Jabatan","2111","AHLI ASTRONOMI","2","PROFESIONAL","2 > 21 > 211 > 2111 > 2111.10","tidak","237"
"2111.99","211199","6","Jabatan","2111","AHLI FISIKA DAN ASTRONOMI LAINNYA","2","PROFESIONAL","2 > 21 > 211 > 2111 > 2111.99","ya","237"
"2112","2112","4","Subgolongan","211","AHLI METEOROLOGI DAN KLIMATOLOGI","2","PROFESIONAL","2 > 21 > 211 > 2112","tidak","237"
"2112.01","211201","6","Jabatan","2112","AHLI METEOROLOGI (UMUM)","2","PROFESIONAL","2 > 21 > 211 > 2112 > 2112.01","tidak","238"
"2112.02","211202","6","Jabatan","2112","AHLI KLIMATOLOGI","2","PROFESIONAL","2 > 21 > 211 > 2112 > 2112.02","tidak","238"
"2112.03","211203","6","Jabatan","2112","AHLI PRAKIRAAN CUACA","2","PROFESIONAL","2 > 21 > 211 > 2112 > 2112.03","tidak","239"
"2112.04","211204","6","Jabatan","2112","AHLI HIDROMETEOROLOGI","2","PROFESIONAL","2 > 21 > 211 > 2112 > 2112.04","tidak","239"
"2112.99","211299","6","Jabatan","2112","AHLI METEOROLOGI DAN KLIMATOLOGI LAINNYA","2","PROFESIONAL","2 > 21 > 211 > 2112 > 2112.99","ya","239"
"2113","2113","4","Subgolongan","211","AHLI KIMIA","2","PROFESIONAL","2 > 21 > 211 > 2113","tidak","239"
"2113.01","211301","6","Jabatan","2113","AHLI KIMIA (UMUM)","2","PROFESIONAL","2 > 21 > 211 > 2113 > 2113.01","tidak","240"
"2113.02","211302","6","Jabatan","2113","AHLI KIMIA ORGANIK","2","PROFESIONAL","2 > 21 > 211 > 2113 > 2113.02","tidak","240"
"2113.03","211303","6","Jabatan","2113","AHLI KIMIA ANORGANIK","2","PROFESIONAL","2 > 21 > 211 > 2113 > 2113.03","tidak","240"
"2113.04","211304","6","Jabatan","2113","AHLI KIMIA FISIKA","2","PROFESIONAL","2 > 21 > 211 > 2113 > 2113.04","tidak","240"
"2113.05","211305","6","Jabatan","2113","AHLI KIMIA ANALITIK","2","PROFESIONAL","2 > 21 > 211 > 2113 > 2113.05","tidak","241"
"2113.06","211306","6","Jabatan","2113","ILMUWAN MATERIAL","2","PROFESIONAL","2 > 21 > 211 > 2113 > 2113.06","tidak","241"
"2113.99","211399","6","Jabatan","2113","AHLI KIMIA LAINNYA","2","PROFESIONAL","2 > 21 > 211 > 2113 > 2113.99","ya","241"
"2114","2114","4","Subgolongan","211","AHLI GEOLOGI DAN GEOFISIKA","2","PROFESIONAL","2 > 21 > 211 > 2114","tidak","242"
"2114.01","211401","6","Jabatan","2114","AHLI GEOLOGI (UMUM)","2","PROFESIONAL","2 > 21 > 211 > 2114 > 2114.01","tidak","242"
"2114.02","211402","6","Jabatan","2114","AHLI GEOLOGI KELAUTAN","2","PROFESIONAL","2 > 21 > 211 > 2114 > 2114.02","tidak","243"
"2114.03","211403","6","Jabatan","2114","AHLI GEOLOGI PERTAMBANGAN","2","PROFESIONAL","2 > 21 > 211 > 2114 > 2114.03","tidak","243"
"2114.04","211404","6","Jabatan","2114","AHLI GEOFISIKA (UMUM)","2","PROFESIONAL","2 > 21 > 211 > 2114 > 2114.04","tidak","244"
"2114.05","211405","6","Jabatan","2114","AHLI GEOFISIKA KELAUTAN","2","PROFESIONAL","2 > 21 > 211 > 2114 > 2114.05","tidak","244"
"2114.06","211406","6","Jabatan","2114","AHLI HIDROLOGI","2","PROFESIONAL","2 > 21 > 211 > 2114 > 2114.06","tidak","244"
"2114.07","211407","6","Jabatan","2114","AHLI PANAS BUMI","2","PROFESIONAL","2 > 21 > 211 > 2114 > 2114.07","tidak","245"
"2114.99","211499","6","Jabatan","2114","AHLI GEOLOGI DAN GEOFISIKA LAINNYA","2","PROFESIONAL","2 > 21 > 211 > 2114 > 2114.99","ya","245"
"212","212","3","Golongan","21","AHLI MATEMATIKA, AKTUARIA, DAN STATISTIKA","2","PROFESIONAL","2 > 21 > 212","tidak","245"
"2120","2120","4","Subgolongan","212","AHLI MATEMATIKA, AKTUARIA, DAN STATISTIKA","2","PROFESIONAL","2 > 21 > 212 > 2120","tidak","246"
"2120.01","212001","6","Jabatan","2120","AHLI MATEMATIKA MURNI","2","PROFESIONAL","2 > 21 > 212 > 2120 > 2120.01","tidak","247"
"2120.02","212002","6","Jabatan","2120","AHLI MATEMATIKA TERAPAN","2","PROFESIONAL","2 > 21 > 212 > 2120 > 2120.02","tidak","247"
"2120.03","212003","6","Jabatan","2120","AHLI ANALISIS RISET OPERASI (QUALITY CONTROL MANAGEMENT)","2","PROFESIONAL","2 > 21 > 212 > 2120 > 2120.03","tidak","247"
"2120.04","212004","6","Jabatan","2120","AKTUARIS","2","PROFESIONAL","2 > 21 > 212 > 2120 > 2120.04","tidak","248"
"2120.05","212005","6","Jabatan","2120","AHLI STATISTIKA (UMUM)","2","PROFESIONAL","2 > 21 > 212 > 2120 > 2120.05","tidak","248"
"2120.06","212006","6","Jabatan","2120","AHLI STATISTIKA MATEMATIKA","2","PROFESIONAL","2 > 21 > 212 > 2120 > 2120.06","tidak","248"
"2120.07","212007","6","Jabatan","2120","AHLI STATISTIKA (TERAPAN)","2","PROFESIONAL","2 > 21 > 212 > 2120 > 2120.07","tidak","249"
"2120.99","212099","6","Jabatan","2120","AHLI MATEMATIKA, AKTUARIA, DAN STATISTIKA LAINNYA","2","PROFESIONAL","2 > 21 > 212 > 2120 > 2120.99","ya","249"
"213","213","3","Golongan","21","AHLI ILMU PENGETAHUAN HAYATI","2","PROFESIONAL","2 > 21 > 213","tidak","249"
"2131","2131","4","Subgolongan","213","AHLI BIOLOGI, BOTANI, ZOOLOGI, DAN YBDI","2","PROFESIONAL","2 > 21 > 213 > 2131","tidak","250"
"2131.01","213101","6","Jabatan","2131","AHLI PERILAKU HEWAN","2","PROFESIONAL","2 > 21 > 213 > 2131 > 2131.01","tidak","251"
"2131.02","213102","6","Jabatan","2131","AHLI BAKTERIOLOGI","2","PROFESIONAL","2 > 21 > 213 > 2131 > 2131.02","tidak","251"
"2131.03","213103","6","Jabatan","2131","AHLI BIOLOGI (UMUM)","2","PROFESIONAL","2 > 21 > 213 > 2131 > 2131.03","tidak","251"
"2131.04","213104","6","Jabatan","2131","AHLI BIOLOGI KELAUTAN","2","PROFESIONAL","2 > 21 > 213 > 2131 > 2131.04","tidak","252"
"2131.05","213105","6","Jabatan","2131","AHLI BIOLOGI MOLEKULER","2","PROFESIONAL","2 > 21 > 213 > 2131 > 2131.05","tidak","252"
"2131.06","213106","6","Jabatan","2131","AHLI BOTANI","2","PROFESIONAL","2 > 21 > 213 > 2131 > 2131.06","tidak","252"
"2131.07","213107","6","Jabatan","2131","AHLI ZOOLOGI","2","PROFESIONAL","2 > 21 > 213 > 2131 > 2131.07","tidak","253"
"2131.08","213108","6","Jabatan","2131","AHLI BIOKIMIA","2","PROFESIONAL","2 > 21 > 213 > 2131 > 2131.08","tidak","253"
"2131.09","213109","6","Jabatan","2131","AHLI ANATOMI","2","PROFESIONAL","2 > 21 > 213 > 2131 > 2131.09","tidak","253"
"2131.10","213110","6","Jabatan","2131","AHLI FISIOLOGI","2","PROFESIONAL","2 > 21 > 213 > 2131 > 2131.10","tidak","253"
"2131.11","213111","6","Jabatan","2131","AHLI PATOLOGIS MEDIS","2","PROFESIONAL","2 > 21 > 213 > 2131 > 2131.11","tidak","254"
"2131.12","213112","6","Jabatan","2131","AHLI PATOLOGI HEWAN","2","PROFESIONAL","2 > 21 > 213 > 2131 > 2131.12","tidak","254"
"2131.13","213113","6","Jabatan","2131","AHLI FARMAKOLOGI","2","PROFESIONAL","2 > 21 > 213 > 2131 > 2131.13","tidak","254"
"2131.14","213114","6","Jabatan","2131","AHLI EPIDEMIOLOGI","2","PROFESIONAL","2 > 21 > 213 > 2131 > 2131.14","tidak","255"
"2131.15","213115","6","Jabatan","2131","AHLI BIOINFORMATIKA","2","PROFESIONAL","2 > 21 > 213 > 2131 > 2131.15","tidak","255"
"2131.16","213116","6","Jabatan","2131","AHLI GENETIKA","2","PROFESIONAL","2 > 21 > 213 > 2131 > 2131.16","tidak","255"
"2131.99","213199","6","Jabatan","2131","AHLI BIOLOGI, BOTANI, ZOOLOGI, DAN YBDI LAINNYA","2","PROFESIONAL","2 > 21 > 213 > 2131 > 2131.99","ya","256"
"2132","2132","4","Subgolongan","213","PENASIHAT PERTANIAN, KEHUTANAN, DAN PERIKANAN","2","PROFESIONAL","2 > 21 > 213 > 2132","tidak","256"
"2132.01","213201","6","Jabatan","2132","AHLI AGRONOMI","2","PROFESIONAL","2 > 21 > 213 > 2132 > 2132.01","tidak","256"
"2132.02","213202","6","Jabatan","2132","AHLI KEHUTANAN","2","PROFESIONAL","2 > 21 > 213 > 2132 > 2132.02","tidak","257"
"2132.03","213203","6","Jabatan","2132","AHLI PENELITIAN TANAH","2","PROFESIONAL","2 > 21 > 213 > 2132 > 2132.03","tidak","257"
"2132.04","213204","6","Jabatan","2132","AHLI HORTIKULTURA","2","PROFESIONAL","2 > 21 > 213 > 2132 > 2132.04","tidak","258"
"2132.05","213205","6","Jabatan","2132","KONSULTAN PERTANIAN DAN PERIKANAN","2","PROFESIONAL","2 > 21 > 213 > 2132 > 2132.05","tidak","258"
"2132.06","213206","6","Jabatan","2132","KONSULTAN KEHUTANAN","2","PROFESIONAL","2 > 21 > 213 > 2132 > 2132.06","tidak","258"
"2132.07","213207","6","Jabatan","2132","AHLI KEBAKARAN HUTAN DAN LAHAN","2","PROFESIONAL","2 > 21 > 213 > 2132 > 2132.07","tidak","259"
"2132.08","213208","6","Jabatan","2132","ASESOR KONFLIK","2","PROFESIONAL","2 > 21 > 213 > 2132 > 2132.08","tidak","259"
"2132.09","213209","6","Jabatan","2132","AHLI VALUASI EKONOMI DAMPAK KEBAKARAN HUTAN DAN LAHAN","2","PROFESIONAL","2 > 21 > 213 > 2132 > 2132.09","tidak","260"
"2132.10","213210","6","Jabatan","2132","MEDIATOR KONFLIK","2","PROFESIONAL","2 > 21 > 213 > 2132 > 2132.10","tidak","260"
"2132.99","213299","6","Jabatan","2132","PENASIHAT PERTANIAN, KEHUTANAN DAN PERIKANAN LAINNYA","2","PROFESIONAL","2 > 21 > 213 > 2132 > 2132.99","ya","260"
"2133","2133","4","Subgolongan","213","AHLI PERLINDUNGAN LINGKUNGAN","2","PROFESIONAL","2 > 21 > 213 > 2133","tidak","260"
"2133.01","213301","6","Jabatan","2133","AHLI EKOLOGI","2","PROFESIONAL","2 > 21 > 213 > 2133 > 2133.01","tidak","261"
"2133.02","213302","6","Jabatan","2133","ANALIS POLUSI UDARA","2","PROFESIONAL","2 > 21 > 213 > 2133 > 2133.02","tidak","261"
"2133.03","213303","6","Jabatan","2133","AHLI KONSERVASI","2","PROFESIONAL","2 > 21 > 213 > 2133 > 2133.03","tidak","262"
"2133.04","213304","6","Jabatan","2133","AUDITOR LINGKUNGAN","2","PROFESIONAL","2 > 21 > 213 > 2133 > 2133.04","tidak","262"
"2133.05","213305","6","Jabatan","2133","ILMUWAN LINGKUNGAN","2","PROFESIONAL","2 > 21 > 213 > 2133 > 2133.05","tidak","262"
"2133.06","213306","6","Jabatan","2133","ANALIS MUTU AIR","2","PROFESIONAL","2 > 21 > 213 > 2133 > 2133.06","tidak","263"
"2133.07","213307","6","Jabatan","2133","KONSULTAN LINGKUNGAN","2","PROFESIONAL","2 > 21 > 213 > 2133 > 2133.07","tidak","263"
"2133.08","213308","6","Jabatan","2133","ANALIS KEBERLANJUTAN","2","PROFESIONAL","2 > 21 > 213 > 2133 > 2133.08","tidak","264"
"2133.09","213309","6","Jabatan","2133","SPESIALIS PENILAIAN SIKLUS HIDUP","2","PROFESIONAL","2 > 21 > 213 > 2133 > 2133.09","tidak","264"
"2133.10","213310","6","Jabatan","2133","SPESIALIS RESTORASI LINGKUNGAN","2","PROFESIONAL","2 > 21 > 213 > 2133 > 2133.10","tidak","265"
"2133.11","213311","6","Jabatan","2133","AUDITOR KEHUTANAN","2","PROFESIONAL","2 > 21 > 213 > 2133 > 2133.11","tidak","265"
"2133.12","213312","6","Jabatan","2133","ILMUWAN RISET EKONOMI SIRKULAR","2","PROFESIONAL","2 > 21 > 213 > 2133 > 2133.12","tidak","265"
"2133.13","213313","6","Jabatan","2133","KONSULTAN EKONOMI SIRKULAR","2","PROFESIONAL","2 > 21 > 213 > 2133 > 2133.13","tidak","266"
"2133.99","213399","6","Jabatan","2133","AHLI PERLINDUNGAN LINGKUNGAN LAINNYA","2","PROFESIONAL","2 > 21 > 213 > 2133 > 2133.99","ya","266"
"214","214","3","Golongan","21","AHLI TEKNIK (SELAIN AHLI TEKNOLOGI ELEKTRO)","2","PROFESIONAL","2 > 21 > 214","tidak","267"
"2141","2141","4","Subgolongan","214","AHLI TEKNIK INDUSTRI DAN PRODUKSI","2","PROFESIONAL","2 > 21 > 214 > 2141","tidak","267"
"2141.01","214101","6","Jabatan","2141","AHLI TEKNIK EFISIENSI INDUSTRI","2","PROFESIONAL","2 > 21 > 214 > 2141 > 2141.01","tidak","268"
"2141.02","214102","6","Jabatan","2141","AHLI TEKNIK SISTEM DAN METODA KERJA INDUSTRI","2","PROFESIONAL","2 > 21 > 214 > 2141 > 2141.02","tidak","268"
"2141.03","214103","6","Jabatan","2141","AHLI TEKNIK PENGUKURAN KERJA INDUSTRI","2","PROFESIONAL","2 > 21 > 214 > 2141 > 2141.03","tidak","268"
"2141.04","214104","6","Jabatan","2141","AHLI TEKNIK MESIN INDUSTRI","2","PROFESIONAL","2 > 21 > 214 > 2141 > 2141.04","tidak","269"
"2141.05","214105","6","Jabatan","2141","AHLI TEKNIK PRODUKSI INDUSTRI","2","PROFESIONAL","2 > 21 > 214 > 2141 > 2141.05","tidak","269"
"2141.99","214199","6","Jabatan","2141","AHLI TEKNIK INDUSTRI DAN PRODUKSI LAINNYA","2","PROFESIONAL","2 > 21 > 214 > 2141 > 2141.99","ya","269"
"2142","2142","4","Subgolongan","214","AHLI TEKNIK SIPIL","2","PROFESIONAL","2 > 21 > 214 > 2142","tidak","269"
"2142.01","214201","6","Jabatan","2142","AHLI TEKNIK SIPIL (UMUM)","2","PROFESIONAL","2 > 21 > 214 > 2142 > 2142.01","tidak","270"
"2142.02","214202","6","Jabatan","2142","AHLI TEKNIK KONSTRUKSI BANGUNAN","2","PROFESIONAL","2 > 21 > 214 > 2142 > 2142.02","tidak","271"
"2142.03","214203","6","Jabatan","2142","AHLI TEKNIK KONSTRUKSI JALAN","2","PROFESIONAL","2 > 21 > 214 > 2142 > 2142.03","tidak","271"
"2142.04","214204","6","Jabatan","2142","AHLI TEKNIK KONSTRUKSI LANDASAN PESAWAT UDARA","2","PROFESIONAL","2 > 21 > 214 > 2142 > 2142.04","tidak","271"
"2142.05","214205","6","Jabatan","2142","AHLI TEKNIK KONSTRUKSI JALAN KERETA API","2","PROFESIONAL","2 > 21 > 214 > 2142 > 2142.05","tidak","272"
"2142.06","214206","6","Jabatan","2142","AHLI TEKNIK KONSTRUKSI JEMBATAN","2","PROFESIONAL","2 > 21 > 214 > 2142 > 2142.06","tidak","272"
"2142.07","214207","6","Jabatan","2142","AHLI TEKNIK PENYEHATAN LINGKUNGAN","2","PROFESIONAL","2 > 21 > 214 > 2142 > 2142.07","tidak","272"
"2142.08","214208","6","Jabatan","2142","AHLI TEKNIK PENGAIRAN","2","PROFESIONAL","2 > 21 > 214 > 2142 > 2142.08","tidak","272"
"2142.09","214209","6","Jabatan","2142","AHLI TEKNIK MEKANIKA TANAH","2","PROFESIONAL","2 > 21 > 214 > 2142 > 2142.09","tidak","273"
"2142.10","214210","6","Jabatan","2142","AHLI TEKNIK TRANSPORTASI","2","PROFESIONAL","2 > 21 > 214 > 2142 > 2142.10","tidak","273"
"2142.99","214299","6","Jabatan","2142","AHLI TEKNIK SIPIL LAINNYA","2","PROFESIONAL","2 > 21 > 214 > 2142 > 2142.99","ya","273"
"2143","2143","4","Subgolongan","214","AHLI TEKNIK LINGKUNGAN","2","PROFESIONAL","2 > 21 > 214 > 2143","tidak","273"
"2143.01","214301","6","Jabatan","2143","PEREKAYASA LINGKUNGAN","2","PROFESIONAL","2 > 21 > 214 > 2143 > 2143.01","tidak","274"
"2143.02","214302","6","Jabatan","2143","ANALIS LINGKUNGAN","2","PROFESIONAL","2 > 21 > 214 > 2143 > 2143.02","tidak","275"
"2143.03","214303","6","Jabatan","2143","SPESIALIS REHABILITASI LINGKUNGAN","2","PROFESIONAL","2 > 21 > 214 > 2143 > 2143.03","tidak","275"
"2143.99","214399","6","Jabatan","2143","AHLI TEKNIK LINGKUNGAN LAINNYA","2","PROFESIONAL","2 > 21 > 214 > 2143 > 2143.99","ya","275"
"2144","2144","4","Subgolongan","214","AHLI TEKNIK MEKANIKA","2","PROFESIONAL","2 > 21 > 214 > 2144","tidak","275"
"2144.01","214401","6","Jabatan","2144","AHLI TEKNIK MESIN (UMUM)","2","PROFESIONAL","2 > 21 > 214 > 2144 > 2144.01","tidak","276"
"2144.02","214402","6","Jabatan","2144","AHLI TEKNIK MESIN DAN PERALATAN INDUSTRI","2","PROFESIONAL","2 > 21 > 214 > 2144 > 2144.02","tidak","276"
"2144.03","214403","6","Jabatan","2144","AHLI TEKNIK MESIN MOTOR PENGGERAK (SELAIN MESIN KAPAL)","2","PROFESIONAL","2 > 21 > 214 > 2144 > 2144.03","tidak","277"
"2144.04","214404","6","Jabatan","2144","AHLI TEKNIK MESIN KAPAL","2","PROFESIONAL","2 > 21 > 214 > 2144 > 2144.04","tidak","277"
"2144.05","214405","6","Jabatan","2144","AHLI TEKNIK KONSTRUKSI KAPAL","2","PROFESIONAL","2 > 21 > 214 > 2144 > 2144.05","tidak","277"
"2144.06","214406","6","Jabatan","2144","AHLI TEKNIK INDUSTRI PESAWAT TERBANG","2","PROFESIONAL","2 > 21 > 214 > 2144 > 2144.06","tidak","277"
"2144.07","214407","6","Jabatan","2144","AHLI TEKNIK MOBIL","2","PROFESIONAL","2 > 21 > 214 > 2144 > 2144.07","tidak","278"
"2144.08","214408","6","Jabatan","2144","AHLI TEKNIK PEMANASAN, VENTILASI, DAN PENDINGINAN (HVAC)","2","PROFESIONAL","2 > 21 > 214 > 2144 > 2144.08","tidak","278"
"2144.09","214409","6","Jabatan","2144","AHLI TEKNIK MESIN TENAGA ATOM","2","PROFESIONAL","2 > 21 > 214 > 2144 > 2144.09","tidak","278"
"2144.99","214499","6","Jabatan","2144","AHLI TEKNIK MEKANIKA LAINNYA","2","PROFESIONAL","2 > 21 > 214 > 2144 > 2144.99","ya","278"
"2145","2145","4","Subgolongan","214","AHLI TEKNIK KIMIA","2","PROFESIONAL","2 > 21 > 214 > 2145","tidak","279"
"2145.01","214501","6","Jabatan","2145","AHLI TEKNIK KIMIA (UMUM)","2","PROFESIONAL","2 > 21 > 214 > 2145 > 2145.01","tidak","279"
"2145.02","214502","6","Jabatan","2145","AHLI TEKNIK KIMIA BAHAN BAKAR","2","PROFESIONAL","2 > 21 > 214 > 2145 > 2145.02","tidak","280"
"2145.03","214503","6","Jabatan","2145","AHLI TEKNIK KIMIA PLASTIK","2","PROFESIONAL","2 > 21 > 214 > 2145 > 2145.03","tidak","280"
"2145.99","214599","6","Jabatan","2145","AHLI TEKNIK KIMIA LAINNYA","2","PROFESIONAL","2 > 21 > 214 > 2145 > 2145.99","ya","280"
"2146","2146","4","Subgolongan","214","AHLI TEKNIK PERTAMBANGAN, METALURGI, DAN YBDI","2","PROFESIONAL","2 > 21 > 214 > 2146","tidak","280"
"2146.01","214601","6","Jabatan","2146","AHLI TEKNIK PERTAMBANGAN (UMUM)","2","PROFESIONAL","2 > 21 > 214 > 2146 > 2146.01","tidak","281"
"2146.02","214602","6","Jabatan","2146","AHLI TEKNIK PERTAMBANGAN BATU BARA","2","PROFESIONAL","2 > 21 > 214 > 2146 > 2146.02","tidak","282"
"2146.03","214603","6","Jabatan","2146","AHLI TEKNIK PERTAMBANGAN LOGAM","2","PROFESIONAL","2 > 21 > 214 > 2146 > 2146.03","tidak","282"
"2146.04","214604","6","Jabatan","2146","AHLI TEKNIK PERTAMBANGAN MINYAK BUMI DAN GAS ALAM","2","PROFESIONAL","2 > 21 > 214 > 2146 > 2146.04","tidak","282"
"2146.05","214605","6","Jabatan","2146","AHLI METALURGI EKSTRAKSI","2","PROFESIONAL","2 > 21 > 214 > 2146 > 2146.05","tidak","283"
"2146.06","214606","6","Jabatan","2146","AHLI METALURGI FISIKA","2","PROFESIONAL","2 > 21 > 214 > 2146 > 2146.06","tidak","283"
"2146.99","214699","6","Jabatan","2146","AHLI TEKNIK PERTAMBANGAN, METALURGI, DAN YBDI LAINNYA","2","PROFESIONAL","2 > 21 > 214 > 2146 > 2146.99","ya","283"
"2149","2149","4","Subgolongan","214","AHLI TEKNIK LAINNYA YTDL","2","PROFESIONAL","2 > 21 > 214 > 2149","ya","284"
"2149.01","214901","6","Jabatan","2149","AHLI TEKNIK KERAMIK DAN KACA","2","PROFESIONAL","2 > 21 > 214 > 2149 > 2149.01","tidak","285"
"2149.02","214902","6","Jabatan","2149","AHLI TEKNIK PERTANIAN","2","PROFESIONAL","2 > 21 > 214 > 2149 > 2149.02","tidak","285"
"2149.03","214903","6","Jabatan","2149","AHLI TEKNIK BAHAN MAKANAN DAN MINUMAN","2","PROFESIONAL","2 > 21 > 214 > 2149 > 2149.03","tidak","285"
"2149.04","214904","6","Jabatan","2149","AHLI TEKNIK TEKSTIL","2","PROFESIONAL","2 > 21 > 214 > 2149 > 2149.04","tidak","286"
"2149.05","214905","6","Jabatan","2149","AHLI TEKNIK PERENCANAAN SISTEM LALU LINTAS","2","PROFESIONAL","2 > 21 > 214 > 2149 > 2149.05","tidak","286"
"2149.06","214906","6","Jabatan","2149","AHLI TEKNIK BIOMEDIS","2","PROFESIONAL","2 > 21 > 214 > 2149 > 2149.06","tidak","286"
"2149.07","214907","6","Jabatan","2149","AHLI TEKNIK BAHAN PELEDAK","2","PROFESIONAL","2 > 21 > 214 > 2149 > 2149.07","tidak","287"
"2149.08","214908","6","Jabatan","2149","AHLI TEKNIK SALVAGE (PENYELAMATAN LAUT)","2","PROFESIONAL","2 > 21 > 214 > 2149 > 2149.08","tidak","287"
"2149.09","214909","6","Jabatan","2149","AHLI TEKNIK KESELAMATAN","2","PROFESIONAL","2 > 21 > 214 > 2149 > 2149.09","tidak","287"
"2149.10","214910","6","Jabatan","2149","AHLI TEKNIK OPTIKAL","2","PROFESIONAL","2 > 21 > 214 > 2149 > 2149.10","tidak","287"
"2149.11","214911","6","Jabatan","2149","AHLI ENERGI","2","PROFESIONAL","2 > 21 > 214 > 2149 > 2149.11","tidak","288"
"2149.12","214912","6","Jabatan","2149","AHLI TEKNIK MATERIAL","2","PROFESIONAL","2 > 21 > 214 > 2149 > 2149.12","tidak","288"
"2149.13","214913","6","Jabatan","2149","AHLI KUANTITAS","2","PROFESIONAL","2 > 21 > 214 > 2149 > 2149.13","tidak","288"
"2149.14","214914","6","Jabatan","2149","AHLI TEKNIK MEKATRONIKA","2","PROFESIONAL","2 > 21 > 214 > 2149 > 2149.14","tidak","288"
"2149.15","214915","6","Jabatan","2149","AHLI TEKNIK SISTEM ENERGI SURYA","2","PROFESIONAL","2 > 21 > 214 > 2149 > 2149.15","tidak","289"
"2149.16","214916","6","Jabatan","2149","AHLI TEKNIK NANOSISTEM","2","PROFESIONAL","2 > 21 > 214 > 2149 > 2149.16","tidak","289"
"2149.99","214999","6","Jabatan","2149","AHLI TEKNIK LAINNYA YTDL","2","PROFESIONAL","2 > 21 > 214 > 2149 > 2149.99","ya","289"
"215","215","3","Golongan","21","AHLI TEKNIK TEKNOLOGI ELEKTRO","2","PROFESIONAL","2 > 21 > 215","tidak","289"
"2151","2151","4","Subgolongan","215","AHLI TEKNIK LISTRIK","2","PROFESIONAL","2 > 21 > 215 > 2151","tidak","290"
"2151.01","215101","6","Jabatan","2151","AHLI TEKNIK LISTRIK (UMUM)","2","PROFESIONAL","2 > 21 > 215 > 2151 > 2151.01","tidak","290"
"2151.02","215102","6","Jabatan","2151","AHLI TEKNIK PEMBANGKIT TENAGA LISTRIK","2","PROFESIONAL","2 > 21 > 215 > 2151 > 2151.02","tidak","291"
"2151.03","215103","6","Jabatan","2151","AHLI TEKNIK DISTRIBUSI DAN TRANSMISI TENAGA LISTRIK","2","PROFESIONAL","2 > 21 > 215 > 2151 > 2151.03","tidak","291"
"2151.04","215104","6","Jabatan","2151","AHLI TEKNIK ELEKTROMEKANIK","2","PROFESIONAL","2 > 21 > 215 > 2151 > 2151.04","tidak","291"
"2151.99","215199","6","Jabatan","2151","AHLI TEKNIK LISTRIK LAINNYA","2","PROFESIONAL","2 > 21 > 215 > 2151 > 2151.99","ya","291"
"2152","2152","4","Subgolongan","215","AHLI TEKNIK ELEKTRONIK","2","PROFESIONAL","2 > 21 > 215 > 2152","tidak","291"
"2152.01","215201","6","Jabatan","2152","AHLI TEKNIK ELEKTRONIK (UMUM)","2","PROFESIONAL","2 > 21 > 215 > 2152 > 2152.01","tidak","292"
"2152.02","215202","6","Jabatan","2152","AHLI TEKNIK PERANGKAT KERAS KOMPUTER","2","PROFESIONAL","2 > 21 > 215 > 2152 > 2152.02","tidak","293"
"2152.03","215203","6","Jabatan","2152","AHLI TEKNIK INSTRUMENTASI (ALAT UKUR)","2","PROFESIONAL","2 > 21 > 215 > 2152 > 2152.03","tidak","293"
"2152.99","215299","6","Jabatan","2152","AHLI TEKNIK ELEKTRONIK LAINNYA","2","PROFESIONAL","2 > 21 > 215 > 2152 > 2152.99","ya","293"
"2153","2153","4","Subgolongan","215","AHLI TEKNIK TELEKOMUNIKASI","2","PROFESIONAL","2 > 21 > 215 > 2153","tidak","293"
"2153.01","215301","6","Jabatan","2153","INSINYUR TELEKOMUNIKASI","2","PROFESIONAL","2 > 21 > 215 > 2153 > 2153.01","tidak","294"
"2153.02","215302","6","Jabatan","2153","AHLI TEKNIK PENYIARAN DAN AUDIO VISUAL","2","PROFESIONAL","2 > 21 > 215 > 2153 > 2153.02","tidak","294"
"2153.03","215303","6","Jabatan","2153","AHLI TEKNOLOGI REKAYASA TELEKOMUNIKASI","2","PROFESIONAL","2 > 21 > 215 > 2153 > 2153.03","tidak","295"
"2153.99","215399","6","Jabatan","2153","AHLI TEKNIK TELEKOMUNIKASI LAINNYA","2","PROFESIONAL","2 > 21 > 215 > 2153 > 2153.99","ya","295"
"216","216","3","Golongan","21","ARSITEK, PERENCANA, SURVEYOR, DAN DESAINER","2","PROFESIONAL","2 > 21 > 216","tidak","295"
"2161","2161","4","Subgolongan","216","ARSITEK BANGUNAN","2","PROFESIONAL","2 > 21 > 216 > 2161","tidak","296"
"2161.01","216101","6","Jabatan","2161","ARSITEK GEDUNG","2","PROFESIONAL","2 > 21 > 216 > 2161 > 2161.01","tidak","296"
"2161.02","216102","6","Jabatan","2161","ARSITEK INTERIOR","2","PROFESIONAL","2 > 21 > 216 > 2161 > 2161.02","tidak","297"
"2161.99","216199","6","Jabatan","2161","ARSITEK BANGUNAN LAINNYA","2","PROFESIONAL","2 > 21 > 216 > 2161 > 2161.99","ya","297"
"2162","2162","4","Subgolongan","216","ARSITEK PERTAMANAN/LANSKAP","2","PROFESIONAL","2 > 21 > 216 > 2162","tidak","297"
"2162.00","216200","6","Jabatan","2162","ARSITEK PERTAMANAN/LANSKAP","2","PROFESIONAL","2 > 21 > 216 > 2162 > 2162.00","tidak","298"
"2163","2163","4","Subgolongan","216","DESAINER PRODUK DAN PAKAIAN JADI","2","PROFESIONAL","2 > 21 > 216 > 2163","tidak","299"
"2163.01","216301","6","Jabatan","2163","DESAINER KOSTUM","2","PROFESIONAL","2 > 21 > 216 > 2163 > 2163.01","tidak","299"
"2163.02","216302","6","Jabatan","2163","DESAINER BUSANA","2","PROFESIONAL","2 > 21 > 216 > 2163 > 2163.02","tidak","300"
"2163.03","216303","6","Jabatan","2163","DESAINER PERHIASAN","2","PROFESIONAL","2 > 21 > 216 > 2163 > 2163.03","tidak","300"
"2163.04","216304","6","Jabatan","2163","DESAINER PRODUK INDUSTRI","2","PROFESIONAL","2 > 21 > 216 > 2163 > 2163.04","tidak","300"
"2163.05","216305","6","Jabatan","2163","DESAINER TEKSTIL","2","PROFESIONAL","2 > 21 > 216 > 2163 > 2163.05","tidak","301"
"2163.06","216306","6","Jabatan","2163","DESAINER FESYEN","2","PROFESIONAL","2 > 21 > 216 > 2163 > 2163.06","tidak","301"
"2163.07","216307","6","Jabatan","2163","DESAINER MOTIF DAN ORNAMEN TEKSTIL","2","PROFESIONAL","2 > 21 > 216 > 2163 > 2163.07","tidak","301"
"2163.08","216308","6","Jabatan","2163","SPESIALIS FESYEN BERKELANJUTAN","2","PROFESIONAL","2 > 21 > 216 > 2163 > 2163.08","tidak","301"
"2163.99","216399","6","Jabatan","2163","DESAINER PRODUK DAN PAKAIAN JADI LAINNYA","2","PROFESIONAL","2 > 21 > 216 > 2163 > 2163.99","ya","302"
"2164","2164","4","Subgolongan","216","PERENCANA TATA KOTA DAN LALU LINTAS","2","PROFESIONAL","2 > 21 > 216 > 2164","tidak","302"
"2164.01","216401","6","Jabatan","2164","PERENCANA LAHAN","2","PROFESIONAL","2 > 21 > 216 > 2164 > 2164.01","tidak","302"
"2164.02","216402","6","Jabatan","2164","PERENCANA TATA KOTA","2","PROFESIONAL","2 > 21 > 216 > 2164 > 2164.02","tidak","303"
"2164.03","216403","6","Jabatan","2164","PERENCANA LALU LINTAS","2","PROFESIONAL","2 > 21 > 216 > 2164 > 2164.03","tidak","303"
"2164.04","216404","6","Jabatan","2164","AHLI CAGAR BUDAYA","2","PROFESIONAL","2 > 21 > 216 > 2164 > 2164.04","tidak","303"
"2164.05","216405","6","Jabatan","2164","PERENCANA PENGELOLAAN HUTAN","2","PROFESIONAL","2 > 21 > 216 > 2164 > 2164.05","tidak","304"
"2164.99","216499","6","Jabatan","2164","PERENCANA TATA KOTA DAN LALU LINTAS LAINNYA","2","PROFESIONAL","2 > 21 > 216 > 2164 > 2164.99","ya","304"
"2165","2165","4","Subgolongan","216","AHLI PEMETAAN DAN SURVEYOR","2","PROFESIONAL","2 > 21 > 216 > 2165","tidak","304"
"2165.01","216501","6","Jabatan","2165","SURVEYOR TANAH","2","PROFESIONAL","2 > 21 > 216 > 2165 > 2165.01","tidak","305"
"2165.02","216502","6","Jabatan","2165","SURVEYOR PERTAMBANGAN","2","PROFESIONAL","2 > 21 > 216 > 2165 > 2165.02","tidak","305"
"2165.03","216503","6","Jabatan","2165","SURVEYOR HIDROGRAFI","2","PROFESIONAL","2 > 21 > 216 > 2165 > 2165.03","tidak","306"
"2165.04","216504","6","Jabatan","2165","SURVEYOR TOPOGRAFI","2","PROFESIONAL","2 > 21 > 216 > 2165 > 2165.04","tidak","306"
"2165.05","216505","6","Jabatan","2165","SURVEYOR AERIAL (FOTOGRAMETRI)","2","PROFESIONAL","2 > 21 > 216 > 2165 > 2165.05","tidak","306"
"2165.06","216506","6","Jabatan","2165","SURVEYOR KADASTRAL","2","PROFESIONAL","2 > 21 > 216 > 2165 > 2165.06","tidak","306"
"2165.07","216507","6","Jabatan","2165","AHLI PEMETAAN (KARTOGRAFER)","2","PROFESIONAL","2 > 21 > 216 > 2165 > 2165.07","tidak","306"
"2165.08","216508","6","Jabatan","2165","SURVEYOR KEWILAYAHAN","2","PROFESIONAL","2 > 21 > 216 > 2165 > 2165.08","tidak","307"
"2165.09","216509","6","Jabatan","2165","AHLI PENGINDERAAN JAUH","2","PROFESIONAL","2 > 21 > 216 > 2165 > 2165.09","tidak","307"
"2165.10","216510","6","Jabatan","2165","AHLI SISTEM INFORMASI GEOGRAFIS (SIG)","2","PROFESIONAL","2 > 21 > 216 > 2165 > 2165.10","tidak","307"
"2165.11","216511","6","Jabatan","2165","SURVEYOR TERESTRIS","2","PROFESIONAL","2 > 21 > 216 > 2165 > 2165.11","tidak","307"
"2165.99","216599","6","Jabatan","2165","AHLI PEMETAAN DAN SURVEYOR LAINNYA","2","PROFESIONAL","2 > 21 > 216 > 2165 > 2165.99","ya","308"
"2166","2166","4","Subgolongan","216","DESAINER GRAFIS DAN MULTIMEDIA","2","PROFESIONAL","2 > 21 > 216 > 2166","tidak","308"
"2166.01","216601","6","Jabatan","2166","ANIMATOR","2","PROFESIONAL","2 > 21 > 216 > 2166 > 2166.01","tidak","308"
"2166.02","216602","6","Jabatan","2166","SENIMAN DIGITAL","2","PROFESIONAL","2 > 21 > 216 > 2166 > 2166.02","tidak","309"
"2166.03","216603","6","Jabatan","2166","DESAINER GRAFIS","2","PROFESIONAL","2 > 21 > 216 > 2166 > 2166.03","tidak","309"
"2166.04","216604","6","Jabatan","2166","ILUSTRATOR TEKNIK","2","PROFESIONAL","2 > 21 > 216 > 2166 > 2166.04","tidak","309"
"2166.05","216605","6","Jabatan","2166","DESAINER PERMAINAN INTERAKTIF","2","PROFESIONAL","2 > 21 > 216 > 2166 > 2166.05","tidak","309"
"2166.06","216606","6","Jabatan","2166","ILUSTRATOR","2","PROFESIONAL","2 > 21 > 216 > 2166 > 2166.06","tidak","310"
"2166.07","216607","6","Jabatan","2166","SENIMAN LITHOGRAFI","2","PROFESIONAL","2 > 21 > 216 > 2166 > 2166.07","tidak","310"
"2166.08","216608","6","Jabatan","2166","DESAINER MULTIMEDIA","2","PROFESIONAL","2 > 21 > 216 > 2166 > 2166.08","tidak","310"
"2166.09","216609","6","Jabatan","2166","DESAINER PUBLIKASI","2","PROFESIONAL","2 > 21 > 216 > 2166 > 2166.09","tidak","311"
"2166.10","216610","6","Jabatan","2166","DESAINER SITUS WEB","2","PROFESIONAL","2 > 21 > 216 > 2166 > 2166.10","tidak","311"
"2166.11","216611","6","Jabatan","2166","KEPALA TEKNIS KREATIF","2","PROFESIONAL","2 > 21 > 216 > 2166 > 2166.11","tidak","311"
"2166.99","216699","6","Jabatan","2166","DESAINER GRAFIS DAN MULTIMEDIA LAINNYA","2","PROFESIONAL","2 > 21 > 216 > 2166 > 2166.99","ya","311"
"22","22","2","Subgolongan pokok","2","PROFESIONAL KESEHATAN","2","PROFESIONAL","2 > 22","tidak","311"
"221","221","3","Golongan","22","DOKTER MEDIS","2","PROFESIONAL","2 > 22 > 221","tidak","312"
"2211","2211","4","Subgolongan","221","PRAKTISI DOKTER UMUM","2","PROFESIONAL","2 > 22 > 221 > 2211","tidak","313"
"2211.01","221101","6","Jabatan","2211","DOKTER UMUM","2","PROFESIONAL","2 > 22 > 221 > 2211 > 2211.01","tidak","314"
"2211.02","221102","6","Jabatan","2211","DOKTER KELUARGA","2","PROFESIONAL","2 > 22 > 221 > 2211 > 2211.02","tidak","315"
"2211.99","221199","6","Jabatan","2211","PRAKTISI DOKTER UMUM LAINNYA","2","PROFESIONAL","2 > 22 > 221 > 2211 > 2211.99","ya","315"
"2212","2212","4","Subgolongan","221","PRAKTISI DOKTER SPESIALIS","2","PROFESIONAL","2 > 22 > 221 > 2212","tidak","315"
"2212.01","221201","6","Jabatan","2212","DOKTER SPESIALIS ANESTESI","2","PROFESIONAL","2 > 22 > 221 > 2212 > 2212.01","tidak","316"
"2212.02","221202","6","Jabatan","2212","DOKTER SPESIALIS JANTUNG","2","PROFESIONAL","2 > 22 > 221 > 2212 > 2212.02","tidak","317"
"2212.03","221203","6","Jabatan","2212","DOKTER SPESIALIS KULIT DAN KELAMIN","2","PROFESIONAL","2 > 22 > 221 > 2212 > 2212.03","tidak","317"
"2212.04","221204","6","Jabatan","2212","DOKTER SPESIALIS TELINGA, HIDUNG, DAN TENGGOROKAN","2","PROFESIONAL","2 > 22 > 221 > 2212 > 2212.04","tidak","317"
"2212.05","221205","6","Jabatan","2212","DOKTER SPESIALIS KANDUNGAN","2","PROFESIONAL","2 > 22 > 221 > 2212 > 2212.05","tidak","318"
"2212.06","221206","6","Jabatan","2212","DOKTER SPESIALIS MATA","2","PROFESIONAL","2 > 22 > 221 > 2212 > 2212.06","tidak","318"
"2212.07","221207","6","Jabatan","2212","DOKTER SPESIALIS ANAK","2","PROFESIONAL","2 > 22 > 221 > 2212 > 2212.07","tidak","318"
"2212.08","221208","6","Jabatan","2212","PSIKIATER","2","PROFESIONAL","2 > 22 > 221 > 2212 > 2212.08","tidak","319"
"2212.09","221209","6","Jabatan","2212","DOKTER SPESIALIS PENYAKIT DALAM","2","PROFESIONAL","2 > 22 > 221 > 2212 > 2212.09","tidak","319"
"2212.10","221210","6","Jabatan","2212","DOKTER SPESIALIS SARAF","2","PROFESIONAL","2 > 22 > 221 > 2212 > 2212.10","tidak","319"
"2212.11","221211","6","Jabatan","2212","DOKTER SPESIALIS PATOLOGI","2","PROFESIONAL","2 > 22 > 221 > 2212 > 2212.11","tidak","320"
"2212.12","221212","6","Jabatan","2212","DOKTER SPESIALIS PARU","2","PROFESIONAL","2 > 22 > 221 > 2212 > 2212.12","tidak","320"
"2212.13","221213","6","Jabatan","2212","DOKTER SPESIALIS RADIOLOGI","2","PROFESIONAL","2 > 22 > 221 > 2212 > 2212.13","tidak","320"
"2212.14","221214","6","Jabatan","2212","DOKTER SPESIALIS BEDAH UMUM","2","PROFESIONAL","2 > 22 > 221 > 2212 > 2212.14","tidak","320"
"2212.15","221215","6","Jabatan","2212","DOKTER SPESIALIS BEDAH DIGESTIF","2","PROFESIONAL","2 > 22 > 221 > 2212 > 2212.15","tidak","321"
"2212.16","221216","6","Jabatan","2212","DOKTER SPESIALIS BEDAH SARAF","2","PROFESIONAL","2 > 22 > 221 > 2212 > 2212.16","tidak","321"
"2212.17","221217","6","Jabatan","2212","DOKTER SPESIALIS BEDAH ORTOPEDI DAN TRAUMATOLOGI","2","PROFESIONAL","2 > 22 > 221 > 2212 > 2212.17","tidak","321"
"2212.18","221218","6","Jabatan","2212","DOKTER SPESIALIS BEDAH ONKOLOGI","2","PROFESIONAL","2 > 22 > 221 > 2212 > 2212.18","tidak","322"
"2212.19","221219","6","Jabatan","2212","DOKTER SPESIALIS BEDAH PLASTIK","2","PROFESIONAL","2 > 22 > 221 > 2212 > 2212.19","tidak","322"
"2212.20","221220","6","Jabatan","2212","DOKTER SPESIALIS BEDAH TORAK KARDIOVASKULAR","2","PROFESIONAL","2 > 22 > 221 > 2212 > 2212.20","tidak","322"
"2212.21","221221","6","Jabatan","2212","DOKTER SPESIALIS MEDIS OLAHRAGA","2","PROFESIONAL","2 > 22 > 221 > 2212 > 2212.21","tidak","322"
"2212.22","221222","6","Jabatan","2212","DOKTER SPESIALIS UROLOGI","2","PROFESIONAL","2 > 22 > 221 > 2212 > 2212.22","tidak","323"
"2212.23","221223","6","Jabatan","2212","DOKTER SPESIALIS MIKROBIOLOGI KLINIS","2","PROFESIONAL","2 > 22 > 221 > 2212 > 2212.23","tidak","323"
"2212.99","221299","6","Jabatan","2212","PRAKTISI DOKTER SPESIALIS LAINNYA","2","PROFESIONAL","2 > 22 > 221 > 2212 > 2212.99","ya","323"
"222","222","3","Golongan","22","PROFESIONAL KEPERAWATAN DAN KEBIDANAN","2","PROFESIONAL","2 > 22 > 222","tidak","323"
"2221","2221","4","Subgolongan","222","PROFESIONAL KEPERAWATAN","2","PROFESIONAL","2 > 22 > 222 > 2221","tidak","324"
"2221.01","222101","6","Jabatan","2221","PERAWAT AHLI","2","PROFESIONAL","2 > 22 > 222 > 2221 > 2221.01","tidak","325"
"2221.02","222102","6","Jabatan","2221","PERAWAT SPESIALIS","2","PROFESIONAL","2 > 22 > 222 > 2221 > 2221.02","tidak","326"
"2221.03","222103","6","Jabatan","2221","PERAWAT KESEHATAN MASYARAKAT","2","PROFESIONAL","2 > 22 > 222 > 2221 > 2221.03","tidak","326"
"2221.04","222104","6","Jabatan","2221","PERAWAT KESEHATAN KERJA","2","PROFESIONAL","2 > 22 > 222 > 2221 > 2221.04","tidak","326"
"2221.05","222105","6","Jabatan","2221","PERAWAT","2","PROFESIONAL","2 > 22 > 222 > 2221 > 2221.05","tidak","327"
"2221.06","222106","6","Jabatan","2221","PERAWAT ANESTESI","2","PROFESIONAL","2 > 22 > 222 > 2221 > 2221.06","tidak","327"
"2221.07","222107","6","Jabatan","2221","SPESIALIS PERAWAT GERIATRI","2","PROFESIONAL","2 > 22 > 222 > 2221 > 2221.07","tidak","327"
"2221.08","222108","6","Jabatan","2221","SUPERVISOR PERAWATAN LANJUT USIA","2","PROFESIONAL","2 > 22 > 222 > 2221 > 2221.08","tidak","328"
"2221.09","222109","6","Jabatan","2221","SUPERVISOR PENGASUH DAYCARE","2","PROFESIONAL","2 > 22 > 222 > 2221 > 2221.09","tidak","328"
"2221.99","222199","6","Jabatan","2221","PROFESIONAL KEPERAWATAN LAINNYA","2","PROFESIONAL","2 > 22 > 222 > 2221 > 2221.99","ya","328"
"2222","2222","4","Subgolongan","222","PROFESIONAL KEBIDANAN","2","PROFESIONAL","2 > 22 > 222 > 2222","tidak","328"
"2222.01","222201","6","Jabatan","2222","BIDAN","2","PROFESIONAL","2 > 22 > 222 > 2222 > 2222.01","tidak","329"
"2222.99","222299","6","Jabatan","2222","PROFESIONAL KEBIDANAN LAINNYA","2","PROFESIONAL","2 > 22 > 222 > 2222 > 2222.99","ya","330"
"223","223","3","Golongan","22","PROFESIONAL PENGOBATAN TRADISIONAL DAN KOMPLEMENTER","2","PROFESIONAL","2 > 22 > 223","tidak","330"
"2230","2230","4","Subgolongan","223","PROFESIONAL PENGOBATAN TRADISIONAL DAN KOMPLEMENTER","2","PROFESIONAL","2 > 22 > 223 > 2230","tidak","330"
"2230.01","223001","6","Jabatan","2230","AHLI AKUPUNTUR","2","PROFESIONAL","2 > 22 > 223 > 2230 > 2230.01","tidak","332"
"2230.02","223002","6","Jabatan","2230","AHLI PENGOBATAN HERBAL CINA","2","PROFESIONAL","2 > 22 > 223 > 2230 > 2230.02","tidak","332"
"2230.03","223003","6","Jabatan","2230","PRAKTISI AYURVEDIC","2","PROFESIONAL","2 > 22 > 223 > 2230 > 2230.03","tidak","332"
"2230.04","223004","6","Jabatan","2230","AHLI HOMEOPATI","2","PROFESIONAL","2 > 22 > 223 > 2230 > 2230.04","tidak","333"
"2230.05","223005","6","Jabatan","2230","AHLI NATUROPATI","2","PROFESIONAL","2 > 22 > 223 > 2230 > 2230.05","tidak","333"
"2230.06","223006","6","Jabatan","2230","PRAKTISI UNANI","2","PROFESIONAL","2 > 22 > 223 > 2230 > 2230.06","tidak","333"
"2230.99","223099","6","Jabatan","2230","PROFESIONAL PENGOBATAN TRADISIONAL DAN KOMPLEMENTER LAINNYA","2","PROFESIONAL","2 > 22 > 223 > 2230 > 2230.99","ya","333"
"224","224","3","Golongan","22","PRAKTISI PARAMEDIS","2","PROFESIONAL","2 > 22 > 224","tidak","334"
"2240","2240","4","Subgolongan","224","PRAKTISI PARAMEDIS","2","PROFESIONAL","2 > 22 > 224 > 2240","tidak","334"
"2240.01","224001","6","Jabatan","2240","ASISTEN MEDIK","2","PROFESIONAL","2 > 22 > 224 > 2240 > 2240.01","tidak","335"
"2240.02","224002","6","Jabatan","2240","PARAMEDIS","2","PROFESIONAL","2 > 22 > 224 > 2240 > 2240.02","tidak","335"
"2240.03","224003","6","Jabatan","2240","TEKNISI BEDAH","2","PROFESIONAL","2 > 22 > 224 > 2240 > 2240.03","tidak","336"
"2240.04","224004","6","Jabatan","2240","TEKNISI FORENSIK","2","PROFESIONAL","2 > 22 > 224 > 2240 > 2240.04","tidak","336"
"2240.99","224099","6","Jabatan","2240","PRAKTISI PARAMEDIS LAINNYA","2","PROFESIONAL","2 > 22 > 224 > 2240 > 2240.99","ya","336"
"225","225","3","Golongan","22","DOKTER HEWAN","2","PROFESIONAL","2 > 22 > 225","tidak","336"
"2250","2250","4","Subgolongan","225","DOKTER HEWAN","2","PROFESIONAL","2 > 22 > 225 > 2250","tidak","337"
"2250.01","225001","6","Jabatan","2250","DOKTER HEWAN (UMUM)","2","PROFESIONAL","2 > 22 > 225 > 2250 > 2250.01","tidak","337"
"2250.02","225002","6","Jabatan","2250","DOKTER HEWAN KESEHATAN MASYARAKAT","2","PROFESIONAL","2 > 22 > 225 > 2250 > 2250.02","tidak","338"
"2250.03","225003","6","Jabatan","2250","DOKTER BEDAH HEWAN","2","PROFESIONAL","2 > 22 > 225 > 2250 > 2250.03","tidak","338"
"2250.04","225004","6","Jabatan","2250","AHLI PENYAKIT HEWAN (PATOLOGI)","2","PROFESIONAL","2 > 22 > 225 > 2250 > 2250.04","tidak","338"
"2250.05","225005","6","Jabatan","2250","AHLI EPIDEMIOLOGI HEWAN","2","PROFESIONAL","2 > 22 > 225 > 2250 > 2250.05","tidak","338"
"2250.06","225006","6","Jabatan","2250","DOKTER HEWAN PERUSAHAAN","2","PROFESIONAL","2 > 22 > 225 > 2250 > 2250.06","tidak","339"
"2250.07","225007","6","Jabatan","2250","TENAGA AHLI PELAYANAN MEDIK KONSERVASI","2","PROFESIONAL","2 > 22 > 225 > 2250 > 2250.07","tidak","339"
"2250.08","225008","6","Jabatan","2250","TENAGA AHLI PELAYANAN MEDIK AKUATIK","2","PROFESIONAL","2 > 22 > 225 > 2250 > 2250.08","tidak","339"
"2250.99","225099","6","Jabatan","2250","DOKTER HEWAN LAINNYA","2","PROFESIONAL","2 > 22 > 225 > 2250 > 2250.99","ya","339"
"226","226","3","Golongan","22","PROFESIONAL KESEHATAN LAINNYA","2","PROFESIONAL","2 > 22 > 226","tidak","339"
"2261","2261","4","Subgolongan","226","DOKTER GIGI","2","PROFESIONAL","2 > 22 > 226 > 2261","tidak","340"
"2261.01","226101","6","Jabatan","2261","DOKTER GIGI (UMUM)","2","PROFESIONAL","2 > 22 > 226 > 2261 > 2261.01","tidak","342"
"2261.02","226102","6","Jabatan","2261","DOKTER GIGI KESEHATAN MASYARAKAT","2","PROFESIONAL","2 > 22 > 226 > 2261 > 2261.02","tidak","342"
"2261.03","226103","6","Jabatan","2261","ASISTEN BEDAH GIGI","2","PROFESIONAL","2 > 22 > 226 > 2261 > 2261.03","tidak","342"
"2261.04","226104","6","Jabatan","2261","AHLI KESEHATAN GIGI","2","PROFESIONAL","2 > 22 > 226 > 2261 > 2261.04","tidak","342"
"2261.05","226105","6","Jabatan","2261","ENDODONTIST","2","PROFESIONAL","2 > 22 > 226 > 2261 > 2261.05","tidak","343"
"2261.06","226106","6","Jabatan","2261","AHLI BEDAH MULUT DAN MAXILLOFACIAL","2","PROFESIONAL","2 > 22 > 226 > 2261 > 2261.06","tidak","343"
"2261.07","226107","6","Jabatan","2261","AHLI PENYAKIT MULUT","2","PROFESIONAL","2 > 22 > 226 > 2261 > 2261.07","tidak","343"
"2261.08","226108","6","Jabatan","2261","ORTODONTIS","2","PROFESIONAL","2 > 22 > 226 > 2261 > 2261.08","tidak","343"
"2261.09","226109","6","Jabatan","2261","PAEDODONTIST","2","PROFESIONAL","2 > 22 > 226 > 2261 > 2261.09","tidak","343"
"2261.10","226110","6","Jabatan","2261","PERIODONTIST","2","PROFESIONAL","2 > 22 > 226 > 2261 > 2261.10","tidak","343"
"2261.11","226111","6","Jabatan","2261","PROSTHODONTIST","2","PROFESIONAL","2 > 22 > 226 > 2261 > 2261.11","tidak","344"
"2261.99","226199","6","Jabatan","2261","DOKTER GIGI LAINNYA","2","PROFESIONAL","2 > 22 > 226 > 2261 > 2261.99","ya","344"
"2262","2262","4","Subgolongan","226","APOTEKER","2","PROFESIONAL","2 > 22 > 226 > 2262","tidak","344"
"2262.00","226200","6","Jabatan","2262","APOTEKER","2","PROFESIONAL","2 > 22 > 226 > 2262 > 2262.00","tidak","345"
"2263","2263","4","Subgolongan","226","AHLI KESEHATAN DAN KEBERSIHAN LINGKUNGAN KERJA","2","PROFESIONAL","2 > 22 > 226 > 2263","tidak","345"
"2263.01","226301","6","Jabatan","2263","PETUGAS KESEHATAN LINGKUNGAN","2","PROFESIONAL","2 > 22 > 226 > 2263 > 2263.01","tidak","346"
"2263.02","226302","6","Jabatan","2263","PENASIHAT KESEHATAN DAN KESELAMATAN KERJA","2","PROFESIONAL","2 > 22 > 226 > 2263 > 2263.02","tidak","347"
"2263.03","226303","6","Jabatan","2263","AHLI PROTEKSI RADIASI","2","PROFESIONAL","2 > 22 > 226 > 2263 > 2263.03","tidak","347"
"2263.04","226304","6","Jabatan","2263","PENASIHAT KEBIJAKAN PENGASUHAN (CAREGIVING)","2","PROFESIONAL","2 > 22 > 226 > 2263 > 2263.04","tidak","348"
"2263.05","226305","6","Jabatan","2263","PENASIHAT KEBIJAKAN ANAK DAN PAUD","2","PROFESIONAL","2 > 22 > 226 > 2263 > 2263.05","tidak","348"
"2263.06","226306","6","Jabatan","2263","PENASIHAT KEBIJAKAN GERIATRI","2","PROFESIONAL","2 > 22 > 226 > 2263 > 2263.06","tidak","348"
"2263.99","226399","6","Jabatan","2263","AHLI KESEHATAN DAN KEBERSIHAN LINGKUNGAN KERJA LAINNYA","2","PROFESIONAL","2 > 22 > 226 > 2263 > 2263.99","ya","349"
"2264","2264","4","Subgolongan","226","AHLI FISIOTERAPI","2","PROFESIONAL","2 > 22 > 226 > 2264","tidak","349"
"2264.01","226401","6","Jabatan","2264","FISIOTERAPIS","2","PROFESIONAL","2 > 22 > 226 > 2264 > 2264.01","tidak","350"
"2264.02","226402","6","Jabatan","2264","AHLI TERAPI REHABILITASI","2","PROFESIONAL","2 > 22 > 226 > 2264 > 2264.02","tidak","350"
"2264.03","226403","6","Jabatan","2264","TERAPIS GERIATRI (TERAPIS LANSIA)","2","PROFESIONAL","2 > 22 > 226 > 2264 > 2264.03","tidak","350"
"2264.04","226404","6","Jabatan","2264","TERAPIS PEDIATRI (TERAPIS ANAK)","2","PROFESIONAL","2 > 22 > 226 > 2264 > 2264.04","tidak","350"
"2264.05","226405","6","Jabatan","2264","TERAPIS ORTOPEDI (TERAPIS ALAT GERAK)","2","PROFESIONAL","2 > 22 > 226 > 2264 > 2264.05","tidak","351"
"2264.06","226406","6","Jabatan","2264","AHLI KAPASITAS FISIK","2","PROFESIONAL","2 > 22 > 226 > 2264 > 2264.06","tidak","351"
"2264.99","226499","6","Jabatan","2264","AHLI FISIOTERAPI LAINNYA","2","PROFESIONAL","2 > 22 > 226 > 2264 > 2264.99","ya","351"
"2265","2265","4","Subgolongan","226","AHLI DIET DAN GIZI","2","PROFESIONAL","2 > 22 > 226 > 2265","tidak","351"
"2265.01","226501","6","Jabatan","2265","AHLI DIET KLINIS","2","PROFESIONAL","2 > 22 > 226 > 2265 > 2265.01","tidak","352"
"2265.02","226502","6","Jabatan","2265","AHLI GIZI KLINIS","2","PROFESIONAL","2 > 22 > 226 > 2265 > 2265.02","tidak","352"
"2265.03","226503","6","Jabatan","2265","AHLI GIZI LAYANAN MAKANAN","2","PROFESIONAL","2 > 22 > 226 > 2265 > 2265.03","tidak","352"
"2265.04","226504","6","Jabatan","2265","AHLI GIZI KESEHATAN MASYARAKAT","2","PROFESIONAL","2 > 22 > 226 > 2265 > 2265.04","tidak","352"
"2265.05","226505","6","Jabatan","2265","AHLI GIZI OLAHRAGA","2","PROFESIONAL","2 > 22 > 226 > 2265 > 2265.05","tidak","352"
"2265.06","226506","6","Jabatan","2265","AHLI NUTRISI SATWA","2","PROFESIONAL","2 > 22 > 226 > 2265 > 2265.06","tidak","353"
"2265.99","226599","6","Jabatan","2265","AHLI DIET DAN GIZI LAINNYA","2","PROFESIONAL","2 > 22 > 226 > 2265 > 2265.99","ya","353"
"2266","2266","4","Subgolongan","226","AHLI TERAPI PENDENGARAN DAN TERAPI BICARA","2","PROFESIONAL","2 > 22 > 226 > 2266","tidak","353"
"2266.01","226601","6","Jabatan","2266","AHLI TERAPI PENDENGARAN","2","PROFESIONAL","2 > 22 > 226 > 2266 > 2266.01","tidak","354"
"2266.02","226602","6","Jabatan","2266","AHLI TERAPI BICARA","2","PROFESIONAL","2 > 22 > 226 > 2266 > 2266.02","tidak","354"
"2266.99","226699","6","Jabatan","2266","AHLI TERAPI PENDENGARAN DAN TERAPI BICARA LAINNYA","2","PROFESIONAL","2 > 22 > 226 > 2266 > 2266.99","ya","354"
"2267","2267","4","Subgolongan","226","AHLI OPTOMETRIK DAN OPTIK OFTALMIK","2","PROFESIONAL","2 > 22 > 226 > 2267","tidak","355"
"2267.01","226701","6","Jabatan","2267","OPHTHALMIC OPTICIAN","2","PROFESIONAL","2 > 22 > 226 > 2267 > 2267.01","tidak","355"
"2267.02","226702","6","Jabatan","2267","OPTOMETRIST","2","PROFESIONAL","2 > 22 > 226 > 2267 > 2267.02","tidak","355"
"2267.03","226703","6","Jabatan","2267","ORTHOPTIST","2","PROFESIONAL","2 > 22 > 226 > 2267 > 2267.03","tidak","356"
"2267.99","226799","6","Jabatan","2267","AHLI OPTOMETRIK DAN OPTIK OFTALMIK LAINNYA","2","PROFESIONAL","2 > 22 > 226 > 2267 > 2267.99","ya","356"
"2269","2269","4","Subgolongan","226","AHLI KESEHATAN YTDL","2","PROFESIONAL","2 > 22 > 226 > 2269","ya","356"
"2269.01","226901","6","Jabatan","2269","TERAPIS SENI","2","PROFESIONAL","2 > 22 > 226 > 2269 > 2269.01","tidak","357"
"2269.02","226902","6","Jabatan","2269","TERAPIS TARI DAN GERAKAN","2","PROFESIONAL","2 > 22 > 226 > 2269 > 2269.02","tidak","357"
"2269.03","226903","6","Jabatan","2269","OKUPASI TERAPIS","2","PROFESIONAL","2 > 22 > 226 > 2269 > 2269.03","tidak","357"
"2269.04","226904","6","Jabatan","2269","AHLI PODIATRI (PENYAKIT KAKI)","2","PROFESIONAL","2 > 22 > 226 > 2269 > 2269.04","tidak","357"
"2269.99","226999","6","Jabatan","2269","AHLI KESEHATAN YTDL LAINNYA","2","PROFESIONAL","2 > 22 > 226 > 2269 > 2269.99","ya","357"
"23","23","2","Subgolongan pokok","2","PROFESIONAL PENDIDIKAN","2","PROFESIONAL","2 > 23","tidak","357"
"231","231","3","Golongan","23","DOSEN UNIVERSITAS DAN PENDIDIKAN TINGGI","2","PROFESIONAL","2 > 23 > 231","tidak","358"
"2310","2310","4","Subgolongan","231","DOSEN UNIVERSITAS DAN PENDIDIKAN TINGGI","2","PROFESIONAL","2 > 23 > 231 > 2310","tidak","359"
"2310.01","231001","6","Jabatan","2310","DOSEN ILMU FISIKA","2","PROFESIONAL","2 > 23 > 231 > 2310 > 2310.01","tidak","359"
"2310.02","231002","6","Jabatan","2310","DOSEN ILMU TEKNIK DAN ARSITEKTUR","2","PROFESIONAL","2 > 23 > 231 > 2310 > 2310.02","tidak","360"
"2310.03","231003","6","Jabatan","2310","DOSEN ILMU KEDOKTERAN DAN ILMU HAYATI","2","PROFESIONAL","2 > 23 > 231 > 2310 > 2310.03","tidak","360"
"2310.04","231004","6","Jabatan","2310","DOSEN ILMU MATEMATIKA","2","PROFESIONAL","2 > 23 > 231 > 2310 > 2310.04","tidak","360"
"2310.05","231005","6","Jabatan","2310","DOSEN ILMU STATISTIKA","2","PROFESIONAL","2 > 23 > 231 > 2310 > 2310.05","tidak","360"
"2310.06","231006","6","Jabatan","2310","DOSEN ILMU EKONOMI DAN ADMINISTRASI NIAGA","2","PROFESIONAL","2 > 23 > 231 > 2310 > 2310.06","tidak","361"
"2310.07","231007","6","Jabatan","2310","DOSEN ILMU HUKUM","2","PROFESIONAL","2 > 23 > 231 > 2310 > 2310.07","tidak","361"
"2310.08","231008","6","Jabatan","2310","DOSEN ILMU PENDIDIKAN","2","PROFESIONAL","2 > 23 > 231 > 2310 > 2310.08","tidak","361"
"2310.09","231009","6","Jabatan","2310","DOSEN ILMU PERTANIAN","2","PROFESIONAL","2 > 23 > 231 > 2310 > 2310.09","tidak","361"
"2310.10","231010","6","Jabatan","2310","DOSEN ILMU SOSIAL DAN POLITIK","2","PROFESIONAL","2 > 23 > 231 > 2310 > 2310.10","tidak","361"
"2310.11","231011","6","Jabatan","2310","DOSEN ILMU BAHASA, SASTRA, BUDAYA, DAN SEJARAH","2","PROFESIONAL","2 > 23 > 231 > 2310 > 2310.11","tidak","362"
"2310.12","231012","6","Jabatan","2310","DOSEN ILMU KEAGAMAAN","2","PROFESIONAL","2 > 23 > 231 > 2310 > 2310.12","tidak","362"
"2310.13","231013","6","Jabatan","2310","DOSEN ILMU KESEHATAN MASYARAKAT","2","PROFESIONAL","2 > 23 > 231 > 2310 > 2310.13","tidak","362"
"2310.14","231014","6","Jabatan","2310","DOSEN ILMU TERAPI KESEHATAN, KEBIDANAN, DAN YANG SEJENIS","2","PROFESIONAL","2 > 23 > 231 > 2310 > 2310.14","tidak","362"
"2310.15","231015","6","Jabatan","2310","DOSEN ILMU OLAHRAGA","2","PROFESIONAL","2 > 23 > 231 > 2310 > 2310.15","tidak","362"
"2310.16","231016","6","Jabatan","2310","DOSEN ILMU TEKNOLOGI INDUSTRI","2","PROFESIONAL","2 > 23 > 231 > 2310 > 2310.16","tidak","362"
"2310.17","231017","6","Jabatan","2310","DOSEN ILMU KOMPUTER","2","PROFESIONAL","2 > 23 > 231 > 2310 > 2310.17","tidak","363"
"2310.18","231018","6","Jabatan","2310","DOSEN ILMU PARIWISATA","2","PROFESIONAL","2 > 23 > 231 > 2310 > 2310.18","tidak","363"
"2310.19","231019","6","Jabatan","2310","DOSEN SENI RUPA","2","PROFESIONAL","2 > 23 > 231 > 2310 > 2310.19","tidak","363"
"2310.99","231099","6","Jabatan","2310","DOSEN UNIVERSITAS DAN PENDIDIKAN TINGGI LAINNYA","2","PROFESIONAL","2 > 23 > 231 > 2310 > 2310.99","ya","363"
"232","232","3","Golongan","23","PENGAJAR PENDIDIKAN KEJURUAN","2","PROFESIONAL","2 > 23 > 232","tidak","363"
"2320","2320","4","Subgolongan","232","PENGAJAR PENDIDIKAN KEJURUAN","2","PROFESIONAL","2 > 23 > 232 > 2320","tidak","364"
"2320.01","232001","6","Jabatan","2320","INSTRUKTUR TEKNIK OTOMOTIF","2","PROFESIONAL","2 > 23 > 232 > 2320 > 2320.01","tidak","365"
"2320.02","232002","6","Jabatan","2320","INSTRUKTUR TATA RIAS","2","PROFESIONAL","2 > 23 > 232 > 2320 > 2320.02","tidak","365"
"2320.03","232003","6","Jabatan","2320","GURU PENDIDIKAN KEJURUAN MENENGAH PERTAMA","2","PROFESIONAL","2 > 23 > 232 > 2320 > 2320.03","tidak","365"
"2320.04","232004","6","Jabatan","2320","GURU PENDIDIKAN KEJURUAN MENENGAH ATAS","2","PROFESIONAL","2 > 23 > 232 > 2320 > 2320.04","tidak","365"
"2320.99","232099","6","Jabatan","2320","PENGAJAR PENDIDIKAN KEJURUAN LAINNYA","2","PROFESIONAL","2 > 23 > 232 > 2320 > 2320.99","ya","366"
"233","233","3","Golongan","23","GURU PENDIDIKAN MENENGAH","2","PROFESIONAL","2 > 23 > 233","tidak","366"
"2330","2330","4","Subgolongan","233","GURU PENDIDIKAN MENENGAH","2","PROFESIONAL","2 > 23 > 233 > 2330","tidak","366"
"2330.01","233001","6","Jabatan","2330","GURU PENDIDIKAN MENENGAH PERTAMA","2","PROFESIONAL","2 > 23 > 233 > 2330 > 2330.01","tidak","367"
"2330.02","233002","6","Jabatan","2330","GURU PENDIDIKAN MENENGAH ATAS","2","PROFESIONAL","2 > 23 > 233 > 2330 > 2330.02","tidak","367"
"2330.99","233099","6","Jabatan","2330","GURU PENDIDIKAN MENENGAH LAINNYA","2","PROFESIONAL","2 > 23 > 233 > 2330 > 2330.99","ya","368"
"234","234","3","Golongan","23","GURU SEKOLAH DASAR DAN ANAK USIA DINI","2","PROFESIONAL","2 > 23 > 234","tidak","368"
"2341","2341","4","Subgolongan","234","GURU SEKOLAH DASAR","2","PROFESIONAL","2 > 23 > 234 > 2341","tidak","368"
"2341.01","234101","6","Jabatan","2341","GURU SEKOLAH DASAR","2","PROFESIONAL","2 > 23 > 234 > 2341 > 2341.01","tidak","369"
"2341.99","234199","6","Jabatan","2341","GURU SEKOLAH DASAR LAINNYA","2","PROFESIONAL","2 > 23 > 234 > 2341 > 2341.99","ya","369"
"2342","2342","4","Subgolongan","234","GURU ANAK USIA DINI","2","PROFESIONAL","2 > 23 > 234 > 2342","tidak","369"
"2342.01","234201","6","Jabatan","2342","GURU TAMAN KANAK-KANAK","2","PROFESIONAL","2 > 23 > 234 > 2342 > 2342.01","tidak","370"
"2342.02","234202","6","Jabatan","2342","GURU PENDIDIKAN ANAK USIA DINI","2","PROFESIONAL","2 > 23 > 234 > 2342 > 2342.02","tidak","370"
"2342.03","234203","6","Jabatan","2342","FASILITATOR PENGASUH ANAK USIA DINI","2","PROFESIONAL","2 > 23 > 234 > 2342 > 2342.03","tidak","370"
"2342.04","234204","6","Jabatan","2342","INSTRUKTUR PENDIDIKAN ANAK USIA DINI (PAUD)","2","PROFESIONAL","2 > 23 > 234 > 2342 > 2342.04","tidak","371"
"2342.99","234299","6","Jabatan","2342","GURU ANAK USIA DINI LAINNYA","2","PROFESIONAL","2 > 23 > 234 > 2342 > 2342.99","ya","371"
"235","235","3","Golongan","23","PROFESIONAL BIDANG PENDIDIKAN LAINNYA","2","PROFESIONAL","2 > 23 > 235","tidak","371"
"2351","2351","4","Subgolongan","235","SPESIALIS METODE PENDIDIKAN","2","PROFESIONAL","2 > 23 > 235 > 2351","tidak","372"
"2351.01","235101","6","Jabatan","2351","KOORDINATOR KURIKULUM","2","PROFESIONAL","2 > 23 > 235 > 2351 > 2351.01","tidak","373"
"2351.02","235102","6","Jabatan","2351","PENGEMBANG METODE PENDIDIKAN","2","PROFESIONAL","2 > 23 > 235 > 2351 > 2351.02","tidak","373"
"2351.03","235103","6","Jabatan","2351","PENGAWAS SEKOLAH","2","PROFESIONAL","2 > 23 > 235 > 2351 > 2351.03","tidak","373"
"2351.04","235104","6","Jabatan","2351","PENILIK","2","PROFESIONAL","2 > 23 > 235 > 2351 > 2351.04","tidak","373"
"2351.99","235199","6","Jabatan","2351","SPESIALIS METODE PENDIDIKAN LAINNYA","2","PROFESIONAL","2 > 23 > 235 > 2351 > 2351.99","ya","374"
"2352","2352","4","Subgolongan","235","GURU SISWA BERKEBUTUHAN KHUSUS","2","PROFESIONAL","2 > 23 > 235 > 2352","tidak","374"
"2352.01","235201","6","Jabatan","2352","GURU TUNADAKSA","2","PROFESIONAL","2 > 23 > 235 > 2352 > 2352.01","tidak","375"
"2352.02","235202","6","Jabatan","2352","GURU TUNARUNGU","2","PROFESIONAL","2 > 23 > 235 > 2352 > 2352.02","tidak","375"
"2352.03","235203","6","Jabatan","2352","GURU TUNANETRA","2","PROFESIONAL","2 > 23 > 235 > 2352 > 2352.03","tidak","375"
"2352.99","235299","6","Jabatan","2352","GURU SISWA BERKEBUTUHAN KHUSUS LAINNYA","2","PROFESIONAL","2 > 23 > 235 > 2352 > 2352.99","ya","375"
"2353","2353","4","Subgolongan","235","GURU KURSUS BAHASA","2","PROFESIONAL","2 > 23 > 235 > 2353","tidak","375"
"2353.00","235300","6","Jabatan","2353","GURU KURSUS BAHASA","2","PROFESIONAL","2 > 23 > 235 > 2353 > 2353.00","tidak","376"
"2354","2354","4","Subgolongan","235","GURU KURSUS MUSIK","2","PROFESIONAL","2 > 23 > 235 > 2354","tidak","376"
"2354.01","235401","6","Jabatan","2354","GURU GITAR","2","PROFESIONAL","2 > 23 > 235 > 2354 > 2354.01","tidak","377"
"2354.02","235402","6","Jabatan","2354","GURU PIANO","2","PROFESIONAL","2 > 23 > 235 > 2354 > 2354.02","tidak","377"
"2354.03","235403","6","Jabatan","2354","GURU VOKAL","2","PROFESIONAL","2 > 23 > 235 > 2354 > 2354.03","tidak","377"
"2354.04","235404","6","Jabatan","2354","GURU BIOLA","2","PROFESIONAL","2 > 23 > 235 > 2354 > 2354.04","tidak","378"
"2354.99","235499","6","Jabatan","2354","GURU KURSUS MUSIK LAINNYA","2","PROFESIONAL","2 > 23 > 235 > 2354 > 2354.99","ya","378"
"2355","2355","4","Subgolongan","235","GURU KURSUS SENI","2","PROFESIONAL","2 > 23 > 235 > 2355","tidak","378"
"2355.01","235501","6","Jabatan","2355","GURU TARI","2","PROFESIONAL","2 > 23 > 235 > 2355 > 2355.01","tidak","379"
"2355.02","235502","6","Jabatan","2355","GURU TEATER/DRAMA","2","PROFESIONAL","2 > 23 > 235 > 2355 > 2355.02","tidak","379"
"2355.03","235503","6","Jabatan","2355","GURU LUKIS","2","PROFESIONAL","2 > 23 > 235 > 2355 > 2355.03","tidak","379"
"2355.04","235504","6","Jabatan","2355","GURU PAHAT/UKIR","2","PROFESIONAL","2 > 23 > 235 > 2355 > 2355.04","tidak","379"
"2355.99","235599","6","Jabatan","2355","GURU KURSUS SENI LAINNYA","2","PROFESIONAL","2 > 23 > 235 > 2355 > 2355.99","ya","380"
"2356","2356","4","Subgolongan","235","PENGAJAR TEKNOLOGI INFORMASI","2","PROFESIONAL","2 > 23 > 235 > 2356","tidak","380"
"2356.01","235601","6","Jabatan","2356","PENGAJAR KOMPUTER","2","PROFESIONAL","2 > 23 > 235 > 2356 > 2356.01","tidak","380"
"2356.02","235602","6","Jabatan","2356","PENGAJAR PERANGKAT LUNAK","2","PROFESIONAL","2 > 23 > 235 > 2356 > 2356.02","tidak","381"
"2356.99","235699","6","Jabatan","2356","PENGAJAR TEKNOLOGI INFORMASI LAINNYA","2","PROFESIONAL","2 > 23 > 235 > 2356 > 2356.99","ya","381"
"2359","2359","4","Subgolongan","235","PROFESIONAL BIDANG PENDIDIKAN LAINNYA YTDL","2","PROFESIONAL","2 > 23 > 235 > 2359","ya","381"
"2359.01","235901","6","Jabatan","2359","EDUKATOR MUSEUM","2","PROFESIONAL","2 > 23 > 235 > 2359 > 2359.01","tidak","382"
"2359.99","235999","6","Jabatan","2359","PROFESIONAL BIDANG PENDIDIKAN LAINNYA YTDL","2","PROFESIONAL","2 > 23 > 235 > 2359 > 2359.99","ya","383"
"24","24","2","Subgolongan pokok","2","PROFESIONAL BISNIS DAN ADMINISTRASI","2","PROFESIONAL","2 > 24","tidak","383"
"241","241","3","Golongan","24","PROFESIONAL KEUANGAN","2","PROFESIONAL","2 > 24 > 241","tidak","383"
"2411","2411","4","Subgolongan","241","AKUNTAN","2","PROFESIONAL","2 > 24 > 241 > 2411","tidak","384"
"2411.01","241101","6","Jabatan","2411","AKUNTAN KEUANGAN","2","PROFESIONAL","2 > 24 > 241 > 2411 > 2411.01","tidak","385"
"2411.02","241102","6","Jabatan","2411","AUDITOR","2","PROFESIONAL","2 > 24 > 241 > 2411 > 2411.02","tidak","385"
"2411.03","241103","6","Jabatan","2411","PENGAWAS KEUANGAN","2","PROFESIONAL","2 > 24 > 241 > 2411 > 2411.03","tidak","385"
"2411.04","241104","6","Jabatan","2411","AKUNTAN MANAJEMEN","2","PROFESIONAL","2 > 24 > 241 > 2411 > 2411.04","tidak","386"
"2411.05","241105","6","Jabatan","2411","AKUNTAN PAJAK","2","PROFESIONAL","2 > 24 > 241 > 2411 > 2411.05","tidak","386"
"2411.99","241199","6","Jabatan","2411","AKUNTAN LAINNYA","2","PROFESIONAL","2 > 24 > 241 > 2411 > 2411.99","ya","386"
"2412","2412","4","Subgolongan","241","KONSULTAN KEUANGAN DAN INVESTASI","2","PROFESIONAL","2 > 24 > 241 > 2412","tidak","387"
"2412.01","241201","6","Jabatan","2412","PERENCANA ESTATE/INVESTASI FISIK","2","PROFESIONAL","2 > 24 > 241 > 2412 > 2412.01","tidak","387"
"2412.02","241202","6","Jabatan","2412","PERENCANA KEUANGAN","2","PROFESIONAL","2 > 24 > 241 > 2412 > 2412.02","tidak","387"
"2412.99","241299","6","Jabatan","2412","KONSULTAN KEUANGAN DAN INVESTASI LAINNYA","2","PROFESIONAL","2 > 24 > 241 > 2412 > 2412.99","ya","387"
"2413","2413","4","Subgolongan","241","ANALIS KEUANGAN","2","PROFESIONAL","2 > 24 > 241 > 2413","tidak","388"
"2413.01","241301","6","Jabatan","2413","ANALIS OBLIGASI","2","PROFESIONAL","2 > 24 > 241 > 2413 > 2413.01","tidak","388"
"2413.02","241302","6","Jabatan","2413","KONSULTAN INVESTASI","2","PROFESIONAL","2 > 24 > 241 > 2413 > 2413.02","tidak","389"
"2413.99","241399","6","Jabatan","2413","ANALIS KEUANGAN LAINNYA","2","PROFESIONAL","2 > 24 > 241 > 2413 > 2413.99","ya","389"
"242","242","3","Golongan","24","PROFESIONAL ADMINISTRASI","2","PROFESIONAL","2 > 24 > 242","tidak","389"
"2421","2421","4","Subgolongan","242","ANALIS MANAJEMEN DAN ORGANISASI","2","PROFESIONAL","2 > 24 > 242 > 2421","tidak","389"
"2421.01","242101","6","Jabatan","2421","ANALIS ORGANISASI DAN METODE","2","PROFESIONAL","2 > 24 > 242 > 2421 > 2421.01","tidak","390"
"2421.02","242102","6","Jabatan","2421","KONSULTAN BISNIS","2","PROFESIONAL","2 > 24 > 242 > 2421 > 2421.02","tidak","391"
"2421.03","242103","6","Jabatan","2421","KONSULTAN MANAJEMEN","2","PROFESIONAL","2 > 24 > 242 > 2421 > 2421.03","tidak","391"
"2421.99","242199","6","Jabatan","2421","ANALIS MANAJEMEN DAN ORGANISASI LAINNYA","2","PROFESIONAL","2 > 24 > 242 > 2421 > 2421.99","ya","391"
"2422","2422","4","Subgolongan","242","PROFESIONAL KEBIJAKAN ADMINISTRASI","2","PROFESIONAL","2 > 24 > 242 > 2422","tidak","391"
"2422.01","242201","6","Jabatan","2422","ANALIS KEBIJAKAN","2","PROFESIONAL","2 > 24 > 242 > 2422 > 2422.01","tidak","392"
"2422.99","242299","6","Jabatan","2422","PROFESIONAL KEBIJAKAN ADMINISTRASI LAINNYA","2","PROFESIONAL","2 > 24 > 242 > 2422 > 2422.99","ya","392"
"2423","2423","4","Subgolongan","242","PROFESIONAL PERSONALIA DAN KARIER","2","PROFESIONAL","2 > 24 > 242 > 2423","tidak","392"
"2423.01","242301","6","Jabatan","2423","PENASIHAT KARIER","2","PROFESIONAL","2 > 24 > 242 > 2423 > 2423.01","tidak","393"
"2423.02","242302","6","Jabatan","2423","ANALIS PEKERJAAN","2","PROFESIONAL","2 > 24 > 242 > 2423 > 2423.02","tidak","393"
"2423.03","242303","6","Jabatan","2423","ANALIS JABATAN","2","PROFESIONAL","2 > 24 > 242 > 2423 > 2423.03","tidak","394"
"2423.04","242304","6","Jabatan","2423","KONSELOR BIMBINGAN KEJURUAN","2","PROFESIONAL","2 > 24 > 242 > 2423 > 2423.04","tidak","394"
"2423.05","242305","6","Jabatan","2423","PAKAR SUMBER DAYA MANUSIA","2","PROFESIONAL","2 > 24 > 242 > 2423 > 2423.05","tidak","394"
"2423.06","242306","6","Jabatan","2423","AHLI PENEMPATAN KERJA","2","PROFESIONAL","2 > 24 > 242 > 2423 > 2423.06","tidak","395"
"2423.99","242399","6","Jabatan","2423","PROFESIONAL PERSONALIA DAN KARIER LAINNYA","2","PROFESIONAL","2 > 24 > 242 > 2423 > 2423.99","ya","395"
"2424","2424","4","Subgolongan","242","PROFESIONAL PELATIHAN DAN PENGEMBANGAN STAF","2","PROFESIONAL","2 > 24 > 242 > 2424","tidak","395"
"2424.01","242401","6","Jabatan","2424","PETUGAS PELATIHAN","2","PROFESIONAL","2 > 24 > 242 > 2424 > 2424.01","tidak","396"
"2424.02","242402","6","Jabatan","2424","SPESIALIS PENGEMBANGAN TENAGA KERJA","2","PROFESIONAL","2 > 24 > 242 > 2424 > 2424.02","tidak","396"
"2424.03","242403","6","Jabatan","2424","KONSULTAN PENDAMPING USAHA MIKRO KECIL MENENGAH (UMKM)","2","PROFESIONAL","2 > 24 > 242 > 2424 > 2424.03","tidak","396"
"2424.99","242499","6","Jabatan","2424","PROFESIONAL PELATIHAN DAN PENGEMBANGAN STAF LAINNYA","2","PROFESIONAL","2 > 24 > 242 > 2424 > 2424.99","ya","397"
"243","243","3","Golongan","24","PROFESIONAL PENJUALAN, PEMASARAN, DAN HUBUNGAN MASYARAKAT","2","PROFESIONAL","2 > 24 > 243","tidak","397"
"2431","2431","4","Subgolongan","243","PROFESIONAL PERIKLANAN DAN PEMASARAN","2","PROFESIONAL","2 > 24 > 243 > 2431","tidak","397"
"2431.01","243101","6","Jabatan","2431","SPESIALIS PERIKLANAN","2","PROFESIONAL","2 > 24 > 243 > 2431 > 2431.01","tidak","398"
"2431.02","243102","6","Jabatan","2431","ANALIS RISET PASAR","2","PROFESIONAL","2 > 24 > 243 > 2431 > 2431.02","tidak","398"
"2431.03","243103","6","Jabatan","2431","SPESIALIS PEMASARAN","2","PROFESIONAL","2 > 24 > 243 > 2431 > 2431.03","tidak","399"
"2431.04","243104","6","Jabatan","2431","SPESIALIS PEMASARAN DIGITAL","2","PROFESIONAL","2 > 24 > 243 > 2431 > 2431.04","tidak","399"
"2431.99","243199","6","Jabatan","2431","PROFESIONAL PERIKLANAN DAN PEMASARAN LAINNYA","2","PROFESIONAL","2 > 24 > 243 > 2431 > 2431.99","ya","399"
"2432","2432","4","Subgolongan","243","PROFESIONAL HUBUNGAN MASYARAKAT","2","PROFESIONAL","2 > 24 > 243 > 2432","tidak","399"
"2432.00","243200","6","Jabatan","2432","PROFESIONAL HUBUNGAN MASYARAKAT","2","PROFESIONAL","2 > 24 > 243 > 2432 > 2432.00","tidak","400"
"2433","2433","4","Subgolongan","243","PROFESIONAL PENJUALAN PRODUK TEKNIK DAN MEDIS (SELAIN TIK)","2","PROFESIONAL","2 > 24 > 243 > 2433","tidak","400"
"2433.01","243301","6","Jabatan","2433","PERWAKILAN PENJUALAN (PRODUK INDUSTRI)","2","PROFESIONAL","2 > 24 > 243 > 2433 > 2433.01","tidak","401"
"2433.02","243302","6","Jabatan","2433","PERWAKILAN PENJUALAN (PRODUK MEDIS DAN FARMASI)","2","PROFESIONAL","2 > 24 > 243 > 2433 > 2433.02","tidak","402"
"2433.03","243303","6","Jabatan","2433","PERWAKILAN PENJUALAN PRODUK TEKNIK","2","PROFESIONAL","2 > 24 > 243 > 2433 > 2433.03","tidak","402"
"2433.99","243399","6","Jabatan","2433","PROFESIONAL PENJUALAN PRODUK TEKNIK DAN MEDIS (SELAIN TIK) LAINNYA","2","PROFESIONAL","2 > 24 > 243 > 2433 > 2433.99","ya","402"
"2434","2434","4","Subgolongan","243","PROFESIONAL PENJUALAN PRODUK TEKNOLOGI INFORMASI DAN KOMUNIKASI","2","PROFESIONAL","2 > 24 > 243 > 2434","tidak","402"
"2434.00","243400","6","Jabatan","2434","PROFESIONAL PENJUALAN PRODUK TEKNOLOGI INFORMASI DAN KOMUNIKASI","2","PROFESIONAL","2 > 24 > 243 > 2434 > 2434.00","tidak","403"
"25","25","2","Subgolongan pokok","2","PROFESIONAL TEKNOLOGI INFORMASI DAN KOMUNIKASI","2","PROFESIONAL","2 > 25","tidak","403"
"251","251","3","Golongan","25","ANALIS DAN PENGEMBANG PERANGKAT LUNAK SERTA APLIKASI","2","PROFESIONAL","2 > 25 > 251","tidak","404"
"2511","2511","4","Subgolongan","251","ANALIS SISTEM","2","PROFESIONAL","2 > 25 > 251 > 2511","tidak","404"
"2511.01","251101","6","Jabatan","2511","ANALIS BISNIS (TI)","2","PROFESIONAL","2 > 25 > 251 > 2511 > 2511.01","tidak","405"
"2511.02","251102","6","Jabatan","2511","KONSULTAN SISTEM","2","PROFESIONAL","2 > 25 > 251 > 2511 > 2511.02","tidak","405"
"2511.03","251103","6","Jabatan","2511","PERANCANG SISTEM (TI)","2","PROFESIONAL","2 > 25 > 251 > 2511 > 2511.03","tidak","406"
"2511.99","251199","6","Jabatan","2511","ANALIS SISTEM LAINNYA","2","PROFESIONAL","2 > 25 > 251 > 2511 > 2511.99","ya","406"
"2512","2512","4","Subgolongan","251","PENGEMBANG PERANGKAT LUNAK","2","PROFESIONAL","2 > 25 > 251 > 2512","tidak","406"
"2512.01","251201","6","Jabatan","2512","ANALIS PEMROGRAMAN","2","PROFESIONAL","2 > 25 > 251 > 2512 > 2512.01","tidak","407"
"2512.02","251202","6","Jabatan","2512","PERANCANG PERANGKAT LUNAK","2","PROFESIONAL","2 > 25 > 251 > 2512 > 2512.02","tidak","407"
"2512.03","251203","6","Jabatan","2512","PEMROGRAM PERANGKAT LUNAK","2","PROFESIONAL","2 > 25 > 251 > 2512 > 2512.03","tidak","407"
"2512.04","251204","6","Jabatan","2512","TEKNISI PERANGKAT LUNAK","2","PROFESIONAL","2 > 25 > 251 > 2512 > 2512.04","tidak","407"
"2512.05","251205","6","Jabatan","2512","ANALIS DAN PENGUJI JAMINAN KUALITAS PERANGKAT LUNAK (QA)","2","PROFESIONAL","2 > 25 > 251 > 2512 > 2512.05","tidak","408"
"2512.99","251299","6","Jabatan","2512","PENGEMBANG PERANGKAT LUNAK LAINNYA","2","PROFESIONAL","2 > 25 > 251 > 2512 > 2512.99","ya","408"
"2513","2513","4","Subgolongan","251","PENGEMBANG WEB DAN MULTIMEDIA","2","PROFESIONAL","2 > 25 > 251 > 2513","tidak","408"
"2513.01","251301","6","Jabatan","2513","PROGRAMMER ANIMASI","2","PROFESIONAL","2 > 25 > 251 > 2513 > 2513.01","tidak","409"
"2513.02","251302","6","Jabatan","2513","PROGRAMMER GIM KOMPUTER","2","PROFESIONAL","2 > 25 > 251 > 2513 > 2513.02","tidak","409"
"2513.03","251303","6","Jabatan","2513","PENGEMBANG INTERNET","2","PROFESIONAL","2 > 25 > 251 > 2513 > 2513.03","tidak","410"
"2513.04","251304","6","Jabatan","2513","PROGRAMMER MULTIMEDIA","2","PROFESIONAL","2 > 25 > 251 > 2513 > 2513.04","tidak","410"
"2513.05","251305","6","Jabatan","2513","ARSITEK WEB","2","PROFESIONAL","2 > 25 > 251 > 2513 > 2513.05","tidak","411"
"2513.06","251306","6","Jabatan","2513","PENGEMBANG WEB","2","PROFESIONAL","2 > 25 > 251 > 2513 > 2513.06","tidak","411"
"2513.07","251307","6","Jabatan","2513","PERANCANG ANTARMUKA WEB DAN DIGITAL","2","PROFESIONAL","2 > 25 > 251 > 2513 > 2513.07","tidak","411"
"2513.99","251399","6","Jabatan","2513","PENGEMBANG WEB DAN MULTIMEDIA LAINNYA","2","PROFESIONAL","2 > 25 > 251 > 2513 > 2513.99","ya","411"
"2514","2514","4","Subgolongan","251","PEMROGRAM APLIKASI","2","PROFESIONAL","2 > 25 > 251 > 2514","tidak","412"
"2514.00","251400","6","Jabatan","2514","PEMROGRAM APLIKASI","2","PROFESIONAL","2 > 25 > 251 > 2514 > 2514.00","tidak","412"
"2515","2515","4","Subgolongan","251","AHLI KRIPTOGRAFI","2","PROFESIONAL","2 > 25 > 251 > 2515","tidak","412"
"2515.01","251501","6","Jabatan","2515","ANALIS KRIPTOGRAFI","2","PROFESIONAL","2 > 25 > 251 > 2515 > 2515.01","tidak","413"
"2515.02","251502","6","Jabatan","2515","PEREKAYASA KRIPTOGRAFI","2","PROFESIONAL","2 > 25 > 251 > 2515 > 2515.02","tidak","413"
"2515.03","251503","6","Jabatan","2515","SPESIALIS KRIPTOGRAFI","2","PROFESIONAL","2 > 25 > 251 > 2515 > 2515.03","tidak","414"
"2515.99","251599","6","Jabatan","2515","AHLI KRIPTOGRAFI LAINNYA","2","PROFESIONAL","2 > 25 > 251 > 2515 > 2515.99","ya","414"
"2519","2519","4","Subgolongan","251","ANALIS DAN PENGEMBANG PERANGKAT LUNAK DAN APLIKASI YTDL","2","PROFESIONAL","2 > 25 > 251 > 2519","ya","414"
"2519.01","251901","6","Jabatan","2519","ANALIS JAMINAN KUALITAS (KOMPUTER)","2","PROFESIONAL","2 > 25 > 251 > 2519 > 2519.01","tidak","415"
"2519.02","251902","6","Jabatan","2519","TESTER PERANGKAT LUNAK","2","PROFESIONAL","2 > 25 > 251 > 2519 > 2519.02","tidak","415"
"2519.03","251903","6","Jabatan","2519","TESTER SISTEM","2","PROFESIONAL","2 > 25 > 251 > 2519 > 2519.03","tidak","415"
"2519.99","251999","6","Jabatan","2519","ANALIS DAN PENGEMBANG PERANGKAT LUNAK DAN APLIKASI YTDL LAINNYA","2","PROFESIONAL","2 > 25 > 251 > 2519 > 2519.99","ya","416"
"252","252","3","Golongan","25","PROFESIONAL BASIS DATA DAN JARINGAN","2","PROFESIONAL","2 > 25 > 252","tidak","416"
"2521","2521","4","Subgolongan","252","PENGELOLA DAN DESAINER BASIS DATA","2","PROFESIONAL","2 > 25 > 252 > 2521","tidak","416"
"2521.01","252101","6","Jabatan","2521","ADMINISTRATOR BASIS DATA","2","PROFESIONAL","2 > 25 > 252 > 2521 > 2521.01","tidak","417"
"2521.02","252102","6","Jabatan","2521","ANALIS BASIS DATA","2","PROFESIONAL","2 > 25 > 252 > 2521 > 2521.02","tidak","417"
"2521.03","252103","6","Jabatan","2521","ARSITEK BASIS DATA","2","PROFESIONAL","2 > 25 > 252 > 2521 > 2521.03","tidak","418"
"2521.99","252199","6","Jabatan","2521","PENGELOLA DAN DESAINER BASIS DATA LAINNYA","2","PROFESIONAL","2 > 25 > 252 > 2521 > 2521.99","ya","418"
"2522","2522","4","Subgolongan","252","PENGELOLA SISTEM","2","PROFESIONAL","2 > 25 > 252 > 2522","tidak","418"
"2522.01","252201","6","Jabatan","2522","ADMINISTRATOR SISTEM","2","PROFESIONAL","2 > 25 > 252 > 2522 > 2522.01","tidak","419"
"2522.02","252202","6","Jabatan","2522","ADMINISTRATOR JARINGAN","2","PROFESIONAL","2 > 25 > 252 > 2522 > 2522.02","tidak","419"
"2522.99","252299","6","Jabatan","2522","PENGELOLA SISTEM LAINNYA","2","PROFESIONAL","2 > 25 > 252 > 2522 > 2522.99","ya","419"
"2523","2523","4","Subgolongan","252","PROFESIONAL JARINGAN KOMPUTER","2","PROFESIONAL","2 > 25 > 252 > 2523","tidak","419"
"2523.01","252301","6","Jabatan","2523","ANALIS KOMUNIKASI (KOMPUTER)","2","PROFESIONAL","2 > 25 > 252 > 2523 > 2523.01","tidak","420"
"2523.02","252302","6","Jabatan","2523","ANALIS JARINGAN","2","PROFESIONAL","2 > 25 > 252 > 2523 > 2523.02","tidak","420"
"2523.99","252399","6","Jabatan","2523","PROFESIONAL JARINGAN KOMPUTER LAINNYA","2","PROFESIONAL","2 > 25 > 252 > 2523 > 2523.99","ya","421"
"2529","2529","4","Subgolongan","252","PROFESIONAL BASIS DATA DAN JARINGAN YTDL","2","PROFESIONAL","2 > 25 > 252 > 2529","ya","421"
"2529.01","252901","6","Jabatan","2529","SPESIALIS FORENSIK DIGITAL","2","PROFESIONAL","2 > 25 > 252 > 2529 > 2529.01","tidak","421"
"2529.02","252902","6","Jabatan","2529","SPESIALIS KEAMANAN (TIK)","2","PROFESIONAL","2 > 25 > 252 > 2529 > 2529.02","tidak","422"
"2529.03","252903","6","Jabatan","2529","ANALIS INSIDEN SIBER","2","PROFESIONAL","2 > 25 > 252 > 2529 > 2529.03","tidak","422"
"2529.04","252904","6","Jabatan","2529","AUDITOR KEAMANAN INFORMASI","2","PROFESIONAL","2 > 25 > 252 > 2529 > 2529.04","tidak","422"
"2529.05","252905","6","Jabatan","2529","SPESIALIS KEAMANAN SIBER","2","PROFESIONAL","2 > 25 > 252 > 2529 > 2529.05","tidak","422"
"2529.06","252906","6","Jabatan","2529","SPESIALIS RISIKO KEAMANAN SIBER","2","PROFESIONAL","2 > 25 > 252 > 2529 > 2529.06","tidak","423"
"2529.07","252907","6","Jabatan","2529","SPESIALIS TATA KELOLA KEAMANAN SIBER","2","PROFESIONAL","2 > 25 > 252 > 2529 > 2529.07","tidak","423"
"2529.99","252999","6","Jabatan","2529","PROFESIONAL BASIS DATA DAN JARINGAN YTDL LAINNYA","2","PROFESIONAL","2 > 25 > 252 > 2529 > 2529.99","ya","423"
"26","26","2","Subgolongan pokok","2","PROFESIONAL HUKUM, SOSIAL, DAN BUDAYA","2","PROFESIONAL","2 > 26","tidak","423"
"261","261","3","Golongan","26","PROFESIONAL HUKUM","2","PROFESIONAL","2 > 26 > 261","tidak","424"
"2611","2611","4","Subgolongan","261","PENGACARA","2","PROFESIONAL","2 > 26 > 261 > 2611","tidak","424"
"2611.01","261101","6","Jabatan","2611","ADVOKAT","2","PROFESIONAL","2 > 26 > 261 > 2611 > 2611.01","tidak","425"
"2611.02","261102","6","Jabatan","2611","JAKSA","2","PROFESIONAL","2 > 26 > 261 > 2611 > 2611.02","tidak","426"
"2611.03","261103","6","Jabatan","2611","PENUNTUT UMUM","2","PROFESIONAL","2 > 26 > 261 > 2611 > 2611.03","tidak","426"
"2611.04","261104","6","Jabatan","2611","PENASIHAT HUKUM","2","PROFESIONAL","2 > 26 > 261 > 2611 > 2611.04","tidak","427"
"2611.99","261199","6","Jabatan","2611","PENGACARA LAINNYA","2","PROFESIONAL","2 > 26 > 261 > 2611 > 2611.99","ya","427"
"2612","2612","4","Subgolongan","261","HAKIM","2","PROFESIONAL","2 > 26 > 261 > 2612","tidak","427"
"2612.01","261201","6","Jabatan","2612","HAKIM PERADILAN UMUM","2","PROFESIONAL","2 > 26 > 261 > 2612 > 2612.01","tidak","427"
"2612.02","261202","6","Jabatan","2612","HAKIM PERADILAN AGAMA","2","PROFESIONAL","2 > 26 > 261 > 2612 > 2612.02","tidak","428"
"2612.03","261203","6","Jabatan","2612","HAKIM PERADILAN MILITER","2","PROFESIONAL","2 > 26 > 261 > 2612 > 2612.03","tidak","428"
"2612.04","261204","6","Jabatan","2612","HAKIM PERADILAN TATA USAHA NEGARA","2","PROFESIONAL","2 > 26 > 261 > 2612 > 2612.04","tidak","428"
"2612.99","261299","6","Jabatan","2612","HAKIM LAINNYA","2","PROFESIONAL","2 > 26 > 261 > 2612 > 2612.99","ya","429"
"2619","2619","4","Subgolongan","261","PROFESIONAL HUKUM YTDL","2","PROFESIONAL","2 > 26 > 261 > 2619","ya","429"
"2619.01","261901","6","Jabatan","2619","AHLI HUKUM (SELAIN PENGACARA ATAU HAKIM)","2","PROFESIONAL","2 > 26 > 261 > 2619 > 2619.01","tidak","429"
"2619.02","261902","6","Jabatan","2619","NOTARIS","2","PROFESIONAL","2 > 26 > 261 > 2619 > 2619.02","tidak","429"
"2619.03","261903","6","Jabatan","2619","SPESIALIS HAK KEKAYAAN INTELEKTUAL","2","PROFESIONAL","2 > 26 > 261 > 2619 > 2619.03","tidak","430"
"2619.99","261999","6","Jabatan","2619","PROFESIONAL HUKUM YTDL LAINNYA","2","PROFESIONAL","2 > 26 > 261 > 2619 > 2619.99","ya","430"
"262","262","3","Golongan","26","PUSTAKAWAN, ARSIPARIS, DAN KURATOR","2","PROFESIONAL","2 > 26 > 262","tidak","430"
"2621","2621","4","Subgolongan","262","ARSIPARIS DAN KURATOR","2","PROFESIONAL","2 > 26 > 262 > 2621","tidak","430"
"2621.01","262101","6","Jabatan","2621","PENGARSIP","2","PROFESIONAL","2 > 26 > 262 > 2621 > 2621.01","tidak","431"
"2621.02","262102","6","Jabatan","2621","KURATOR GALERI SENI","2","PROFESIONAL","2 > 26 > 262 > 2621 > 2621.02","tidak","431"
"2621.03","262103","6","Jabatan","2621","KURATOR MUSEUM","2","PROFESIONAL","2 > 26 > 262 > 2621 > 2621.03","tidak","432"
"2621.99","262199","6","Jabatan","2621","ARSIPARIS DAN KURATOR LAINNYA","2","PROFESIONAL","2 > 26 > 262 > 2621 > 2621.99","ya","432"
"2622","2622","4","Subgolongan","262","PUSTAKAWAN DAN PROFESIONAL INFORMASI YBDI","2","PROFESIONAL","2 > 26 > 262 > 2622","tidak","432"
"2622.01","262201","6","Jabatan","2622","AHLI BIBLIOGRAFI","2","PROFESIONAL","2 > 26 > 262 > 2622 > 2622.01","tidak","433"
"2622.02","262202","6","Jabatan","2622","JURU KATALOG","2","PROFESIONAL","2 > 26 > 262 > 2622 > 2622.02","tidak","433"
"2622.03","262203","6","Jabatan","2622","PUSTAKAWAN","2","PROFESIONAL","2 > 26 > 262 > 2622 > 2622.03","tidak","433"
"2622.99","262299","6","Jabatan","2622","PUSTAKAWAN DAN PROFESIONAL INFORMASI YBDI LAINNYA","2","PROFESIONAL","2 > 26 > 262 > 2622 > 2622.99","ya","433"
"263","263","3","Golongan","26","PROFESIONAL SOSIAL DAN KEAGAMAAN","2","PROFESIONAL","2 > 26 > 263","tidak","434"
"2631","2631","4","Subgolongan","263","AHLI EKONOMI","2","PROFESIONAL","2 > 26 > 263 > 2631","tidak","434"
"2631.01","263101","6","Jabatan","2631","EKONOM","2","PROFESIONAL","2 > 26 > 263 > 2631 > 2631.01","tidak","435"
"2631.02","263102","6","Jabatan","2631","AHLI EKONOMETRIK","2","PROFESIONAL","2 > 26 > 263 > 2631 > 2631.02","tidak","435"
"2631.03","263103","6","Jabatan","2631","PENASIHAT EKONOMI","2","PROFESIONAL","2 > 26 > 263 > 2631 > 2631.03","tidak","436"
"2631.04","263104","6","Jabatan","2631","ANALIS EKONOMI","2","PROFESIONAL","2 > 26 > 263 > 2631 > 2631.04","tidak","436"
"2631.05","263105","6","Jabatan","2631","AHLI EKONOMI PERBURUHAN","2","PROFESIONAL","2 > 26 > 263 > 2631 > 2631.05","tidak","436"
"2631.99","263199","6","Jabatan","2631","AHLI EKONOMI LAINNYA","2","PROFESIONAL","2 > 26 > 263 > 2631 > 2631.99","ya","437"
"2632","2632","4","Subgolongan","263","AHLI SOSIOLOGI, ANTROPOLOGI, DAN PROFESIONAL YBDI","2","PROFESIONAL","2 > 26 > 263 > 2632","tidak","437"
"2632.01","263201","6","Jabatan","2632","AHLI ANTROPOLOGI","2","PROFESIONAL","2 > 26 > 263 > 2632 > 2632.01","tidak","437"
"2632.02","263202","6","Jabatan","2632","AHLI ARKEOLOGI","2","PROFESIONAL","2 > 26 > 263 > 2632 > 2632.02","tidak","438"
"2632.03","263203","6","Jabatan","2632","AHLI ETNOLOGI","2","PROFESIONAL","2 > 26 > 263 > 2632 > 2632.03","tidak","438"
"2632.04","263204","6","Jabatan","2632","AHLI GEOGRAFI","2","PROFESIONAL","2 > 26 > 263 > 2632 > 2632.04","tidak","438"
"2632.05","263205","6","Jabatan","2632","AHLI SOSIOLOGI","2","PROFESIONAL","2 > 26 > 263 > 2632 > 2632.05","tidak","439"
"2632.99","263299","6","Jabatan","2632","AHLI SOSIOLOGI, ANTROPOLOGI, DAN PROFESIONAL YBDI LAINNYA","2","PROFESIONAL","2 > 26 > 263 > 2632 > 2632.99","ya","439"
"2633","2633","4","Subgolongan","263","AHLI FILSAFAT, SEJARAWAN, DAN AHLI POLITIK","2","PROFESIONAL","2 > 26 > 263 > 2633","tidak","439"
"2633.01","263301","6","Jabatan","2633","AHLI FILSAFAT","2","PROFESIONAL","2 > 26 > 263 > 2633 > 2633.01","tidak","440"
"2633.02","263302","6","Jabatan","2633","AHLI SEJARAH","2","PROFESIONAL","2 > 26 > 263 > 2633 > 2633.02","tidak","440"
"2633.03","263303","6","Jabatan","2633","AHLI POLITIK","2","PROFESIONAL","2 > 26 > 263 > 2633 > 2633.03","tidak","441"
"2633.04","263304","6","Jabatan","2633","AHLI GENEALOGI (AHLI SILSILAH)","2","PROFESIONAL","2 > 26 > 263 > 2633 > 2633.04","tidak","441"
"2633.99","263399","6","Jabatan","2633","AHLI FILSAFAT, SEJARAWAN, DAN AHLI POLITIK LAINNYA","2","PROFESIONAL","2 > 26 > 263 > 2633 > 2633.99","ya","441"
"2634","2634","4","Subgolongan","263","PSIKOLOG","2","PROFESIONAL","2 > 26 > 263 > 2634","tidak","441"
"2634.01","263401","6","Jabatan","2634","PSIKOLOG KLINIS","2","PROFESIONAL","2 > 26 > 263 > 2634 > 2634.01","tidak","442"
"2634.02","263402","6","Jabatan","2634","PSIKOLOG PENDIDIKAN","2","PROFESIONAL","2 > 26 > 263 > 2634 > 2634.02","tidak","442"
"2634.03","263403","6","Jabatan","2634","PSIKOLOG ORGANISASI","2","PROFESIONAL","2 > 26 > 263 > 2634 > 2634.03","tidak","443"
"2634.04","263404","6","Jabatan","2634","PSIKOTERAPIS","2","PROFESIONAL","2 > 26 > 263 > 2634 > 2634.04","tidak","443"
"2634.05","263405","6","Jabatan","2634","PSIKOLOG OLAHRAGA","2","PROFESIONAL","2 > 26 > 263 > 2634 > 2634.05","tidak","443"
"2634.99","263499","6","Jabatan","2634","PSIKOLOG LAINNYA","2","PROFESIONAL","2 > 26 > 263 > 2634 > 2634.99","ya","444"
"2635","2635","4","Subgolongan","263","PROFESIONAL KONSELING DAN PEKERJA SOSIAL","2","PROFESIONAL","2 > 26 > 263 > 2635","tidak","444"
"2635.01","263501","6","Jabatan","2635","KONSELOR KECANDUAN/ADIKSI","2","PROFESIONAL","2 > 26 > 263 > 2635 > 2635.01","tidak","445"
"2635.02","263502","6","Jabatan","2635","KONSELOR DUKACITA","2","PROFESIONAL","2 > 26 > 263 > 2635 > 2635.02","tidak","445"
"2635.03","263503","6","Jabatan","2635","KONSELOR ANAK DAN REMAJA","2","PROFESIONAL","2 > 26 > 263 > 2635 > 2635.03","tidak","446"
"2635.04","263504","6","Jabatan","2635","KONSELOR KELUARGA","2","PROFESIONAL","2 > 26 > 263 > 2635 > 2635.04","tidak","446"
"2635.05","263505","6","Jabatan","2635","KONSELOR PERNIKAHAN","2","PROFESIONAL","2 > 26 > 263 > 2635 > 2635.05","tidak","446"
"2635.06","263506","6","Jabatan","2635","PETUGAS PAROLE (PEMBEBASAN BERSYARAT)","2","PROFESIONAL","2 > 26 > 263 > 2635 > 2635.06","tidak","447"
"2635.07","263507","6","Jabatan","2635","PETUGAS MASA PERCOBAAN","2","PROFESIONAL","2 > 26 > 263 > 2635 > 2635.07","tidak","447"
"2635.08","263508","6","Jabatan","2635","PEKERJA SOSIAL","2","PROFESIONAL","2 > 26 > 263 > 2635 > 2635.08","tidak","448"
"2635.09","263509","6","Jabatan","2635","ORGANISATOR KESEJAHTERAAN PEREMPUAN","2","PROFESIONAL","2 > 26 > 263 > 2635 > 2635.09","tidak","448"
"2635.99","263599","6","Jabatan","2635","PROFESIONAL KONSELING DAN PEKERJA SOSIAL LAINNYA","2","PROFESIONAL","2 > 26 > 263 > 2635 > 2635.99","ya","449"
"2636","2636","4","Subgolongan","263","PROFESIONAL PEMIMPIN KEAGAMAAN","2","PROFESIONAL","2 > 26 > 263 > 2636","tidak","449"
"2636.01","263601","6","Jabatan","2636","IMAM MUSLIM","2","PROFESIONAL","2 > 26 > 263 > 2636 > 2636.01","tidak","449"
"2636.02","263602","6","Jabatan","2636","PENDETA KATOLIK","2","PROFESIONAL","2 > 26 > 263 > 2636 > 2636.02","tidak","450"
"2636.03","263603","6","Jabatan","2636","PENDETA KRISTEN","2","PROFESIONAL","2 > 26 > 263 > 2636 > 2636.03","tidak","450"
"2636.04","263604","6","Jabatan","2636","PENDETA HINDU","2","PROFESIONAL","2 > 26 > 263 > 2636 > 2636.04","tidak","450"
"2636.05","263605","6","Jabatan","2636","PENDETA BUDDHA","2","PROFESIONAL","2 > 26 > 263 > 2636 > 2636.05","tidak","450"
"2636.06","263606","6","Jabatan","2636","PENDETA KONGHUCU","2","PROFESIONAL","2 > 26 > 263 > 2636 > 2636.06","tidak","450"
"2636.99","263699","6","Jabatan","2636","PROFESIONAL PEMIMPIN KEAGAMAAN LAINNYA","2","PROFESIONAL","2 > 26 > 263 > 2636 > 2636.99","ya","450"
"264","264","3","Golongan","26","PENULIS, WARTAWAN, DAN AHLI BAHASA","2","PROFESIONAL","2 > 26 > 264","tidak","450"
"2641","2641","4","Subgolongan","264","PENGARANG DAN PENULIS YBDI","2","PROFESIONAL","2 > 26 > 264 > 2641","tidak","451"
"2641.01","264101","6","Jabatan","2641","PENULIS","2","PROFESIONAL","2 > 26 > 264 > 2641 > 2641.01","tidak","452"
"2641.02","264102","6","Jabatan","2641","EDITOR BUKU","2","PROFESIONAL","2 > 26 > 264 > 2641 > 2641.02","tidak","452"
"2641.03","264103","6","Jabatan","2641","PENULIS ESAI","2","PROFESIONAL","2 > 26 > 264 > 2641 > 2641.03","tidak","453"
"2641.04","264104","6","Jabatan","2641","PENULIS MEDIA INTERAKTIF","2","PROFESIONAL","2 > 26 > 264 > 2641 > 2641.04","tidak","453"
"2641.05","264105","6","Jabatan","2641","NOVELIS","2","PROFESIONAL","2 > 26 > 264 > 2641 > 2641.05","tidak","453"
"2641.06","264106","6","Jabatan","2641","PENULIS DRAMA","2","PROFESIONAL","2 > 26 > 264 > 2641 > 2641.06","tidak","453"
"2641.07","264107","6","Jabatan","2641","PENULIS PUISI (PENYAIR)","2","PROFESIONAL","2 > 26 > 264 > 2641 > 2641.07","tidak","454"
"2641.08","264108","6","Jabatan","2641","PENULIS NASKAH","2","PROFESIONAL","2 > 26 > 264 > 2641 > 2641.08","tidak","454"
"2641.09","264109","6","Jabatan","2641","PENULIS PIDATO","2","PROFESIONAL","2 > 26 > 264 > 2641 > 2641.09","tidak","454"
"2641.10","264110","6","Jabatan","2641","PENULIS TEKNIS","2","PROFESIONAL","2 > 26 > 264 > 2641 > 2641.10","tidak","454"
"2641.99","264199","6","Jabatan","2641","PENGARANG DAN PENULIS YBDI LAINNYA","2","PROFESIONAL","2 > 26 > 264 > 2641 > 2641.99","ya","455"
"2642","2642","4","Subgolongan","264","WARTAWAN","2","PROFESIONAL","2 > 26 > 264 > 2642","tidak","455"
"2642.01","264201","6","Jabatan","2642","WARTAWAN UMUM","2","PROFESIONAL","2 > 26 > 264 > 2642 > 2642.01","tidak","456"
"2642.02","264202","6","Jabatan","2642","EDITOR COPY","2","PROFESIONAL","2 > 26 > 264 > 2642 > 2642.02","tidak","456"
"2642.03","264203","6","Jabatan","2642","EDITOR SURAT KABAR","2","PROFESIONAL","2 > 26 > 264 > 2642 > 2642.03","tidak","456"
"2642.04","264204","6","Jabatan","2642","REPORTER SURAT KABAR","2","PROFESIONAL","2 > 26 > 264 > 2642 > 2642.04","tidak","456"
"2642.05","264205","6","Jabatan","2642","WARTAWAN OLAHRAGA","2","PROFESIONAL","2 > 26 > 264 > 2642 > 2642.05","tidak","457"
"2642.06","264206","6","Jabatan","2642","SUB EDITOR","2","PROFESIONAL","2 > 26 > 264 > 2642 > 2642.06","tidak","457"
"2642.07","264207","6","Jabatan","2642","REPORTER BERITA TV/RADIO","2","PROFESIONAL","2 > 26 > 264 > 2642 > 2642.07","tidak","458"
"2642.08","264208","6","Jabatan","2642","JURNALIS FESYEN","2","PROFESIONAL","2 > 26 > 264 > 2642 > 2642.08","tidak","458"
"2642.09","264209","6","Jabatan","2642","WARTAWAN MEDIA DIGITAL","2","PROFESIONAL","2 > 26 > 264 > 2642 > 2642.09","tidak","458"
"2642.99","264299","6","Jabatan","2642","WARTAWAN LAINNYA","2","PROFESIONAL","2 > 26 > 264 > 2642 > 2642.99","ya","458"
"2643","2643","4","Subgolongan","264","PENERJEMAH, ALIH BAHASA, DAN PROFESIONAL BAHASA LAINNYA","2","PROFESIONAL","2 > 26 > 264 > 2643","tidak","459"
"2643.01","264301","6","Jabatan","2643","INTERPRETER","2","PROFESIONAL","2 > 26 > 264 > 2643 > 2643.01","tidak","459"
"2643.02","264302","6","Jabatan","2643","LEKSIKOGRAF (AHLI PERKAMUSAN)","2","PROFESIONAL","2 > 26 > 264 > 2643 > 2643.02","tidak","459"
"2643.03","264303","6","Jabatan","2643","AHLI FILOLOGI (MANUSKRIP)","2","PROFESIONAL","2 > 26 > 264 > 2643 > 2643.03","tidak","459"
"2643.04","264304","6","Jabatan","2643","JURU BAHASA ISYARAT (SIGN LANGUAGE INTERPRETER)","2","PROFESIONAL","2 > 26 > 264 > 2643 > 2643.04","tidak","460"
"2643.05","264305","6","Jabatan","2643","SUBTITLER","2","PROFESIONAL","2 > 26 > 264 > 2643 > 2643.05","tidak","460"
"2643.06","264306","6","Jabatan","2643","PENERJEMAH (TRANSLATOR)","2","PROFESIONAL","2 > 26 > 264 > 2643 > 2643.06","tidak","460"
"2643.07","264307","6","Jabatan","2643","AHLI BAHASA DAN SASTRA","2","PROFESIONAL","2 > 26 > 264 > 2643 > 2643.07","tidak","460"
"2643.99","264399","6","Jabatan","2643","PENERJEMAH, ALIH BAHASA, DAN PROFESIONAL BAHASA LAINNYA YTDL","2","PROFESIONAL","2 > 26 > 264 > 2643 > 2643.99","ya","460"
"265","265","3","Golongan","26","SENIMAN KREATIF DAN PERTUNJUKAN","2","PROFESIONAL","2 > 26 > 265","tidak","461"
"2651","2651","4","Subgolongan","265","SENIMAN VISUAL","2","PROFESIONAL","2 > 26 > 265 > 2651","tidak","461"
"2651.01","265101","6","Jabatan","2651","KARTUNIS","2","PROFESIONAL","2 > 26 > 265 > 2651 > 2651.01","tidak","462"
"2651.02","265102","6","Jabatan","2651","SENIMAN KERAMIK","2","PROFESIONAL","2 > 26 > 265 > 2651 > 2651.02","tidak","462"
"2651.03","265103","6","Jabatan","2651","PEMULIH GAMBAR","2","PROFESIONAL","2 > 26 > 265 > 2651 > 2651.03","tidak","462"
"2651.04","265104","6","Jabatan","2651","PELUKIS POTRET","2","PROFESIONAL","2 > 26 > 265 > 2651 > 2651.04","tidak","463"
"2651.05","265105","6","Jabatan","2651","PEMATUNG","2","PROFESIONAL","2 > 26 > 265 > 2651 > 2651.05","tidak","463"
"2651.06","265106","6","Jabatan","2651","AHLI PEWARNA ALAM (NATURAL DYE SPECIALIST)","2","PROFESIONAL","2 > 26 > 265 > 2651 > 2651.06","tidak","463"
"2651.07","265107","6","Jabatan","2651","PERANCANG MOTIF","2","PROFESIONAL","2 > 26 > 265 > 2651 > 2651.07","tidak","463"
"2651.08","265108","6","Jabatan","2651","PERANCANG WARNA PRODUK KRIYA","2","PROFESIONAL","2 > 26 > 265 > 2651 > 2651.08","tidak","464"
"2651.09","265109","6","Jabatan","2651","SPESIALIS MATERIAL BERKELANJUTAN KRIYA","2","PROFESIONAL","2 > 26 > 265 > 2651 > 2651.09","tidak","464"
"2651.99","265199","6","Jabatan","2651","SENIMAN VISUAL LAINNYA","2","PROFESIONAL","2 > 26 > 265 > 2651 > 2651.99","ya","464"
"2652","2652","4","Subgolongan","265","MUSISI, PENYANYI, DAN KOMPOSER","2","PROFESIONAL","2 > 26 > 265 > 2652","tidak","464"
"2652.01","265201","6","Jabatan","2652","PEMIMPIN BAND","2","PROFESIONAL","2 > 26 > 265 > 2652 > 2652.01","tidak","465"
"2652.02","265202","6","Jabatan","2652","KOMPOSER","2","PROFESIONAL","2 > 26 > 265 > 2652 > 2652.02","tidak","465"
"2652.03","265203","6","Jabatan","2652","PEMAIN MUSIK","2","PROFESIONAL","2 > 26 > 265 > 2652 > 2652.03","tidak","465"
"2652.04","265204","6","Jabatan","2652","KONDUKTOR MUSIK","2","PROFESIONAL","2 > 26 > 265 > 2652 > 2652.04","tidak","465"
"2652.05","265205","6","Jabatan","2652","ORCHESTRATOR","2","PROFESIONAL","2 > 26 > 265 > 2652 > 2652.05","tidak","465"
"2652.06","265206","6","Jabatan","2652","PENYANYI","2","PROFESIONAL","2 > 26 > 265 > 2652 > 2652.06","tidak","466"
"2652.99","265299","6","Jabatan","2652","MUSISI, PENYANYI, DAN KOMPOSER LAINNYA","2","PROFESIONAL","2 > 26 > 265 > 2652 > 2652.99","ya","466"
"2653","2653","4","Subgolongan","265","PENARI DAN KOREOGRAFER","2","PROFESIONAL","2 > 26 > 265 > 2653","tidak","466"
"2653.01","265301","6","Jabatan","2653","KOREOGRAFER","2","PROFESIONAL","2 > 26 > 265 > 2653 > 2653.01","tidak","467"
"2653.02","265302","6","Jabatan","2653","PENARI BALET","2","PROFESIONAL","2 > 26 > 265 > 2653 > 2653.02","tidak","467"
"2653.03","265303","6","Jabatan","2653","PENARI KLUB MALAM","2","PROFESIONAL","2 > 26 > 265 > 2653 > 2653.03","tidak","467"
"2653.04","265304","6","Jabatan","2653","PENARI JALAN","2","PROFESIONAL","2 > 26 > 265 > 2653 > 2653.04","tidak","467"
"2653.99","265399","6","Jabatan","2653","PENARI DAN KOREOGRAFER LAINNYA","2","PROFESIONAL","2 > 26 > 265 > 2653 > 2653.99","ya","467"
"2654","2654","4","Subgolongan","265","PRODUSER DAN SUTRADARA FILM, PEMENTASAN, DAN YBDI","2","PROFESIONAL","2 > 26 > 265 > 2654","tidak","467"
"2654.01","265401","6","Jabatan","2654","SUTRADARA FILM DOKUMENTER","2","PROFESIONAL","2 > 26 > 265 > 2654 > 2654.01","tidak","468"
"2654.02","265402","6","Jabatan","2654","EDITOR FILM","2","PROFESIONAL","2 > 26 > 265 > 2654 > 2654.02","tidak","468"
"2654.03","265403","6","Jabatan","2654","SUTRADARA FILM","2","PROFESIONAL","2 > 26 > 265 > 2654 > 2654.03","tidak","468"
"2654.04","265404","6","Jabatan","2654","PENGARAH FOTOGRAFI","2","PROFESIONAL","2 > 26 > 265 > 2654 > 2654.04","tidak","468"
"2654.05","265405","6","Jabatan","2654","SUTRADARA PANGGUNG","2","PROFESIONAL","2 > 26 > 265 > 2654 > 2654.05","tidak","469"
"2654.06","265406","6","Jabatan","2654","PENGARAH TEKNIS","2","PROFESIONAL","2 > 26 > 265 > 2654 > 2654.06","tidak","469"
"2654.07","265407","6","Jabatan","2654","PRODUSER","2","PROFESIONAL","2 > 26 > 265 > 2654 > 2654.07","tidak","469"
"2654.08","265408","6","Jabatan","2654","PEMBUAT KONTEN LAYANAN BERBAGI VIDEO","2","PROFESIONAL","2 > 26 > 265 > 2654 > 2654.08","tidak","469"
"2654.09","265409","6","Jabatan","2654","MANAJER LOKASI","2","PROFESIONAL","2 > 26 > 265 > 2654 > 2654.09","tidak","469"
"2654.10","265410","6","Jabatan","2654","PERISET FILM DOKUMENTER","2","PROFESIONAL","2 > 26 > 265 > 2654 > 2654.10","tidak","470"
"2654.11","265411","6","Jabatan","2654","SUTRADARA VIDEO MUSIK","2","PROFESIONAL","2 > 26 > 265 > 2654 > 2654.11","tidak","470"
"2654.12","265412","6","Jabatan","2654","TEKNISI PENYUNTINGAN","2","PROFESIONAL","2 > 26 > 265 > 2654 > 2654.12","tidak","470"
"2654.13","265413","6","Jabatan","2654","PERANCANG ARTISTIK","2","PROFESIONAL","2 > 26 > 265 > 2654 > 2654.13","tidak","470"
"2654.14","265414","6","Jabatan","2654","PENCARI TALENTA","2","PROFESIONAL","2 > 26 > 265 > 2654 > 2654.14","tidak","471"
"2654.99","265499","6","Jabatan","2654","PRODUSER DAN SUTRADARA FILM, PEMENTASAN, DAN YBDI LAINNYA","2","PROFESIONAL","2 > 26 > 265 > 2654 > 2654.99","ya","471"
"2655","2655","4","Subgolongan","265","AKTOR","2","PROFESIONAL","2 > 26 > 265 > 2655","tidak","471"
"2655.01","265501","6","Jabatan","2655","PEMERAN","2","PROFESIONAL","2 > 26 > 265 > 2655 > 2655.01","tidak","472"
"2655.02","265502","6","Jabatan","2655","ARTIS PANTOMIM","2","PROFESIONAL","2 > 26 > 265 > 2655 > 2655.02","tidak","472"
"2655.03","265503","6","Jabatan","2655","PENCERITA","2","PROFESIONAL","2 > 26 > 265 > 2655 > 2655.03","tidak","472"
"2655.99","265599","6","Jabatan","2655","AKTOR LAINNYA","2","PROFESIONAL","2 > 26 > 265 > 2655 > 2655.99","ya","472"
"2656","2656","4","Subgolongan","265","PENYIAR RADIO, TELEVISI, DAN MEDIA LAINNYA","2","PROFESIONAL","2 > 26 > 265 > 2656","tidak","472"
"2656.01","265601","6","Jabatan","2656","PENYIAR RADIO","2","PROFESIONAL","2 > 26 > 265 > 2656 > 2656.01","tidak","473"
"2656.02","265602","6","Jabatan","2656","PENYIAR TELEVISI","2","PROFESIONAL","2 > 26 > 265 > 2656 > 2656.02","tidak","473"
"2656.03","265603","6","Jabatan","2656","PEMBACA BERITA","2","PROFESIONAL","2 > 26 > 265 > 2656 > 2656.03","tidak","473"
"2656.04","265604","6","Jabatan","2656","PENYIAR OLAHRAGA","2","PROFESIONAL","2 > 26 > 265 > 2656 > 2656.04","tidak","473"
"2656.99","265699","6","Jabatan","2656","PENYIAR RADIO, TELEVISI, DAN MEDIA LAINNYA YTDL","2","PROFESIONAL","2 > 26 > 265 > 2656 > 2656.99","ya","474"
"2659","2659","4","Subgolongan","265","SENIMAN KREATIF DAN PERTUNJUKAN YTDL","2","PROFESIONAL","2 > 26 > 265 > 2659","ya","474"
"2659.01","265901","6","Jabatan","2659","PEMAIN AKROBAT","2","PROFESIONAL","2 > 26 > 265 > 2659 > 2659.01","tidak","474"
"2659.02","265902","6","Jabatan","2659","PEMAIN AKROBAT UDARA","2","PROFESIONAL","2 > 26 > 265 > 2659 > 2659.02","tidak","475"
"2659.03","265903","6","Jabatan","2659","BADUT","2","PROFESIONAL","2 > 26 > 265 > 2659 > 2659.03","tidak","475"
"2659.04","265904","6","Jabatan","2659","AHLI HIPNOTIS","2","PROFESIONAL","2 > 26 > 265 > 2659 > 2659.04","tidak","475"
"2659.05","265905","6","Jabatan","2659","PESULAP","2","PROFESIONAL","2 > 26 > 265 > 2659 > 2659.05","tidak","475"
"2659.06","265906","6","Jabatan","2659","DALANG","2","PROFESIONAL","2 > 26 > 265 > 2659 > 2659.06","tidak","475"
"2659.07","265907","6","Jabatan","2659","STAND UP KOMEDIAN (PELAWAK TUNGGAL)","2","PROFESIONAL","2 > 26 > 265 > 2659 > 2659.07","tidak","476"
"2659.08","265908","6","Jabatan","2659","VENTRILOQUIST","2","PROFESIONAL","2 > 26 > 265 > 2659 > 2659.08","tidak","476"
"2659.99","265999","6","Jabatan","2659","SENIMAN KREATIF DAN PERTUNJUKAN YTDL LAINNYA","2","PROFESIONAL","2 > 26 > 265 > 2659 > 2659.99","ya","476"
"3","3","1","Golongan pokok","","TEKNISI DAN ASISTEN PROFESIONAL","3","TEKNISI DAN ASISTEN PROFESIONAL","3","tidak","479"
"31","31","2","Subgolongan pokok","3","ASISTEN AHLI ILMU PENGETAHUAN DAN TEKNIK","3","TEKNISI DAN ASISTEN PROFESIONAL","3 > 31","tidak","479"
"311","311","3","Golongan","31","TEKNISI ILMU FISIKA DAN TEKNIK","3","TEKNISI DAN ASISTEN PROFESIONAL","3 > 31 > 311","tidak","480"
"3111","3111","4","Subgolongan","311","TEKNISI ILMU KIMIA DAN FISIKA","3","TEKNISI DAN ASISTEN PROFESIONAL","3 > 31 > 311 > 3111","tidak","480"
"3111.01","311101","6","Jabatan","3111","TEKNISI ILMU KIMIA","3","TEKNISI DAN ASISTEN PROFESIONAL","3 > 31 > 311 > 3111 > 3111.01","tidak","481"
"3111.02","311102","6","Jabatan","3111","TEKNISI GEOLOGI","3","TEKNISI DAN ASISTEN PROFESIONAL","3 > 31 > 311 > 3111 > 3111.02","tidak","481"
"3111.03","311103","6","Jabatan","3111","TEKNISI METEOROLOGI","3","TEKNISI DAN ASISTEN PROFESIONAL","3 > 31 > 311 > 3111 > 3111.03","tidak","482"
"3111.04","311104","6","Jabatan","3111","TEKNISI FISIKA","3","TEKNISI DAN ASISTEN PROFESIONAL","3 > 31 > 311 > 3111 > 3111.04","tidak","482"
"3111.99","311199","6","Jabatan","3111","TEKNISI ILMU KIMIA DAN FISIKA LAINNYA","3","TEKNISI DAN ASISTEN PROFESIONAL","3 > 31 > 311 > 3111 > 3111.99","ya","483"
"3112","3112","4","Subgolongan","311","TEKNISI SIPIL","3","TEKNISI DAN ASISTEN PROFESIONAL","3 > 31 > 311 > 3112","tidak","483"
"3112.01","311201","6","Jabatan","3112","INSPEKTUR BANGUNAN","3","TEKNISI DAN ASISTEN PROFESIONAL","3 > 31 > 311 > 3112 > 3112.01","tidak","484"
"3112.02","311202","6","Jabatan","3112","TEKNISI BANGUNAN GEDUNG","3","TEKNISI DAN ASISTEN PROFESIONAL","3 > 31 > 311 > 3112 > 3112.02","tidak","484"
"3112.03","311203","6","Jabatan","3112","TEKNISI BANGUNAN SIPIL","3","TEKNISI DAN ASISTEN PROFESIONAL","3 > 31 > 311 > 3112 > 3112.03","tidak","485"
"3112.04","311204","6","Jabatan","3112","INSPEKTUR KEBAKARAN","3","TEKNISI DAN ASISTEN PROFESIONAL","3 > 31 > 311 > 3112 > 3112.04","tidak","485"
"3112.05","311205","6","Jabatan","3112","TEKNISI GEOTEKNIK","3","TEKNISI DAN ASISTEN PROFESIONAL","3 > 31 > 311 > 3112 > 3112.05","tidak","486"
"3112.06","311206","6","Jabatan","3112","ASISTEN SURVEYOR","3","TEKNISI DAN ASISTEN PROFESIONAL","3 > 31 > 311 > 3112 > 3112.06","tidak","486"
"3112.07","311207","6","Jabatan","3112","TEKNISI PENGINDERAAN JAUH","3","TEKNISI DAN ASISTEN PROFESIONAL","3 > 31 > 311 > 3112 > 3112.07","tidak","487"
"3112.08","311208","6","Jabatan","3112","TEKNISI SURVEI TERESTRIS","3","TEKNISI DAN ASISTEN PROFESIONAL","3 > 31 > 311 > 3112 > 3112.08","tidak","487"
"3112.09","311209","6","Jabatan","3112","TEKNISI SURVEI AERIAL (FOTOGRAMETRI)","3","TEKNISI DAN ASISTEN PROFESIONAL","3 > 31 > 311 > 3112 > 3112.09","tidak","488"
"3112.10","311210","6","Jabatan","3112","TEKNISI KEWILAYAHAN","3","TEKNISI DAN ASISTEN PROFESIONAL","3 > 31 > 311 > 3112 > 3112.10","tidak","488"
"3112.11","311211","6","Jabatan","3112","TEKNISI KARTOGRAFI","3","TEKNISI DAN ASISTEN PROFESIONAL","3 > 31 > 311 > 3112 > 3112.11","tidak","489"
"3112.12","311212","6","Jabatan","3112","TEKNISI SISTEM INFORMASI GEOGRAFIS (SIG)","3","TEKNISI DAN ASISTEN PROFESIONAL","3 > 31 > 311 > 3112 > 3112.12","tidak","489"
"3112.13","311213","6","Jabatan","3112","TEKNISI LABORATORIUM MATERIAL KONSTRUKSI","3","TEKNISI DAN ASISTEN PROFESIONAL","3 > 31 > 311 > 3112 > 3112.13","tidak","490"
"3112.14","311214","6","Jabatan","3112","TEKNISI ARSITEKTUR","3","TEKNISI DAN ASISTEN PROFESIONAL","3 > 31 > 311 > 3112 > 3112.14","tidak","490"
"3112.15","311215","6","Jabatan","3112","TEKNISI SURVEI HIDROGRAFI","3","TEKNISI DAN ASISTEN PROFESIONAL","3 > 31 > 311 > 3112 > 3112.15","tidak","491"
"3112.99","311299","6","Jabatan","3112","TEKNISI SIPIL LAINNYA","3","TEKNISI DAN ASISTEN PROFESIONAL","3 > 31 > 311 > 3112 > 3112.99","ya","491"
"3113","3113","4","Subgolongan","311","AHLI TEKNIK LISTRIK","3","TEKNISI DAN ASISTEN PROFESIONAL","3 > 31 > 311 > 3113","tidak","491"
"3113.01","311301","6","Jabatan","3113","TEKNISI LISTRIK","3","TEKNISI DAN ASISTEN PROFESIONAL","3 > 31 > 311 > 3113 > 3113.01","tidak","492"
"3113.02","311302","6","Jabatan","3113","TEKNISI TRANSMISI TENAGA LISTRIK","3","TEKNISI DAN ASISTEN PROFESIONAL","3 > 31 > 311 > 3113 > 3113.02","tidak","492"
"3113.03","311303","6","Jabatan","3113","INSPEKTUR KETENAGALISTRIKAN","3","TEKNISI DAN ASISTEN PROFESIONAL","3 > 31 > 311 > 3113 > 3113.03","tidak","493"
"3113.04","311304","6","Jabatan","3113","TEKNISI SURYA TERMAL","3","TEKNISI DAN ASISTEN PROFESIONAL","3 > 31 > 311 > 3113 > 3113.04","tidak","493"
"3113.99","311399","6","Jabatan","3113","AHLI TEKNIK LISTRIK LAINNYA","3","TEKNISI DAN ASISTEN PROFESIONAL","3 > 31 > 311 > 3113 > 3113.99","ya","493"
"3114","3114","4","Subgolongan","311","TEKNISI ELEKTRONIK","3","TEKNISI DAN ASISTEN PROFESIONAL","3 > 31 > 311 > 3114","tidak","493"
"3114.01","311401","6","Jabatan","3114","TEKNISI INSTRUMENTASI","3","TEKNISI DAN ASISTEN PROFESIONAL","3 > 31 > 311 > 3114 > 3114.01","tidak","494"
"3114.99","311499","6","Jabatan","3114","TEKNISI ELEKTRONIK LAINNYA","3","TEKNISI DAN ASISTEN PROFESIONAL","3 > 31 > 311 > 3114 > 3114.99","ya","494"
"3115","3115","4","Subgolongan","311","TEKNISI MEKANIS","3","TEKNISI DAN ASISTEN PROFESIONAL","3 > 31 > 311 > 3115","tidak","494"
"3115.01","311501","6","Jabatan","3115","TEKNISI MESIN","3","TEKNISI DAN ASISTEN PROFESIONAL","3 > 31 > 311 > 3115 > 3115.01","tidak","495"
"3115.02","311502","6","Jabatan","3115","TEKNISI PENERBANGAN","3","TEKNISI DAN ASISTEN PROFESIONAL","3 > 31 > 311 > 3115 > 3115.02","tidak","496"
"3115.03","311503","6","Jabatan","3115","TEKNISI KELAUTAN","3","TEKNISI DAN ASISTEN PROFESIONAL","3 > 31 > 311 > 3115 > 3115.03","tidak","496"
"3115.04","311504","6","Jabatan","3115","TEKNISI ALAT BERAT","3","TEKNISI DAN ASISTEN PROFESIONAL","3 > 31 > 311 > 3115 > 3115.04","tidak","497"
"3115.05","311505","6","Jabatan","3115","TEKNISI FOTONIKA","3","TEKNISI DAN ASISTEN PROFESIONAL","3 > 31 > 311 > 3115 > 3115.05","tidak","497"
"3115.99","311599","6","Jabatan","3115","TEKNISI MEKANIS LAINNYA","3","TEKNISI DAN ASISTEN PROFESIONAL","3 > 31 > 311 > 3115 > 3115.99","ya","497"
"3116","3116","4","Subgolongan","311","TEKNISI KIMIA","3","TEKNISI DAN ASISTEN PROFESIONAL","3 > 31 > 311 > 3116","tidak","498"
"3116.01","311601","6","Jabatan","3116","TEKNISI PROSES KIMIA","3","TEKNISI DAN ASISTEN PROFESIONAL","3 > 31 > 311 > 3116 > 3116.01","tidak","498"
"3116.02","311602","6","Jabatan","3116","ESTIMATOR TEKNIK KIMIA","3","TEKNISI DAN ASISTEN PROFESIONAL","3 > 31 > 311 > 3116 > 3116.02","tidak","498"
"3116.99","311699","6","Jabatan","3116","TEKNISI KIMIA LAINNYA","3","TEKNISI DAN ASISTEN PROFESIONAL","3 > 31 > 311 > 3116 > 3116.99","ya","499"
"3117","3117","4","Subgolongan","311","TEKNISI PERTAMBANGAN DAN METALURGI","3","TEKNISI DAN ASISTEN PROFESIONAL","3 > 31 > 311 > 3117","tidak","499"
"3117.01","311701","6","Jabatan","3117","INSPEKTUR TAMBANG","3","TEKNISI DAN ASISTEN PROFESIONAL","3 > 31 > 311 > 3117 > 3117.01","tidak","500"
"3117.02","311702","6","Jabatan","3117","TEKNISI PERTAMBANGAN","3","TEKNISI DAN ASISTEN PROFESIONAL","3 > 31 > 311 > 3117 > 3117.02","tidak","500"
"3117.03","311703","6","Jabatan","3117","TEKNISI METALURGI","3","TEKNISI DAN ASISTEN PROFESIONAL","3 > 31 > 311 > 3117 > 3117.03","tidak","501"
"3117.04","311704","6","Jabatan","3117","INSPEKTUR MINYAK DAN GAS BUMI","3","TEKNISI DAN ASISTEN PROFESIONAL","3 > 31 > 311 > 3117 > 3117.04","tidak","501"
"3117.05","311705","6","Jabatan","3117","TEKNISI PERMINYAKAN","3","TEKNISI DAN ASISTEN PROFESIONAL","3 > 31 > 311 > 3117 > 3117.05","tidak","502"
"3117.99","311799","6","Jabatan","3117","TEKNISI PERTAMBANGAN DAN METALURGI LAINNYA","3","TEKNISI DAN ASISTEN PROFESIONAL","3 > 31 > 311 > 3117 > 3117.99","ya","502"
"3118","3118","4","Subgolongan","311","JURU GAMBAR TEKNIK","3","TEKNISI DAN ASISTEN PROFESIONAL","3 > 31 > 311 > 3118","tidak","502"
"3118.01","311801","6","Jabatan","3118","DRAFTER","3","TEKNISI DAN ASISTEN PROFESIONAL","3 > 31 > 311 > 3118 > 3118.01","tidak","503"
"3118.02","311802","6","Jabatan","3118","ILUSTRATOR TEKNIK","3","TEKNISI DAN ASISTEN PROFESIONAL","3 > 31 > 311 > 3118 > 3118.02","tidak","503"
"3118.99","311899","6","Jabatan","3118","JURU GAMBAR TEKNIK LAINNYA","3","TEKNISI DAN ASISTEN PROFESIONAL","3 > 31 > 311 > 3118 > 3118.99","ya","504"
"3119","3119","4","Subgolongan","311","TEKNISI ILMU FISIKA DAN TEKNIK YTDL","3","TEKNISI DAN ASISTEN PROFESIONAL","3 > 31 > 311 > 3119","ya","504"
"3119.01","311901","6","Jabatan","3119","TEKNISI REKAYASA PRODUKSI","3","TEKNISI DAN ASISTEN PROFESIONAL","3 > 31 > 311 > 3119 > 3119.01","tidak","505"
"3119.02","311902","6","Jabatan","3119","TEKNISI ROBOTIKA","3","TEKNISI DAN ASISTEN PROFESIONAL","3 > 31 > 311 > 3119 > 3119.02","tidak","506"
"3119.03","311903","6","Jabatan","3119","PENGUJI KENDARAAN","3","TEKNISI DAN ASISTEN PROFESIONAL","3 > 31 > 311 > 3119 > 3119.03","tidak","506"
"3119.04","311904","6","Jabatan","3119","TEKNISI NUKLIR","3","TEKNISI DAN ASISTEN PROFESIONAL","3 > 31 > 311 > 3119 > 3119.04","tidak","507"
"3119.99","311999","6","Jabatan","3119","TEKNISI ILMU FISIKA DAN TEKNIK YTDL LAINNYA","3","TEKNISI DAN ASISTEN PROFESIONAL","3 > 31 > 311 > 3119 > 3119.99","ya","507"
"312","312","3","Golongan","31","SUPERVISOR PERTAMBANGAN, INDUSTRI PENGOLAHAN, DAN KONSTRUKSI","3","TEKNISI DAN ASISTEN PROFESIONAL","3 > 31 > 312","tidak","507"
"3121","3121","4","Subgolongan","312","SUPERVISOR PERTAMBANGAN","3","TEKNISI DAN ASISTEN PROFESIONAL","3 > 31 > 312 > 3121","tidak","508"
"3121.00","312100","6","Jabatan","3121","SUPERVISOR PERTAMBANGAN","3","TEKNISI DAN ASISTEN PROFESIONAL","3 > 31 > 312 > 3121 > 3121.00","tidak","509"
"3122","3122","4","Subgolongan","312","SUPERVISOR INDUSTRI PENGOLAHAN","3","TEKNISI DAN ASISTEN PROFESIONAL","3 > 31 > 312 > 3122","tidak","509"
"3122.01","312201","6","Jabatan","3122","KOORDINATOR AREA MANUFAKTUR","3","TEKNISI DAN ASISTEN PROFESIONAL","3 > 31 > 312 > 3122 > 3122.01","tidak","510"
"3122.02","312202","6","Jabatan","3122","SUPERVISOR PERAKITAN","3","TEKNISI DAN ASISTEN PROFESIONAL","3 > 31 > 312 > 3122 > 3122.02","tidak","510"
"3122.03","312203","6","Jabatan","3122","SUPERVISOR FINISHING","3","TEKNISI DAN ASISTEN PROFESIONAL","3 > 31 > 312 > 3122 > 3122.03","tidak","510"
"3122.04","312204","6","Jabatan","3122","SUPERVISOR PRODUKSI MANUFAKTUR","3","TEKNISI DAN ASISTEN PROFESIONAL","3 > 31 > 312 > 3122 > 3122.04","tidak","511"
"3122.05","312205","6","Jabatan","3122","SUPERVISOR LOGISTIK","3","TEKNISI DAN ASISTEN PROFESIONAL","3 > 31 > 312 > 3122 > 3122.05","tidak","511"
"3122.99","312299","6","Jabatan","3122","SUPERVISOR MANUFAKTUR LAINNYA","3","TEKNISI DAN ASISTEN PROFESIONAL","3 > 31 > 312 > 3122 > 3122.99","ya","512"
"3123","3123","4","Subgolongan","312","SUPERVISOR KONSTRUKSI","3","TEKNISI DAN ASISTEN PROFESIONAL","3 > 31 > 312 > 3123","tidak","512"
"3123.01","312301","6","Jabatan","3123","SUPERVISOR KONSTRUKSI BANGUNAN","3","TEKNISI DAN ASISTEN PROFESIONAL","3 > 31 > 312 > 3123 > 3123.01","tidak","512"
"3123.02","312302","6","Jabatan","3123","MANAJER LOKASI KONSTRUKSI","3","TEKNISI DAN ASISTEN PROFESIONAL","3 > 31 > 312 > 3123 > 3123.02","tidak","513"
"3123.99","312399","6","Jabatan","3123","SUPERVISOR KONSTRUKSI LAINNYA","3","TEKNISI DAN ASISTEN PROFESIONAL","3 > 31 > 312 > 3123 > 3123.99","ya","513"
"313","313","3","Golongan","31","TEKNISI PENGAWASAN PROSES","3","TEKNISI DAN ASISTEN PROFESIONAL","3 > 31 > 313","tidak","513"
"3131","3131","4","Subgolongan","313","OPERATOR MESIN PRODUKSI TENAGA LISTRIK","3","TEKNISI DAN ASISTEN PROFESIONAL","3 > 31 > 313 > 3131","tidak","514"
"3131.01","313101","6","Jabatan","3131","OPERATOR PEMBANGKIT LISTRIK TENAGA AIR","3","TEKNISI DAN ASISTEN PROFESIONAL","3 > 31 > 313 > 3131 > 3131.01","tidak","515"
"3131.02","313102","6","Jabatan","3131","OPERATOR PEMBANGKIT LISTRIK TENAGA NUKLIR","3","TEKNISI DAN ASISTEN PROFESIONAL","3 > 31 > 313 > 3131 > 3131.02","tidak","515"
"3131.03","313103","6","Jabatan","3131","OPERATOR PEMBANGKIT LISTRIK TENAGA SURYA","3","TEKNISI DAN ASISTEN PROFESIONAL","3 > 31 > 313 > 3131 > 3131.03","tidak","516"
"3131.04","313104","6","Jabatan","3131","OPERATOR MESIN TRANSMISI TENAGA LISTRIK","3","TEKNISI DAN ASISTEN PROFESIONAL","3 > 31 > 313 > 3131 > 3131.04","tidak","516"
"3131.05","313105","6","Jabatan","3131","OPERATOR MESIN DISTRIBUSI TENAGA LISTRIK","3","TEKNISI DAN ASISTEN PROFESIONAL","3 > 31 > 313 > 3131 > 3131.05","tidak","517"
"3131.06","313106","6","Jabatan","3131","OPERATOR LAPANGAN UAP DAN PEMBANGKIT LISTRIK TENAGA PANAS BUMI","3","TEKNISI DAN ASISTEN PROFESIONAL","3 > 31 > 313 > 3131 > 3131.06","tidak","517"
"3131.07","313107","6","Jabatan","3131","OPERATOR PEMBANGKIT LISTRIK TENAGA UAP BATU BARA","3","TEKNISI DAN ASISTEN PROFESIONAL","3 > 31 > 313 > 3131 > 3131.07","tidak","518"
"3131.08","313108","6","Jabatan","3131","OPERATOR PEMBANGKIT LISTRIK TENAGA BIOMASSA","3","TEKNISI DAN ASISTEN PROFESIONAL","3 > 31 > 313 > 3131 > 3131.08","tidak","518"
"3131.99","313199","6","Jabatan","3131","OPERATOR MESIN PRODUKSI TENAGA LISTRIK LAINNYA","3","TEKNISI DAN ASISTEN PROFESIONAL","3 > 31 > 313 > 3131 > 3131.99","ya","519"
"3132","3132","4","Subgolongan","313","OPERATOR BANGUNAN PEMBAKARAN SAMPAH (INSINERATOR) DAN PENGOLAHAN AIR","3","TEKNISI DAN ASISTEN PROFESIONAL","3 > 31 > 313 > 3132","tidak","519"
"3132.01","313201","6","Jabatan","3132","OPERATOR BANGUNAN PEMBAKARAN SAMPAH (INSINERATOR)","3","TEKNISI DAN ASISTEN PROFESIONAL","3 > 31 > 313 > 3132 > 3132.01","tidak","520"
"3132.02","313202","6","Jabatan","3132","OPERATOR STASIUN POMPA","3","TEKNISI DAN ASISTEN PROFESIONAL","3 > 31 > 313 > 3132 > 3132.02","tidak","520"
"3132.03","313203","6","Jabatan","3132","OPERATOR MESIN PENGOLAHAN LIMBAH CAIR","3","TEKNISI DAN ASISTEN PROFESIONAL","3 > 31 > 313 > 3132 > 3132.03","tidak","520"
"3132.04","313204","6","Jabatan","3132","OPERATOR MESIN PENGOLAHAN LIMBAH PADAT","3","TEKNISI DAN ASISTEN PROFESIONAL","3 > 31 > 313 > 3132 > 3132.04","tidak","521"
"3132.05","313205","6","Jabatan","3132","OPERATOR MESIN PENGOLAHAN AIR LIMBAH","3","TEKNISI DAN ASISTEN PROFESIONAL","3 > 31 > 313 > 3132 > 3132.05","tidak","521"
"3132.06","313206","6","Jabatan","3132","OPERATOR MESIN PENGOLAHAN AIR","3","TEKNISI DAN ASISTEN PROFESIONAL","3 > 31 > 313 > 3132 > 3132.06","tidak","522"
"3132.07","313207","6","Jabatan","3132","OPERATOR PRES MATERIAL DAUR ULANG","3","TEKNISI DAN ASISTEN PROFESIONAL","3 > 31 > 313 > 3132 > 3132.07","tidak","522"
"3132.08","313208","6","Jabatan","3132","OPERATOR PENGOLAHAN RDF (REFUSE-DERIVED FUEL)","3","TEKNISI DAN ASISTEN PROFESIONAL","3 > 31 > 313 > 3132 > 3132.08","tidak","522"
"3132.09","313209","6","Jabatan","3132","OPERATOR MESIN PELLET","3","TEKNISI DAN ASISTEN PROFESIONAL","3 > 31 > 313 > 3132 > 3132.09","tidak","522"
"3132.10","313210","6","Jabatan","3132","OPERATOR PENGOLAH LIMBAH ORGANIK","3","TEKNISI DAN ASISTEN PROFESIONAL","3 > 31 > 313 > 3132 > 3132.10","tidak","523"
"3132.11","313211","6","Jabatan","3132","TEKNISI DAUR ULANG LIMBAH","3","TEKNISI DAN ASISTEN PROFESIONAL","3 > 31 > 313 > 3132 > 3132.11","tidak","523"
"3132.12","313212","6","Jabatan","3132","KEPALA FASILITAS PENGELOLAAN SAMPAH","3","TEKNISI DAN ASISTEN PROFESIONAL","3 > 31 > 313 > 3132 > 3132.12","tidak","523"
"3132.13","313213","6","Jabatan","3132","PERENCANA PENGELOLAAN SAMPAH","3","TEKNISI DAN ASISTEN PROFESIONAL","3 > 31 > 313 > 3132 > 3132.13","tidak","523"
"3132.14","313214","6","Jabatan","3132","OPERATOR INSTALASI PENGOLAHAN LUMPUR TINJA (IPLT)","3","TEKNISI DAN ASISTEN PROFESIONAL","3 > 31 > 313 > 3132 > 3132.14","tidak","524"
"3132.99","313299","6","Jabatan","3132","OPERATOR BANGUNAN PEMBAKARAN SAMPAH (INSINERATOR) DAN PENGOLAHAN AIR LAINNYA","3","TEKNISI DAN ASISTEN PROFESIONAL","3 > 31 > 313 > 3132 > 3132.99","ya","524"
"3133","3133","4","Subgolongan","313","PENGAWAS MESIN PENGOLAHAN BAHAN KIMIA","3","TEKNISI DAN ASISTEN PROFESIONAL","3 > 31 > 313 > 3133","tidak","524"
"3133.01","313301","6","Jabatan","3133","PENGAWAS MESIN PENGOLAHAN KIMIA PANAS","3","TEKNISI DAN ASISTEN PROFESIONAL","3 > 31 > 313 > 3133 > 3133.01","tidak","525"
"3133.02","313302","6","Jabatan","3133","PENGAWAS MESIN PEMISAHAN DAN PENYARINGAN BAHAN KIMIA","3","TEKNISI DAN ASISTEN PROFESIONAL","3 > 31 > 313 > 3133 > 3133.02","tidak","525"
"3133.03","313303","6","Jabatan","3133","PENGAWAS REAKTOR DAN PENYULINGAN BAHAN KIMIA","3","TEKNISI DAN ASISTEN PROFESIONAL","3 > 31 > 313 > 3133 > 3133.03","tidak","526"
"3133.04","313304","6","Jabatan","3133","TEKNISI PROSES KIMIA","3","TEKNISI DAN ASISTEN PROFESIONAL","3 > 31 > 313 > 3133 > 3133.04","tidak","526"
"3133.99","313399","6","Jabatan","3133","PENGAWAS MESIN PENGOLAHAN BAHAN KIMIA LAINNYA","3","TEKNISI DAN ASISTEN PROFESIONAL","3 > 31 > 313 > 3133 > 3133.99","ya","527"
"3134","3134","4","Subgolongan","313","PENGAWAS MESIN PENGILANGAN MINYAK BUMI DAN GAS ALAM","3","TEKNISI DAN ASISTEN PROFESIONAL","3 > 31 > 313 > 3134","tidak","527"
"3134.01","313401","6","Jabatan","3134","PENGAWAS MESIN PENYULINGAN MINYAK BUMI DAN GAS ALAM","3","TEKNISI DAN ASISTEN PROFESIONAL","3 > 31 > 313 > 3134 > 3134.01","tidak","528"
"3134.02","313402","6","Jabatan","3134","PENGAWAS MESIN PARAFIN","3","TEKNISI DAN ASISTEN PROFESIONAL","3 > 31 > 313 > 3134 > 3134.02","tidak","528"
"3134.99","313499","6","Jabatan","3134","PENGAWAS MESIN PENGILANGAN MINYAK BUMI DAN GAS ALAM LAINNYA","3","TEKNISI DAN ASISTEN PROFESIONAL","3 > 31 > 313 > 3134 > 3134.99","ya","529"
"3135","3135","4","Subgolongan","313","PENGAWAS PROSES PRODUKSI LOGAM","3","TEKNISI DAN ASISTEN PROFESIONAL","3 > 31 > 313 > 3135","tidak","529"
"3135.01","313501","6","Jabatan","3135","PENGAWAS TANUR (BLAST FURNACE)","3","TEKNISI DAN ASISTEN PROFESIONAL","3 > 31 > 313 > 3135 > 3135.01","tidak","529"
"3135.02","313502","6","Jabatan","3135","PENGAWAS PUSAT KONTROL MESIN CASTER","3","TEKNISI DAN ASISTEN PROFESIONAL","3 > 31 > 313 > 3135 > 3135.02","tidak","530"
"3135.03","313503","6","Jabatan","3135","PENGAWAS KONTROL PENGOLAHAN LOGAM","3","TEKNISI DAN ASISTEN PROFESIONAL","3 > 31 > 313 > 3135 > 3135.03","tidak","531"
"3135.99","313599","6","Jabatan","3135","PENGAWAS PROSES PRODUKSI LOGAM LAINNYA","3","TEKNISI DAN ASISTEN PROFESIONAL","3 > 31 > 313 > 3135 > 3135.99","ya","531"
"3139","3139","4","Subgolongan","313","TEKNISI PROSES KONTROL YTDL","3","TEKNISI DAN ASISTEN PROFESIONAL","3 > 31 > 313 > 3139","ya","531"
"3139.01","313901","6","Jabatan","3139","PROGRAMMER CNC (COMPUTER NUMERICAL CONTROL)","3","TEKNISI DAN ASISTEN PROFESIONAL","3 > 31 > 313 > 3139 > 3139.01","tidak","531"
"3139.99","313999","6","Jabatan","3139","TEKNISI PROSES KONTROL YTDL LAINNYA","3","TEKNISI DAN ASISTEN PROFESIONAL","3 > 31 > 313 > 3139 > 3139.99","ya","532"
"314","314","3","Golongan","31","TEKNISI ILMU HAYATI DAN ASISTEN PROFESIONAL YBDI","3","TEKNISI DAN ASISTEN PROFESIONAL","3 > 31 > 314","tidak","532"
"3141","3141","4","Subgolongan","314","TEKNISI ILMU HAYATI (SELAIN KEDOKTERAN)","3","TEKNISI DAN ASISTEN PROFESIONAL","3 > 31 > 314 > 3141","tidak","532"
"3141.01","314101","6","Jabatan","3141","TEKNISI BAKTERIOLOGI","3","TEKNISI DAN ASISTEN PROFESIONAL","3 > 31 > 314 > 3141 > 3141.01","tidak","533"
"3141.02","314102","6","Jabatan","3141","TEKNISI BIOKIMIA","3","TEKNISI DAN ASISTEN PROFESIONAL","3 > 31 > 314 > 3141 > 3141.02","tidak","533"
"3141.03","314103","6","Jabatan","3141","TEKNISI HERBARIUM","3","TEKNISI DAN ASISTEN PROFESIONAL","3 > 31 > 314 > 3141 > 3141.03","tidak","534"
"3141.04","314104","6","Jabatan","3141","TEKNISI FARMAKOLOGI","3","TEKNISI DAN ASISTEN PROFESIONAL","3 > 31 > 314 > 3141 > 3141.04","tidak","534"
"3141.05","314105","6","Jabatan","3141","TEKNISI SEROLOGI","3","TEKNISI DAN ASISTEN PROFESIONAL","3 > 31 > 314 > 3141 > 3141.05","tidak","535"
"3141.06","314106","6","Jabatan","3141","TEKNISI KULTUR JARINGAN","3","TEKNISI DAN ASISTEN PROFESIONAL","3 > 31 > 314 > 3141 > 3141.06","tidak","535"
"3141.07","314107","6","Jabatan","3141","TEKNISI ZOOLOGI","3","TEKNISI DAN ASISTEN PROFESIONAL","3 > 31 > 314 > 3141 > 3141.07","tidak","535"
"3141.99","314199","6","Jabatan","3141","TEKNISI ILMU HAYATI (SELAIN KEDOKTERAN) LAINNYA","3","TEKNISI DAN ASISTEN PROFESIONAL","3 > 31 > 314 > 3141 > 3141.99","ya","536"
"3142","3142","4","Subgolongan","314","TEKNISI PERTANIAN","3","TEKNISI DAN ASISTEN PROFESIONAL","3 > 31 > 314 > 3142","tidak","536"
"3142.01","314201","6","Jabatan","3142","TEKNISI PRODUKSI SUSU","3","TEKNISI DAN ASISTEN PROFESIONAL","3 > 31 > 314 > 3142 > 3142.01","tidak","536"
"3142.02","314202","6","Jabatan","3142","TEKNISI PERTANIAN TANAMAN PANGAN","3","TEKNISI DAN ASISTEN PROFESIONAL","3 > 31 > 314 > 3142 > 3142.02","tidak","537"
"3142.03","314203","6","Jabatan","3142","HERD TESTER","3","TEKNISI DAN ASISTEN PROFESIONAL","3 > 31 > 314 > 3142 > 3142.03","tidak","537"
"3142.04","314204","6","Jabatan","3142","TEKNISI PERTANIAN HORTIKULTURA","3","TEKNISI DAN ASISTEN PROFESIONAL","3 > 31 > 314 > 3142 > 3142.04","tidak","537"
"3142.05","314205","6","Jabatan","3142","TEKNISI PERKEBUNAN","3","TEKNISI DAN ASISTEN PROFESIONAL","3 > 31 > 314 > 3142 > 3142.05","tidak","538"
"3142.06","314206","6","Jabatan","3142","TEKNISI PETERNAKAN","3","TEKNISI DAN ASISTEN PROFESIONAL","3 > 31 > 314 > 3142 > 3142.06","tidak","538"
"3142.07","314207","6","Jabatan","3142","TEKNISI PERIKANAN","3","TEKNISI DAN ASISTEN PROFESIONAL","3 > 31 > 314 > 3142 > 3142.07","tidak","538"
"3142.08","314208","6","Jabatan","3142","TEKNISI INSERSI TIRAM MUTIARA","3","TEKNISI DAN ASISTEN PROFESIONAL","3 > 31 > 314 > 3142 > 3142.08","tidak","539"
"3142.09","314209","6","Jabatan","3142","TEKNISI PERTANIAN PRESISI","3","TEKNISI DAN ASISTEN PROFESIONAL","3 > 31 > 314 > 3142 > 3142.09","tidak","539"
"3142.99","314299","6","Jabatan","3142","TEKNISI PERTANIAN LAINNYA","3","TEKNISI DAN ASISTEN PROFESIONAL","3 > 31 > 314 > 3142 > 3142.99","ya","539"
"3143","3143","4","Subgolongan","314","TEKNISI KEHUTANAN","3","TEKNISI DAN ASISTEN PROFESIONAL","3 > 31 > 314 > 3143","tidak","539"
"3143.01","314301","6","Jabatan","3143","TEKNISI PENGELOLAAN HUTAN","3","TEKNISI DAN ASISTEN PROFESIONAL","3 > 31 > 314 > 3143 > 3143.01","tidak","540"
"3143.02","314302","6","Jabatan","3143","ANALIS DATA KEHUTANAN","3","TEKNISI DAN ASISTEN PROFESIONAL","3 > 31 > 314 > 3143 > 3143.02","tidak","540"
"3143.03","314303","6","Jabatan","3143","ANALIS CADANGAN BIOMASSA KARBON","3","TEKNISI DAN ASISTEN PROFESIONAL","3 > 31 > 314 > 3143 > 3143.03","tidak","541"
"3143.04","314304","6","Jabatan","3143","SURVEYOR SUMBER DAYA","3","TEKNISI DAN ASISTEN PROFESIONAL","3 > 31 > 314 > 3143 > 3143.04","tidak","541"
"3143.99","314399","6","Jabatan","3143","TEKNISI KEHUTANAN LAINNYA","3","TEKNISI DAN ASISTEN PROFESIONAL","3 > 31 > 314 > 3143 > 3143.99","ya","541"
"315","315","3","Golongan","31","PENGAWAS DAN TEKNISI KAPAL DAN PESAWAT UDARA","3","TEKNISI DAN ASISTEN PROFESIONAL","3 > 31 > 315","tidak","542"
"3151","3151","4","Subgolongan","315","TEKNISI KAPAL","3","TEKNISI DAN ASISTEN PROFESIONAL","3 > 31 > 315 > 3151","tidak","542"
"3151.00","315100","6","Jabatan","3151","TEKNISI KAPAL","3","TEKNISI DAN ASISTEN PROFESIONAL","3 > 31 > 315 > 3151 > 3151.00","tidak","542"
"3152","3152","4","Subgolongan","315","NAKHODA DAN PERWIRA GELADAK KAPAL","3","TEKNISI DAN ASISTEN PROFESIONAL","3 > 31 > 315 > 3152","tidak","543"
"3152.01","315201","6","Jabatan","3152","KAPTEN KAPAL","3","TEKNISI DAN ASISTEN PROFESIONAL","3 > 31 > 315 > 3152 > 3152.01","tidak","543"
"3152.02","315202","6","Jabatan","3152","NAKHODA KAPAL","3","TEKNISI DAN ASISTEN PROFESIONAL","3 > 31 > 315 > 3152 > 3152.02","tidak","543"
"3152.03","315203","6","Jabatan","3152","KAPTEN KAPAL PESIAR","3","TEKNISI DAN ASISTEN PROFESIONAL","3 > 31 > 315 > 3152 > 3152.03","tidak","544"
"3152.99","315299","6","Jabatan","3152","NAKHODA DAN PERWIRA GELADAK KAPAL LAINNYA","3","TEKNISI DAN ASISTEN PROFESIONAL","3 > 31 > 315 > 3152 > 3152.99","ya","544"
"3153","3153","4","Subgolongan","315","PILOT DAN PROFESIONAL YBDI","3","TEKNISI DAN ASISTEN PROFESIONAL","3 > 31 > 315 > 3153","tidak","544"
"3153.01","315301","6","Jabatan","3153","TEKNISI PESAWAT UDARA","3","TEKNISI DAN ASISTEN PROFESIONAL","3 > 31 > 315 > 3153 > 3153.01","tidak","545"
"3153.02","315302","6","Jabatan","3153","INSTRUKTUR PENERBANGAN","3","TEKNISI DAN ASISTEN PROFESIONAL","3 > 31 > 315 > 3153 > 3153.02","tidak","545"
"3153.03","315303","6","Jabatan","3153","NAVIGATOR PENERBANGAN","3","TEKNISI DAN ASISTEN PROFESIONAL","3 > 31 > 315 > 3153 > 3153.03","tidak","546"
"3153.04","315304","6","Jabatan","3153","PILOT","3","TEKNISI DAN ASISTEN PROFESIONAL","3 > 31 > 315 > 3153 > 3153.04","tidak","546"
"3153.05","315305","6","Jabatan","3153","FLIGHT OPERATIONS OFFICER (FOO)","3","TEKNISI DAN ASISTEN PROFESIONAL","3 > 31 > 315 > 3153 > 3153.05","tidak","547"
"3153.06","315306","6","Jabatan","3153","PILOT PARAMOTOR","3","TEKNISI DAN ASISTEN PROFESIONAL","3 > 31 > 315 > 3153 > 3153.06","tidak","547"
"3153.99","315399","6","Jabatan","3153","PILOT DAN PROFESIONAL YBDI LAINNYA","3","TEKNISI DAN ASISTEN PROFESIONAL","3 > 31 > 315 > 3153 > 3153.99","ya","548"
"3154","3154","4","Subgolongan","315","PENGAWAS LALU LINTAS UDARA","3","TEKNISI DAN ASISTEN PROFESIONAL","3 > 31 > 315 > 3154","tidak","548"
"3154.00","315400","6","Jabatan","3154","PENGAWAS LALU LINTAS UDARA","3","TEKNISI DAN ASISTEN PROFESIONAL","3 > 31 > 315 > 3154 > 3154.00","tidak","548"
"3155","3155","4","Subgolongan","315","TEKNISI PERANGKAT ELEKTRONIK KESELAMATAN LALU LINTAS UDARA","3","TEKNISI DAN ASISTEN PROFESIONAL","3 > 31 > 315 > 3155","tidak","549"
"3155.00","315500","6","Jabatan","3155","TEKNISI PERANGKAT ELEKTRONIK KESELAMATAN LALU LINTAS UDARA","3","TEKNISI DAN ASISTEN PROFESIONAL","3 > 31 > 315 > 3155 > 3155.00","tidak","550"
"32","32","2","Subgolongan pokok","3","ASISTEN PROFESIONAL KESEHATAN","3","TEKNISI DAN ASISTEN PROFESIONAL","3 > 32","tidak","550"
"321","321","3","Golongan","32","TEKNISI MEDIS DAN FARMASI","3","TEKNISI DAN ASISTEN PROFESIONAL","3 > 32 > 321","tidak","551"
"3211","3211","4","Subgolongan","321","TEKNISI PERALATAN PEREKAM MEDIS DAN TERAPEUTIK","3","TEKNISI DAN ASISTEN PROFESIONAL","3 > 32 > 321 > 3211","tidak","551"
"3211.01","321101","6","Jabatan","3211","AHLI DIAGNOSTIK RADIOGRAFI MEDIS","3","TEKNISI DAN ASISTEN PROFESIONAL","3 > 32 > 321 > 3211 > 3211.01","tidak","552"
"3211.02","321102","6","Jabatan","3211","TEKNISI MAMOGRAFI","3","TEKNISI DAN ASISTEN PROFESIONAL","3 > 32 > 321 > 3211 > 3211.02","tidak","552"
"3211.03","321103","6","Jabatan","3211","TEKNISI TERAPI RADIASI","3","TEKNISI DAN ASISTEN PROFESIONAL","3 > 32 > 321 > 3211 > 3211.03","tidak","552"
"3211.04","321104","6","Jabatan","3211","TEKNISI MEDIS NUKLIR","3","TEKNISI DAN ASISTEN PROFESIONAL","3 > 32 > 321 > 3211 > 3211.04","tidak","553"
"3211.05","321105","6","Jabatan","3211","SONOGRAFER","3","TEKNISI DAN ASISTEN PROFESIONAL","3 > 32 > 321 > 3211 > 3211.05","tidak","553"
"3211.06","321106","6","Jabatan","3211","RADIOGRAFER","3","TEKNISI DAN ASISTEN PROFESIONAL","3 > 32 > 321 > 3211 > 3211.06","tidak","554"
"3211.99","321199","6","Jabatan","3211","TEKNISI PERALATAN PEREKAM MEDIS DAN TERAPEUTIK LAINNYA","3","TEKNISI DAN ASISTEN PROFESIONAL","3 > 32 > 321 > 3211 > 3211.99","ya","555"
"3212","3212","4","Subgolongan","321","TEKNISI LABORATORIUM MEDIS DAN PATOLOGI","3","TEKNISI DAN ASISTEN PROFESIONAL","3 > 32 > 321 > 3212","tidak","555"
"3212.01","321201","6","Jabatan","3212","TEKNISI LABORATORIUM MEDIS","3","TEKNISI DAN ASISTEN PROFESIONAL","3 > 32 > 321 > 3212 > 3212.01","tidak","555"
"3212.02","321202","6","Jabatan","3212","TEKNISI PATOLOGI","3","TEKNISI DAN ASISTEN PROFESIONAL","3 > 32 > 321 > 3212 > 3212.02","tidak","556"
"3212.03","321203","6","Jabatan","3212","TEKNISI SITOLOGI","3","TEKNISI DAN ASISTEN PROFESIONAL","3 > 32 > 321 > 3212 > 3212.03","tidak","556"
"3212.04","321204","6","Jabatan","3212","TEKNISI BANK DARAH","3","TEKNISI DAN ASISTEN PROFESIONAL","3 > 32 > 321 > 3212 > 3212.04","tidak","557"
"3212.99","321299","6","Jabatan","3212","TEKNISI LABORATORIUM MEDIS DAN PATOLOGI LAINNYA","3","TEKNISI DAN ASISTEN PROFESIONAL","3 > 32 > 321 > 3212 > 3212.99","ya","557"
"3213","3213","4","Subgolongan","321","TEKNISI FARMASI DAN ASISTEN APOTEKER","3","TEKNISI DAN ASISTEN PROFESIONAL","3 > 32 > 321 > 3213","tidak","557"
"3213.01","321301","6","Jabatan","3213","TEKNISI FARMASI","3","TEKNISI DAN ASISTEN PROFESIONAL","3 > 32 > 321 > 3213 > 3213.01","tidak","558"
"3213.02","321302","6","Jabatan","3213","ASISTEN APOTEKER","3","TEKNISI DAN ASISTEN PROFESIONAL","3 > 32 > 321 > 3213 > 3213.02","tidak","558"
"3213.99","321399","6","Jabatan","3213","TEKNISI FARMASI DAN ASISTEN APOTEKER LAINNYA","3","TEKNISI DAN ASISTEN PROFESIONAL","3 > 32 > 321 > 3213 > 3213.99","ya","559"
"3214","3214","4","Subgolongan","321","TEKNISI PROSTETIK MEDIS DAN GIGI","3","TEKNISI DAN ASISTEN PROFESIONAL","3 > 32 > 321 > 3214","tidak","559"
"3214.01","321401","6","Jabatan","3214","TEKNISI KESEHATAN GIGI","3","TEKNISI DAN ASISTEN PROFESIONAL","3 > 32 > 321 > 3214 > 3214.01","tidak","560"
"3214.02","321402","6","Jabatan","3214","DENTURIS","3","TEKNISI DAN ASISTEN PROFESIONAL","3 > 32 > 321 > 3214 > 3214.02","tidak","561"
"3214.03","321403","6","Jabatan","3214","ORTHOTIS","3","TEKNISI DAN ASISTEN PROFESIONAL","3 > 32 > 321 > 3214 > 3214.03","tidak","561"
"3214.04","321404","6","Jabatan","3214","PROSTETIS","3","TEKNISI DAN ASISTEN PROFESIONAL","3 > 32 > 321 > 3214 > 3214.04","tidak","561"
"3214.99","321499","6","Jabatan","3214","TEKNISI PROSTETIK MEDIS DAN GIGI LAINNYA","3","TEKNISI DAN ASISTEN PROFESIONAL","3 > 32 > 321 > 3214 > 3214.99","ya","562"
"322","322","3","Golongan","32","ASISTEN PROFESIONAL KEPERAWATAN DAN KEBIDANAN","3","TEKNISI DAN ASISTEN PROFESIONAL","3 > 32 > 322","tidak","562"
"3221","3221","4","Subgolongan","322","ASISTEN PROFESIONAL KEPERAWATAN","3","TEKNISI DAN ASISTEN PROFESIONAL","3 > 32 > 322 > 3221","tidak","562"
"3221.01","322101","6","Jabatan","3221","ASISTEN PROFESIONAL PENDAMPING KEPERAWATAN","3","TEKNISI DAN ASISTEN PROFESIONAL","3 > 32 > 322 > 3221 > 3221.01","tidak","564"
"3221.02","322102","6","Jabatan","3221","ASISTEN PERAWAT","3","TEKNISI DAN ASISTEN PROFESIONAL","3 > 32 > 322 > 3221 > 3221.02","tidak","564"
"3221.03","322103","6","Jabatan","3221","PERAWAT BAGIAN PENDAFTARAN PASIEN","3","TEKNISI DAN ASISTEN PROFESIONAL","3 > 32 > 322 > 3221 > 3221.03","tidak","564"
"3221.04","322104","6","Jabatan","3221","PERAWAT PRAKTIK","3","TEKNISI DAN ASISTEN PROFESIONAL","3 > 32 > 322 > 3221 > 3221.04","tidak","565"
"3221.05","322105","6","Jabatan","3221","ASISTEN DOKTER JIWA (PEMBANTU PSIKIATER)","3","TEKNISI DAN ASISTEN PROFESIONAL","3 > 32 > 322 > 3221 > 3221.05","tidak","565"
"3221.99","322199","6","Jabatan","3221","ASISTEN PROFESIONAL KEPERAWATAN LAINNYA","3","TEKNISI DAN ASISTEN PROFESIONAL","3 > 32 > 322 > 3221 > 3221.99","ya","565"
"3222","3222","4","Subgolongan","322","ASISTEN PROFESIONAL KEBIDANAN","3","TEKNISI DAN ASISTEN PROFESIONAL","3 > 32 > 322 > 3222","tidak","565"
"3222.01","322201","6","Jabatan","3222","ASISTEN BIDAN","3","TEKNISI DAN ASISTEN PROFESIONAL","3 > 32 > 322 > 3222 > 3222.01","tidak","566"
"3222.02","322202","6","Jabatan","3222","BIDAN TRADISIONAL","3","TEKNISI DAN ASISTEN PROFESIONAL","3 > 32 > 322 > 3222 > 3222.02","tidak","567"
"3222.99","322299","6","Jabatan","3222","ASISTEN PROFESIONAL KEBIDANAN LAINNYA","3","TEKNISI DAN ASISTEN PROFESIONAL","3 > 32 > 322 > 3222 > 3222.99","ya","567"
"323","323","3","Golongan","32","ASISTEN PROFESIONAL PENGOBATAN TRADISIONAL DAN KOMPLEMENTER","3","TEKNISI DAN ASISTEN PROFESIONAL","3 > 32 > 323","tidak","567"
"3230","3230","4","Subgolongan","323","ASISTEN PROFESIONAL PENGOBATAN TRADISIONAL DAN KOMPLEMENTER","3","TEKNISI DAN ASISTEN PROFESIONAL","3 > 32 > 323 > 3230","tidak","568"
"3230.01","323001","6","Jabatan","3230","AHLI PATAH TULANG","3","TEKNISI DAN ASISTEN PROFESIONAL","3 > 32 > 323 > 3230 > 3230.01","tidak","569"
"3230.02","323002","6","Jabatan","3230","HERBALIS","3","TEKNISI DAN ASISTEN PROFESIONAL","3 > 32 > 323 > 3230 > 3230.02","tidak","570"
"3230.03","323003","6","Jabatan","3230","DUKUN","3","TEKNISI DAN ASISTEN PROFESIONAL","3 > 32 > 323 > 3230 > 3230.03","tidak","570"
"3230.04","323004","6","Jabatan","3230","AHLI TERAPI KEROK DAN BEKAM","3","TEKNISI DAN ASISTEN PROFESIONAL","3 > 32 > 323 > 3230 > 3230.04","tidak","571"
"3230.99","323099","6","Jabatan","3230","ASISTEN PROFESIONAL PENGOBATAN TRADISIONAL DAN KOMPLEMENTER LAINNYA","3","TEKNISI DAN ASISTEN PROFESIONAL","3 > 32 > 323 > 3230 > 3230.99","ya","571"
"324","324","3","Golongan","32","TEKNISI DAN ASISTEN KEDOKTERAN HEWAN","3","TEKNISI DAN ASISTEN PROFESIONAL","3 > 32 > 324","tidak","571"
"3240","3240","4","Subgolongan","324","TEKNISI DAN ASISTEN KEDOKTERAN HEWAN","3","TEKNISI DAN ASISTEN PROFESIONAL","3 > 32 > 324 > 3240","tidak","571"
"3240.01","324001","6","Jabatan","3240","INSEMINATOR","3","TEKNISI DAN ASISTEN PROFESIONAL","3 > 32 > 324 > 3240 > 3240.01","tidak","572"
"3240.02","324002","6","Jabatan","3240","ASISTEN DOKTER HEWAN","3","TEKNISI DAN ASISTEN PROFESIONAL","3 > 32 > 324 > 3240 > 3240.02","tidak","573"
"3240.03","324003","6","Jabatan","3240","PERAWAT VETERINER","3","TEKNISI DAN ASISTEN PROFESIONAL","3 > 32 > 324 > 3240 > 3240.03","tidak","573"
"3240.04","324004","6","Jabatan","3240","VAKSINATOR HEWAN","3","TEKNISI DAN ASISTEN PROFESIONAL","3 > 32 > 324 > 3240 > 3240.04","tidak","574"
"3240.99","324099","6","Jabatan","3240","TEKNISI DAN ASISTEN KEDOKTERAN HEWAN LAINNYA","3","TEKNISI DAN ASISTEN PROFESIONAL","3 > 32 > 324 > 3240 > 3240.99","ya","574"
"325","325","3","Golongan","32","ASISTEN PROFESIONAL KESEHATAN LAINNYA","3","TEKNISI DAN ASISTEN PROFESIONAL","3 > 32 > 325","tidak","574"
"3251","3251","4","Subgolongan","325","ASISTEN DAN TERAPIS GIGI","3","TEKNISI DAN ASISTEN PROFESIONAL","3 > 32 > 325 > 3251","tidak","575"
"3251.01","325101","6","Jabatan","3251","ASISTEN KESEHATAN GIGI","3","TEKNISI DAN ASISTEN PROFESIONAL","3 > 32 > 325 > 3251 > 3251.01","tidak","576"
"3251.02","325102","6","Jabatan","3251","AHLI KEBERSIHAN GIGI","3","TEKNISI DAN ASISTEN PROFESIONAL","3 > 32 > 325 > 3251 > 3251.02","tidak","576"
"3251.03","325103","6","Jabatan","3251","AHLI TERAPI GIGI","3","TEKNISI DAN ASISTEN PROFESIONAL","3 > 32 > 325 > 3251 > 3251.03","tidak","576"
"3251.99","325199","6","Jabatan","3251","ASISTEN DAN TERAPIS GIGI LAINNYA","3","TEKNISI DAN ASISTEN PROFESIONAL","3 > 32 > 325 > 3251 > 3251.99","ya","577"
"3252","3252","4","Subgolongan","325","TEKNISI INFORMASI KESEHATAN DAN REKAM MEDIS","3","TEKNISI DAN ASISTEN PROFESIONAL","3 > 32 > 325 > 3252","tidak","577"
"3252.01","325201","6","Jabatan","3252","PETUGAS KODE KLINIK","3","TEKNISI DAN ASISTEN PROFESIONAL","3 > 32 > 325 > 3252 > 3252.01","tidak","577"
"3252.02","325202","6","Jabatan","3252","PETUGAS REKAM MEDIS","3","TEKNISI DAN ASISTEN PROFESIONAL","3 > 32 > 325 > 3252 > 3252.02","tidak","578"
"3252.99","325299","6","Jabatan","3252","TEKNISI INFORMASI KESEHATAN DAN REKAM MEDIS LAINNYA","3","TEKNISI DAN ASISTEN PROFESIONAL","3 > 32 > 325 > 3252 > 3252.99","ya","578"
"3253","3253","4","Subgolongan","325","PEKERJA KESEHATAN MASYARAKAT","3","TEKNISI DAN ASISTEN PROFESIONAL","3 > 32 > 325 > 3253","tidak","578"
"3253.01","325301","6","Jabatan","3253","PETUGAS BANTUAN KESEHATAN MASYARAKAT","3","TEKNISI DAN ASISTEN PROFESIONAL","3 > 32 > 325 > 3253 > 3253.01","tidak","579"
"3253.02","325302","6","Jabatan","3253","PEKERJA KESEHATAN MASYARAKAT DESA","3","TEKNISI DAN ASISTEN PROFESIONAL","3 > 32 > 325 > 3253 > 3253.02","tidak","580"
"3253.99","325399","6","Jabatan","3253","PEKERJA KESEHATAN MASYARAKAT LAINNYA","3","TEKNISI DAN ASISTEN PROFESIONAL","3 > 32 > 325 > 3253 > 3253.99","ya","580"
"3254","3254","4","Subgolongan","325","OPTISIEN","3","TEKNISI DAN ASISTEN PROFESIONAL","3 > 32 > 325 > 3254","tidak","580"
"3254.01","325401","6","Jabatan","3254","REFRAKSIONIS OPTISIEN","3","TEKNISI DAN ASISTEN PROFESIONAL","3 > 32 > 325 > 3254 > 3254.01","tidak","581"
"3254.02","325402","6","Jabatan","3254","PENYALUR PERALATAN OPTIK","3","TEKNISI DAN ASISTEN PROFESIONAL","3 > 32 > 325 > 3254 > 3254.02","tidak","581"
"3254.99","325499","6","Jabatan","3254","OPTISIEN LAINNYA","3","TEKNISI DAN ASISTEN PROFESIONAL","3 > 32 > 325 > 3254 > 3254.99","ya","581"
"3255","3255","4","Subgolongan","325","TEKNISI DAN ASISTEN FISIOTERAPI","3","TEKNISI DAN ASISTEN PROFESIONAL","3 > 32 > 325 > 3255","tidak","582"
"3255.01","325501","6","Jabatan","3255","TERAPIS AKUPRESUR","3","TEKNISI DAN ASISTEN PROFESIONAL","3 > 32 > 325 > 3255 > 3255.01","tidak","582"
"3255.02","325502","6","Jabatan","3255","TERAPIS ELEKTRO","3","TEKNISI DAN ASISTEN PROFESIONAL","3 > 32 > 325 > 3255 > 3255.02","tidak","583"
"3255.03","325503","6","Jabatan","3255","TERAPIS HIDRO","3","TEKNISI DAN ASISTEN PROFESIONAL","3 > 32 > 325 > 3255 > 3255.03","tidak","583"
"3255.04","325504","6","Jabatan","3255","TERAPIS PIJAT","3","TEKNISI DAN ASISTEN PROFESIONAL","3 > 32 > 325 > 3255 > 3255.04","tidak","583"
"3255.05","325505","6","Jabatan","3255","TEKNISI FISIOTERAPI","3","TEKNISI DAN ASISTEN PROFESIONAL","3 > 32 > 325 > 3255 > 3255.05","tidak","584"
"3255.06","325506","6","Jabatan","3255","TERAPIS REHABILITASI FISIK","3","TEKNISI DAN ASISTEN PROFESIONAL","3 > 32 > 325 > 3255 > 3255.06","tidak","584"
"3255.07","325507","6","Jabatan","3255","TERAPIS SHIATSU","3","TEKNISI DAN ASISTEN PROFESIONAL","3 > 32 > 325 > 3255 > 3255.07","tidak","585"
"3255.08","325508","6","Jabatan","3255","TERAPIS SPA","3","TEKNISI DAN ASISTEN PROFESIONAL","3 > 32 > 325 > 3255 > 3255.08","tidak","585"
"3255.99","325599","6","Jabatan","3255","TEKNISI DAN ASISTEN FISIOTERAPI LAINNYA","3","TEKNISI DAN ASISTEN PROFESIONAL","3 > 32 > 325 > 3255 > 3255.99","ya","585"
"3256","3256","4","Subgolongan","325","ASISTEN MEDIS","3","TEKNISI DAN ASISTEN PROFESIONAL","3 > 32 > 325 > 3256","tidak","586"
"3256.01","325601","6","Jabatan","3256","ASISTEN KLINIK","3","TEKNISI DAN ASISTEN PROFESIONAL","3 > 32 > 325 > 3256 > 3256.01","tidak","587"
"3256.02","325602","6","Jabatan","3256","ASISTEN DOKTER","3","TEKNISI DAN ASISTEN PROFESIONAL","3 > 32 > 325 > 3256 > 3256.02","tidak","587"
"3256.03","325603","6","Jabatan","3256","ASISTEN DOKTER MATA","3","TEKNISI DAN ASISTEN PROFESIONAL","3 > 32 > 325 > 3256 > 3256.03","tidak","587"
"3256.99","325699","6","Jabatan","3256","ASISTEN MEDIS LAINNYA","3","TEKNISI DAN ASISTEN PROFESIONAL","3 > 32 > 325 > 3256 > 3256.99","ya","588"
"3257","3257","4","Subgolongan","325","ASISTEN DAN PENGAWAS KESEHATAN LINGKUNGAN DAN PEKERJAAN","3","TEKNISI DAN ASISTEN PROFESIONAL","3 > 32 > 325 > 3257","tidak","588"
"3257.01","325701","6","Jabatan","3257","PENGAWAS KESEHATAN DAN KESELAMATAN KERJA","3","TEKNISI DAN ASISTEN PROFESIONAL","3 > 32 > 325 > 3257 > 3257.01","tidak","589"
"3257.02","325702","6","Jabatan","3257","SANITARIAN","3","TEKNISI DAN ASISTEN PROFESIONAL","3 > 32 > 325 > 3257 > 3257.02","tidak","589"
"3257.03","325703","6","Jabatan","3257","PENGAWAS SANITASI","3","TEKNISI DAN ASISTEN PROFESIONAL","3 > 32 > 325 > 3257 > 3257.03","tidak","590"
"3257.99","325799","6","Jabatan","3257","ASISTEN DAN PENGAWAS KESEHATAN LINGKUNGAN DAN PEKERJAAN LAINNYA","3","TEKNISI DAN ASISTEN PROFESIONAL","3 > 32 > 325 > 3257 > 3257.99","ya","590"
"3258","3258","4","Subgolongan","325","PEKERJA AMBULANS","3","TEKNISI DAN ASISTEN PROFESIONAL","3 > 32 > 325 > 3258","tidak","590"
"3258.01","325801","6","Jabatan","3258","PETUGAS AMBULANS","3","TEKNISI DAN ASISTEN PROFESIONAL","3 > 32 > 325 > 3258 > 3258.01","tidak","591"
"3258.02","325802","6","Jabatan","3258","PARAMEDIS AMBULANS","3","TEKNISI DAN ASISTEN PROFESIONAL","3 > 32 > 325 > 3258 > 3258.02","tidak","591"
"3258.03","325803","6","Jabatan","3258","TEKNISI MEDIS DARURAT","3","TEKNISI DAN ASISTEN PROFESIONAL","3 > 32 > 325 > 3258 > 3258.03","tidak","591"
"3258.04","325804","6","Jabatan","3258","PARAMEDIS DARURAT","3","TEKNISI DAN ASISTEN PROFESIONAL","3 > 32 > 325 > 3258 > 3258.04","tidak","592"
"3258.99","325899","6","Jabatan","3258","PEKERJA AMBULANS LAINNYA","3","TEKNISI DAN ASISTEN PROFESIONAL","3 > 32 > 325 > 3258 > 3258.99","ya","592"
"3259","3259","4","Subgolongan","325","ASISTEN PROFESIONAL KESEHATAN YTDL","3","TEKNISI DAN ASISTEN PROFESIONAL","3 > 32 > 325 > 3259","ya","592"
"3259.01","325901","6","Jabatan","3259","CHIROPRACTOR","3","TEKNISI DAN ASISTEN PROFESIONAL","3 > 32 > 325 > 3259 > 3259.01","tidak","592"
"3259.02","325902","6","Jabatan","3259","OSTEOPATH","3","TEKNISI DAN ASISTEN PROFESIONAL","3 > 32 > 325 > 3259 > 3259.02","tidak","593"
"3259.03","325903","6","Jabatan","3259","DOSIMETRIS MEDIS","3","TEKNISI DAN ASISTEN PROFESIONAL","3 > 32 > 325 > 3259 > 3259.03","tidak","593"
"3259.04","325904","6","Jabatan","3259","TEKNISI DIETETIK","3","TEKNISI DAN ASISTEN PROFESIONAL","3 > 32 > 325 > 3259 > 3259.04","tidak","593"
"3259.99","325999","6","Jabatan","3259","ASISTEN PROFESIONAL KESEHATAN YTDL LAINNYA","3","TEKNISI DAN ASISTEN PROFESIONAL","3 > 32 > 325 > 3259 > 3259.99","ya","594"
"33","33","2","Subgolongan pokok","3","ASISTEN PROFESIONAL BISNIS DAN ADMINISTRASI","3","TEKNISI DAN ASISTEN PROFESIONAL","3 > 33","tidak","594"
"331","331","3","Golongan","33","ASISTEN PROFESIONAL KEUANGAN DAN MATEMATIKA","3","TEKNISI DAN ASISTEN PROFESIONAL","3 > 33 > 331","tidak","594"
"3311","3311","4","Subgolongan","331","DEALER DAN PIALANG SEKURITAS DAN KEUANGAN","3","TEKNISI DAN ASISTEN PROFESIONAL","3 > 33 > 331 > 3311","tidak","595"
"3311.01","331101","6","Jabatan","3311","PIALANG VALUTA ASING","3","TEKNISI DAN ASISTEN PROFESIONAL","3 > 33 > 331 > 3311 > 3311.01","tidak","596"
"3311.02","331102","6","Jabatan","3311","PIALANG SEKURITAS","3","TEKNISI DAN ASISTEN PROFESIONAL","3 > 33 > 331 > 3311 > 3311.02","tidak","596"
"3311.03","331103","6","Jabatan","3311","PIALANG EFEK","3","TEKNISI DAN ASISTEN PROFESIONAL","3 > 33 > 331 > 3311 > 3311.03","tidak","596"
"3311.04","331104","6","Jabatan","3311","PIALANG SAHAM","3","TEKNISI DAN ASISTEN PROFESIONAL","3 > 33 > 331 > 3311 > 3311.04","tidak","597"
"3311.99","331199","6","Jabatan","3311","DEALER DAN PIALANG SEKURITAS DAN KEUANGAN LAINNYA","3","TEKNISI DAN ASISTEN PROFESIONAL","3 > 33 > 331 > 3311 > 3311.99","ya","597"
"3312","3312","4","Subgolongan","331","PETUGAS KREDIT DAN PINJAMAN","3","TEKNISI DAN ASISTEN PROFESIONAL","3 > 33 > 331 > 3312","tidak","597"
"3312.01","331201","6","Jabatan","3312","PETUGAS PINJAMAN","3","TEKNISI DAN ASISTEN PROFESIONAL","3 > 33 > 331 > 3312 > 3312.01","tidak","598"
"3312.02","331202","6","Jabatan","3312","PETUGAS HIPOTEK","3","TEKNISI DAN ASISTEN PROFESIONAL","3 > 33 > 331 > 3312 > 3312.02","tidak","598"
"3312.99","331299","6","Jabatan","3312","PETUGAS KREDIT DAN PINJAMAN LAINNYA","3","TEKNISI DAN ASISTEN PROFESIONAL","3 > 33 > 331 > 3312 > 3312.99","ya","598"
"3313","3313","4","Subgolongan","331","ASISTEN PROFESIONAL AKUNTANSI","3","TEKNISI DAN ASISTEN PROFESIONAL","3 > 33 > 331 > 3313","tidak","598"
"3313.01","331301","6","Jabatan","3313","PETUGAS PEMBUKUAN","3","TEKNISI DAN ASISTEN PROFESIONAL","3 > 33 > 331 > 3313 > 3313.01","tidak","599"
"3313.99","331399","6","Jabatan","3313","ASISTEN PROFESIONAL AKUNTANSI LAINNYA","3","TEKNISI DAN ASISTEN PROFESIONAL","3 > 33 > 331 > 3313 > 3313.99","ya","599"
"3314","3314","4","Subgolongan","331","ASISTEN PROFESIONAL STATISTIKA, MATEMATIKA, DAN YBDI","3","TEKNISI DAN ASISTEN PROFESIONAL","3 > 33 > 331 > 3314","tidak","599"
"3314.01","331401","6","Jabatan","3314","ASISTEN STATISTIKA","3","TEKNISI DAN ASISTEN PROFESIONAL","3 > 33 > 331 > 3314 > 3314.01","tidak","600"
"3314.02","331402","6","Jabatan","3314","ASISTEN AKTUARIA","3","TEKNISI DAN ASISTEN PROFESIONAL","3 > 33 > 331 > 3314 > 3314.02","tidak","600"
"3314.03","331403","6","Jabatan","3314","ASISTEN MATEMATIKA","3","TEKNISI DAN ASISTEN PROFESIONAL","3 > 33 > 331 > 3314 > 3314.03","tidak","600"
"3314.99","331499","6","Jabatan","3314","ASISTEN PROFESIONAL STATISTIKA, MATEMATIKA, DAN YBDI LAINNYA","3","TEKNISI DAN ASISTEN PROFESIONAL","3 > 33 > 331 > 3314 > 3314.99","ya","601"
"3315","3315","4","Subgolongan","331","JURU TAKSIR NILAI DAN KERUGIAN","3","TEKNISI DAN ASISTEN PROFESIONAL","3 > 33 > 331 > 3315","tidak","601"
"3315.01","331501","6","Jabatan","3315","JURU TAKSIR NILAI","3","TEKNISI DAN ASISTEN PROFESIONAL","3 > 33 > 331 > 3315 > 3315.01","tidak","601"
"3315.02","331502","6","Jabatan","3315","JURU TAKSIR REAL ESTAT","3","TEKNISI DAN ASISTEN PROFESIONAL","3 > 33 > 331 > 3315 > 3315.02","tidak","602"
"3315.03","331503","6","Jabatan","3315","ASESOR KLAIM","3","TEKNISI DAN ASISTEN PROFESIONAL","3 > 33 > 331 > 3315 > 3315.03","tidak","602"
"3315.99","331599","6","Jabatan","3315","JURU TAKSIR NILAI DAN KERUGIAN LAINNYA","3","TEKNISI DAN ASISTEN PROFESIONAL","3 > 33 > 331 > 3315 > 3315.99","ya","603"
"332","332","3","Golongan","33","AGEN DAN PERANTARA PENJUALAN DAN PEMBELIAN","3","TEKNISI DAN ASISTEN PROFESIONAL","3 > 33 > 332","tidak","603"
"3321","3321","4","Subgolongan","332","PERWAKILAN ASURANSI","3","TEKNISI DAN ASISTEN PROFESIONAL","3 > 33 > 332 > 3321","tidak","603"
"3321.01","332101","6","Jabatan","3321","AGEN ASURANSI","3","TEKNISI DAN ASISTEN PROFESIONAL","3 > 33 > 332 > 3321 > 3321.01","tidak","604"
"3321.02","332102","6","Jabatan","3321","PIALANG ASURANSI","3","TEKNISI DAN ASISTEN PROFESIONAL","3 > 33 > 332 > 3321 > 3321.02","tidak","604"
"3321.03","332103","6","Jabatan","3321","PENJAMIN ASURANSI","3","TEKNISI DAN ASISTEN PROFESIONAL","3 > 33 > 332 > 3321 > 3321.03","tidak","604"
"3321.99","332199","6","Jabatan","3321","PERWAKILAN ASURANSI LAINNYA","3","TEKNISI DAN ASISTEN PROFESIONAL","3 > 33 > 332 > 3321 > 3321.99","ya","604"
"3322","3322","4","Subgolongan","332","PERWAKILAN PENJUALAN KOMERSIAL","3","TEKNISI DAN ASISTEN PROFESIONAL","3 > 33 > 332 > 3322","tidak","604"
"3322.01","332201","6","Jabatan","3322","PENASIHAT LAYANAN PURNAJUAL","3","TEKNISI DAN ASISTEN PROFESIONAL","3 > 33 > 332 > 3322 > 3322.01","tidak","605"
"3322.02","332202","6","Jabatan","3322","CANVASSER","3","TEKNISI DAN ASISTEN PROFESIONAL","3 > 33 > 332 > 3322 > 3322.02","tidak","605"
"3322.03","332203","6","Jabatan","3322","SALES REPRESENTATIVE","3","TEKNISI DAN ASISTEN PROFESIONAL","3 > 33 > 332 > 3322 > 3322.03","tidak","606"
"3322.04","332204","6","Jabatan","3322","SUPERVISOR E-COMMERCE","3","TEKNISI DAN ASISTEN PROFESIONAL","3 > 33 > 332 > 3322 > 3322.04","tidak","606"
"3322.05","332205","6","Jabatan","3322","TENAGA PEMASARAN PERBANKAN","3","TEKNISI DAN ASISTEN PROFESIONAL","3 > 33 > 332 > 3322 > 3322.05","tidak","606"
"3322.99","332299","6","Jabatan","3322","PERWAKILAN PENJUALAN KOMERSIAL LAINNYA","3","TEKNISI DAN ASISTEN PROFESIONAL","3 > 33 > 332 > 3322 > 3322.99","ya","606"
"3323","3323","4","Subgolongan","332","JURU PEMBELIAN","3","TEKNISI DAN ASISTEN PROFESIONAL","3 > 33 > 332 > 3323","tidak","607"
"3323.01","332301","6","Jabatan","3323","STAF PEMBELIAN","3","TEKNISI DAN ASISTEN PROFESIONAL","3 > 33 > 332 > 3323 > 3323.01","tidak","607"
"3323.02","332302","6","Jabatan","3323","AGEN PEMBELIAN","3","TEKNISI DAN ASISTEN PROFESIONAL","3 > 33 > 332 > 3323 > 3323.02","tidak","608"
"3323.03","332303","6","Jabatan","3323","PETUGAS PENGADAAN","3","TEKNISI DAN ASISTEN PROFESIONAL","3 > 33 > 332 > 3323 > 3323.03","tidak","608"
"3323.04","332304","6","Jabatan","3323","PENYEDIA PEMBELIAN","3","TEKNISI DAN ASISTEN PROFESIONAL","3 > 33 > 332 > 3323 > 3323.04","tidak","608"
"3323.99","332399","6","Jabatan","3323","JURU PEMBELIAN LAINNYA","3","TEKNISI DAN ASISTEN PROFESIONAL","3 > 33 > 332 > 3323 > 3323.99","ya","609"
"3324","3324","4","Subgolongan","332","PIALANG PERDAGANGAN","3","TEKNISI DAN ASISTEN PROFESIONAL","3 > 33 > 332 > 3324","tidak","609"
"3324.01","332401","6","Jabatan","3324","PIALANG PERDAGANGAN BESAR","3","TEKNISI DAN ASISTEN PROFESIONAL","3 > 33 > 332 > 3324 > 3324.01","tidak","609"
"3324.02","332402","6","Jabatan","3324","PIALANG KONTRAK KOMODITAS","3","TEKNISI DAN ASISTEN PROFESIONAL","3 > 33 > 332 > 3324 > 3324.02","tidak","610"
"3324.03","332403","6","Jabatan","3324","PIALANG KOMODITAS BERJANGKA","3","TEKNISI DAN ASISTEN PROFESIONAL","3 > 33 > 332 > 3324 > 3324.03","tidak","610"
"3324.04","332404","6","Jabatan","3324","PIALANG PENGIRIMAN","3","TEKNISI DAN ASISTEN PROFESIONAL","3 > 33 > 332 > 3324 > 3324.04","tidak","610"
"3324.99","332499","6","Jabatan","3324","PIALANG PERDAGANGAN LAINNYA","3","TEKNISI DAN ASISTEN PROFESIONAL","3 > 33 > 332 > 3324 > 3324.99","ya","611"
"333","333","3","Golongan","33","AGEN JASA BISNIS","3","TEKNISI DAN ASISTEN PROFESIONAL","3 > 33 > 333","tidak","611"
"3331","3331","4","Subgolongan","333","AGEN KLIRING DAN PENGIRIMAN","3","TEKNISI DAN ASISTEN PROFESIONAL","3 > 33 > 333 > 3331","tidak","611"
"3331.01","333101","6","Jabatan","3331","AGEN KLIRING (CLEARING)","3","TEKNISI DAN ASISTEN PROFESIONAL","3 > 33 > 333 > 3331 > 3331.01","tidak","612"
"3331.02","333102","6","Jabatan","3331","AGEN PENGANGKUTAN (FORWARDING)","3","TEKNISI DAN ASISTEN PROFESIONAL","3 > 33 > 333 > 3331 > 3331.02","tidak","612"
"3331.03","333103","6","Jabatan","3331","AGEN PENGIRIMAN (SHIPPING)","3","TEKNISI DAN ASISTEN PROFESIONAL","3 > 33 > 333 > 3331 > 3331.03","tidak","612"
"3331.99","333199","6","Jabatan","3331","AGEN KLIRING DAN PENGIRIMAN LAINNYA","3","TEKNISI DAN ASISTEN PROFESIONAL","3 > 33 > 333 > 3331 > 3331.99","ya","612"
"3332","3332","4","Subgolongan","333","PERENCANA KONFERENSI DAN ACARA","3","TEKNISI DAN ASISTEN PROFESIONAL","3 > 33 > 333 > 3332","tidak","613"
"3332.01","333201","6","Jabatan","3332","PENYELENGGARA ACARA (EVENT ORGANIZER) DAN KONFERENSI","3","TEKNISI DAN ASISTEN PROFESIONAL","3 > 33 > 333 > 3332 > 3332.01","tidak","613"
"3332.02","333202","6","Jabatan","3332","PERENCANA KONFERENSI","3","TEKNISI DAN ASISTEN PROFESIONAL","3 > 33 > 333 > 3332 > 3332.02","tidak","613"
"3332.03","333203","6","Jabatan","3332","PERENCANA ACARA PERNIKAHAN (WEDDING PLANNER)","3","TEKNISI DAN ASISTEN PROFESIONAL","3 > 33 > 333 > 3332 > 3332.03","tidak","614"
"3332.04","333204","6","Jabatan","3332","PROMOTOR","3","TEKNISI DAN ASISTEN PROFESIONAL","3 > 33 > 333 > 3332 > 3332.04","tidak","614"
"3332.99","333299","6","Jabatan","3332","PERENCANA KONFERENSI DAN ACARA LAINNYA","3","TEKNISI DAN ASISTEN PROFESIONAL","3 > 33 > 333 > 3332 > 3332.99","ya","614"
"3333","3333","4","Subgolongan","333","AGEN DAN KONTRAKTOR TENAGA KERJA","3","TEKNISI DAN ASISTEN PROFESIONAL","3 > 33 > 333 > 3333","tidak","614"
"3333.01","333301","6","Jabatan","3333","AGEN PEKERJAAN","3","TEKNISI DAN ASISTEN PROFESIONAL","3 > 33 > 333 > 3333 > 3333.01","tidak","615"
"3333.02","333302","6","Jabatan","3333","KONTRAKTOR PERBURUHAN","3","TEKNISI DAN ASISTEN PROFESIONAL","3 > 33 > 333 > 3333 > 3333.02","tidak","615"
"3333.03","333303","6","Jabatan","3333","PETUGAS PENEMPATAN KERJA","3","TEKNISI DAN ASISTEN PROFESIONAL","3 > 33 > 333 > 3333 > 3333.03","tidak","615"
"3333.99","333399","6","Jabatan","3333","AGEN DAN KONTRAKTOR TENAGA KERJA LAINNYA","3","TEKNISI DAN ASISTEN PROFESIONAL","3 > 33 > 333 > 3333 > 3333.99","ya","616"
"3334","3334","4","Subgolongan","333","AGEN REAL ESTAT DAN MANAJER PROPERTI","3","TEKNISI DAN ASISTEN PROFESIONAL","3 > 33 > 333 > 3334","tidak","616"
"3334.01","333401","6","Jabatan","3334","AGEN REAL ESTAT","3","TEKNISI DAN ASISTEN PROFESIONAL","3 > 33 > 333 > 3334 > 3334.01","tidak","616"
"3334.02","333402","6","Jabatan","3334","MANAJER PROPERTI","3","TEKNISI DAN ASISTEN PROFESIONAL","3 > 33 > 333 > 3334 > 3334.02","tidak","617"
"3334.03","333403","6","Jabatan","3334","TENAGA PENJUALAN REAL ESTAT","3","TEKNISI DAN ASISTEN PROFESIONAL","3 > 33 > 333 > 3334 > 3334.03","tidak","617"
"3334.99","333499","6","Jabatan","3334","AGEN REAL ESTAT DAN MANAJER PROPERTI LAINNYA","3","TEKNISI DAN ASISTEN PROFESIONAL","3 > 33 > 333 > 3334 > 3334.99","ya","617"
"3339","3339","4","Subgolongan","333","AGEN JASA BISNIS YTDL","3","TEKNISI DAN ASISTEN PROFESIONAL","3 > 33 > 333 > 3339","ya","618"
"3339.01","333901","6","Jabatan","3339","JURU LELANG","3","TEKNISI DAN ASISTEN PROFESIONAL","3 > 33 > 333 > 3339 > 3339.01","tidak","618"
"3339.02","333902","6","Jabatan","3339","PENJUAL PERIKLANAN","3","TEKNISI DAN ASISTEN PROFESIONAL","3 > 33 > 333 > 3339 > 3339.02","tidak","619"
"3339.03","333903","6","Jabatan","3339","AGEN SASTRA","3","TEKNISI DAN ASISTEN PROFESIONAL","3 > 33 > 333 > 3339 > 3339.03","tidak","619"
"3339.04","333904","6","Jabatan","3339","AGEN PERTUNJUKAN MUSIK","3","TEKNISI DAN ASISTEN PROFESIONAL","3 > 33 > 333 > 3339 > 3339.04","tidak","619"
"3339.05","333905","6","Jabatan","3339","AGEN OLAHRAGA","3","TEKNISI DAN ASISTEN PROFESIONAL","3 > 33 > 333 > 3339 > 3339.05","tidak","619"
"3339.06","333906","6","Jabatan","3339","AGEN TEATER","3","TEKNISI DAN ASISTEN PROFESIONAL","3 > 33 > 333 > 3339 > 3339.06","tidak","620"
"3339.99","333999","6","Jabatan","3339","AGEN JASA BISNIS YTDL LAINNYA","3","TEKNISI DAN ASISTEN PROFESIONAL","3 > 33 > 333 > 3339 > 3339.99","ya","620"
"334","334","3","Golongan","33","SEKRETARIS ADMINISTRASI DAN KHUSUS","3","TEKNISI DAN ASISTEN PROFESIONAL","3 > 33 > 334","tidak","620"
"3341","3341","4","Subgolongan","334","SUPERVISOR KANTOR","3","TEKNISI DAN ASISTEN PROFESIONAL","3 > 33 > 334 > 3341","tidak","621"
"3341.01","334101","6","Jabatan","3341","SUPERVISOR ADMINISTRASI","3","TEKNISI DAN ASISTEN PROFESIONAL","3 > 33 > 334 > 3341 > 3341.01","tidak","621"
"3341.02","334102","6","Jabatan","3341","SUPERVISOR ENTRY DATA","3","TEKNISI DAN ASISTEN PROFESIONAL","3 > 33 > 334 > 3341 > 3341.02","tidak","622"
"3341.03","334103","6","Jabatan","3341","SUPERVISOR ARSIPARIS","3","TEKNISI DAN ASISTEN PROFESIONAL","3 > 33 > 334 > 3341 > 3341.03","tidak","622"
"3341.04","334104","6","Jabatan","3341","SUPERVISOR PERSONALIA","3","TEKNISI DAN ASISTEN PROFESIONAL","3 > 33 > 334 > 3341 > 3341.04","tidak","622"
"3341.05","334105","6","Jabatan","3341","SUPERVISOR LAYANAN PELANGGAN","3","TEKNISI DAN ASISTEN PROFESIONAL","3 > 33 > 334 > 3341 > 3341.05","tidak","623"
"3341.99","334199","6","Jabatan","3341","SUPERVISOR KANTOR LAINNYA","3","TEKNISI DAN ASISTEN PROFESIONAL","3 > 33 > 334 > 3341 > 3341.99","ya","623"
"3342","3342","4","Subgolongan","334","SEKRETARIS HUKUM","3","TEKNISI DAN ASISTEN PROFESIONAL","3 > 33 > 334 > 3342","tidak","623"
"3342.01","334201","6","Jabatan","3342","ASISTEN ADMINISTRASI HUKUM","3","TEKNISI DAN ASISTEN PROFESIONAL","3 > 33 > 334 > 3342 > 3342.01","tidak","624"
"3342.02","334202","6","Jabatan","3342","MANAJER PRAKTISI HUKUM","3","TEKNISI DAN ASISTEN PROFESIONAL","3 > 33 > 334 > 3342 > 3342.02","tidak","624"
"3342.99","334299","6","Jabatan","3342","SEKRETARIS HUKUM LAINNYA","3","TEKNISI DAN ASISTEN PROFESIONAL","3 > 33 > 334 > 3342 > 3342.99","ya","625"
"3343","3343","4","Subgolongan","334","SEKRETARIS ADMINISTRASI DAN EKSEKUTIF","3","TEKNISI DAN ASISTEN PROFESIONAL","3 > 33 > 334 > 3343","tidak","625"
"3343.01","334301","6","Jabatan","3343","SEKRETARIS ADMINISTRASI","3","TEKNISI DAN ASISTEN PROFESIONAL","3 > 33 > 334 > 3343 > 3343.01","tidak","625"
"3343.02","334302","6","Jabatan","3343","ASISTEN KORESPONDEN","3","TEKNISI DAN ASISTEN PROFESIONAL","3 > 33 > 334 > 3343 > 3343.02","tidak","626"
"3343.03","334303","6","Jabatan","3343","ASISTEN PRIBADI","3","TEKNISI DAN ASISTEN PROFESIONAL","3 > 33 > 334 > 3343 > 3343.03","tidak","626"
"3343.04","334304","6","Jabatan","3343","REPORTER PENGADILAN","3","TEKNISI DAN ASISTEN PROFESIONAL","3 > 33 > 334 > 3343 > 3343.04","tidak","626"
"3343.05","334305","6","Jabatan","3343","ASISTEN EKSEKUTIF","3","TEKNISI DAN ASISTEN PROFESIONAL","3 > 33 > 334 > 3343 > 3343.05","tidak","627"
"3343.99","334399","6","Jabatan","3343","SEKRETARIS ADMINISTRASI DAN EKSEKUTIF LAINNYA","3","TEKNISI DAN ASISTEN PROFESIONAL","3 > 33 > 334 > 3343 > 3343.99","ya","627"
"3344","3344","4","Subgolongan","334","SEKRETARIS MEDIS","3","TEKNISI DAN ASISTEN PROFESIONAL","3 > 33 > 334 > 3344","tidak","628"
"3344.01","334401","6","Jabatan","3344","ASISTEN ADMINISTRASI MEDIS","3","TEKNISI DAN ASISTEN PROFESIONAL","3 > 33 > 334 > 3344 > 3344.01","tidak","629"
"3344.02","334402","6","Jabatan","3344","MANAJER PRAKTIK KESEHATAN","3","TEKNISI DAN ASISTEN PROFESIONAL","3 > 33 > 334 > 3344 > 3344.02","tidak","629"
"3344.03","334403","6","Jabatan","3344","ASISTEN ADMINISTRASI KANTOR MEDIS","3","TEKNISI DAN ASISTEN PROFESIONAL","3 > 33 > 334 > 3344 > 3344.03","tidak","629"
"3344.04","334404","6","Jabatan","3344","MEDIS ASURANSI","3","TEKNISI DAN ASISTEN PROFESIONAL","3 > 33 > 334 > 3344 > 3344.04","tidak","629"
"3344.05","334405","6","Jabatan","3344","TRANSKRIPSIONIS MEDIS","3","TEKNISI DAN ASISTEN PROFESIONAL","3 > 33 > 334 > 3344 > 3344.05","tidak","630"
"3344.99","334499","6","Jabatan","3344","SEKRETARIS MEDIS LAINNYA","3","TEKNISI DAN ASISTEN PROFESIONAL","3 > 33 > 334 > 3344 > 3344.99","ya","630"
"335","335","3","Golongan","33","PROFESIONAL PEMERINTAHAN","3","TEKNISI DAN ASISTEN PROFESIONAL","3 > 33 > 335","tidak","630"
"3351","3351","4","Subgolongan","335","PENGAWAS BEA CUKAI DAN PERBATASAN","3","TEKNISI DAN ASISTEN PROFESIONAL","3 > 33 > 335 > 3351","tidak","631"
"3351.01","335101","6","Jabatan","3351","PENGAWAS PERBATASAN","3","TEKNISI DAN ASISTEN PROFESIONAL","3 > 33 > 335 > 3351 > 3351.01","tidak","632"
"3351.02","335102","6","Jabatan","3351","PENGAWAS BEA CUKAI","3","TEKNISI DAN ASISTEN PROFESIONAL","3 > 33 > 335 > 3351 > 3351.02","tidak","632"
"3351.03","335103","6","Jabatan","3351","PETUGAS PEMERIKSA PASPOR","3","TEKNISI DAN ASISTEN PROFESIONAL","3 > 33 > 335 > 3351 > 3351.03","tidak","632"
"3351.04","335104","6","Jabatan","3351","PETUGAS IMIGRASI","3","TEKNISI DAN ASISTEN PROFESIONAL","3 > 33 > 335 > 3351 > 3351.04","tidak","633"
"3351.05","335105","6","Jabatan","3351","PETUGAS BEA CUKAI","3","TEKNISI DAN ASISTEN PROFESIONAL","3 > 33 > 335 > 3351 > 3351.05","tidak","633"
"3351.99","335199","6","Jabatan","3351","PENGAWAS BEA CUKAI DAN PERBATASAN LAINNYA","3","TEKNISI DAN ASISTEN PROFESIONAL","3 > 33 > 335 > 3351 > 3351.99","ya","634"
"3352","3352","4","Subgolongan","335","PETUGAS PAJAK DAN RETRIBUSI PEMERINTAH","3","TEKNISI DAN ASISTEN PROFESIONAL","3 > 33 > 335 > 3352","tidak","634"
"3352.01","335201","6","Jabatan","3352","PETUGAS PAJAK","3","TEKNISI DAN ASISTEN PROFESIONAL","3 > 33 > 335 > 3352 > 3352.01","tidak","634"
"3352.02","335202","6","Jabatan","3352","PENGAWAS PERPAJAKAN","3","TEKNISI DAN ASISTEN PROFESIONAL","3 > 33 > 335 > 3352 > 3352.02","tidak","634"
"3352.99","335299","6","Jabatan","3352","PETUGAS PAJAK DAN RETRIBUSI PEMERINTAH LAINNYA","3","TEKNISI DAN ASISTEN PROFESIONAL","3 > 33 > 335 > 3352 > 3352.99","ya","635"
"3353","3353","4","Subgolongan","335","PEGAWAI PEMERINTAH BIDANG JAMINAN SOSIAL","3","TEKNISI DAN ASISTEN PROFESIONAL","3 > 33 > 335 > 3353","tidak","635"
"3353.01","335301","6","Jabatan","3353","PETUGAS JAMINAN PENSIUN","3","TEKNISI DAN ASISTEN PROFESIONAL","3 > 33 > 335 > 3353 > 3353.01","tidak","635"
"3353.02","335302","6","Jabatan","3353","PETUGAS JAMINAN SOSIAL","3","TEKNISI DAN ASISTEN PROFESIONAL","3 > 33 > 335 > 3353 > 3353.02","tidak","635"
"3353.03","335303","6","Jabatan","3353","PETUGAS KLAIM JAMINAN SOSIAL","3","TEKNISI DAN ASISTEN PROFESIONAL","3 > 33 > 335 > 3353 > 3353.03","tidak","636"
"3353.99","335399","6","Jabatan","3353","PEGAWAI PEMERINTAH BIDANG JAMINAN SOSIAL LAINNYA","3","TEKNISI DAN ASISTEN PROFESIONAL","3 > 33 > 335 > 3353 > 3353.99","ya","636"
"3354","3354","4","Subgolongan","335","PEGAWAI PEMERINTAH BIDANG PERIZINAN","3","TEKNISI DAN ASISTEN PROFESIONAL","3 > 33 > 335 > 3354","tidak","636"
"3354.01","335401","6","Jabatan","3354","PETUGAS PENERBIT PASPOR","3","TEKNISI DAN ASISTEN PROFESIONAL","3 > 33 > 335 > 3354 > 3354.01","tidak","637"
"3354.02","335402","6","Jabatan","3354","PETUGAS PERIZINAN PENDIRIAN BANGUNAN","3","TEKNISI DAN ASISTEN PROFESIONAL","3 > 33 > 335 > 3354 > 3354.02","tidak","637"
"3354.03","335403","6","Jabatan","3354","PETUGAS PERIZINAN USAHA","3","TEKNISI DAN ASISTEN PROFESIONAL","3 > 33 > 335 > 3354 > 3354.03","tidak","637"
"3354.99","335499","6","Jabatan","3354","PEGAWAI PEMERINTAH BIDANG PERIZINAN LAINNYA","3","TEKNISI DAN ASISTEN PROFESIONAL","3 > 33 > 335 > 3354 > 3354.99","ya","637"
"3359","3359","4","Subgolongan","335","PROFESIONAL PEMERINTAHAN YTDL","3","TEKNISI DAN ASISTEN PROFESIONAL","3 > 33 > 335 > 3359","ya","637"
"3359.01","335901","6","Jabatan","3359","PENGAWAS PERTANIAN","3","TEKNISI DAN ASISTEN PROFESIONAL","3 > 33 > 335 > 3359 > 3359.01","tidak","638"
"3359.02","335902","6","Jabatan","3359","PENGAWAS PERIKANAN","3","TEKNISI DAN ASISTEN PROFESIONAL","3 > 33 > 335 > 3359 > 3359.02","tidak","638"
"3359.03","335903","6","Jabatan","3359","PENGAWAS KEHUTANAN","3","TEKNISI DAN ASISTEN PROFESIONAL","3 > 33 > 335 > 3359 > 3359.03","tidak","639"
"3359.04","335904","6","Jabatan","3359","PENGAWAS HARGA","3","TEKNISI DAN ASISTEN PROFESIONAL","3 > 33 > 335 > 3359 > 3359.04","tidak","639"
"3359.05","335905","6","Jabatan","3359","PENGAWAS KETENAGAKERJAAN","3","TEKNISI DAN ASISTEN PROFESIONAL","3 > 33 > 335 > 3359 > 3359.05","tidak","639"
"3359.99","335999","6","Jabatan","3359","PROFESIONAL PEMERINTAHAN YTDL LAINNYA","3","TEKNISI DAN ASISTEN PROFESIONAL","3 > 33 > 335 > 3359 > 3359.99","ya","640"
"34","34","2","Subgolongan pokok","3","ASISTEN PROFESIONAL HUKUM, SOSIAL, BUDAYA, DAN YBDI","3","TEKNISI DAN ASISTEN PROFESIONAL","3 > 34","tidak","640"
"341","341","3","Golongan","34","ASISTEN PROFESIONAL HUKUM, SOSIAL, DAN KEAGAMAAN","3","TEKNISI DAN ASISTEN PROFESIONAL","3 > 34 > 341","tidak","640"
"3411","3411","4","Subgolongan","341","ASISTEN PROFESIONAL HUKUM DAN YBDI","3","TEKNISI DAN ASISTEN PROFESIONAL","3 > 34 > 341 > 3411","tidak","641"
"3411.01","341101","6","Jabatan","3411","JURU SITA","3","TEKNISI DAN ASISTEN PROFESIONAL","3 > 34 > 341 > 3411 > 3411.01","tidak","642"
"3411.02","341102","6","Jabatan","3411","PANITERA PENGADILAN","3","TEKNISI DAN ASISTEN PROFESIONAL","3 > 34 > 341 > 3411 > 3411.02","tidak","642"
"3411.03","341103","6","Jabatan","3411","PARALEGAL","3","TEKNISI DAN ASISTEN PROFESIONAL","3 > 34 > 341 > 3411 > 3411.03","tidak","642"
"3411.04","341104","6","Jabatan","3411","ASISTEN PENGACARA","3","TEKNISI DAN ASISTEN PROFESIONAL","3 > 34 > 341 > 3411 > 3411.04","tidak","643"
"3411.05","341105","6","Jabatan","3411","DETEKTIF SWASTA","3","TEKNISI DAN ASISTEN PROFESIONAL","3 > 34 > 341 > 3411 > 3411.05","tidak","643"
"3411.06","341106","6","Jabatan","3411","ASISTEN NOTARIS","3","TEKNISI DAN ASISTEN PROFESIONAL","3 > 34 > 341 > 3411 > 3411.06","tidak","643"
"3411.07","341107","6","Jabatan","3411","PETUGAS ADMINISTRASI HUKUM","3","TEKNISI DAN ASISTEN PROFESIONAL","3 > 34 > 341 > 3411 > 3411.07","tidak","644"
"3411.99","341199","6","Jabatan","3411","ASISTEN PROFESIONAL HUKUM DAN YBDI LAINNYA","3","TEKNISI DAN ASISTEN PROFESIONAL","3 > 34 > 341 > 3411 > 3411.99","ya","644"
"3412","3412","4","Subgolongan","341","ASISTEN PROFESIONAL PEKERJAAN SOSIAL","3","TEKNISI DAN ASISTEN PROFESIONAL","3 > 34 > 341 > 3412","tidak","644"
"3412.01","341201","6","Jabatan","3412","PEKERJA PENGEMBANGAN MASYARAKAT","3","TEKNISI DAN ASISTEN PROFESIONAL","3 > 34 > 341 > 3412 > 3412.01","tidak","645"
"3412.02","341202","6","Jabatan","3412","PEKERJA PELAYANAN MASYARAKAT","3","TEKNISI DAN ASISTEN PROFESIONAL","3 > 34 > 341 > 3412 > 3412.02","tidak","646"
"3412.99","341299","6","Jabatan","3412","ASISTEN PROFESIONAL PEKERJAAN SOSIAL LAINNYA","3","TEKNISI DAN ASISTEN PROFESIONAL","3 > 34 > 341 > 3412 > 3412.99","ya","646"
"3413","3413","4","Subgolongan","341","ASISTEN PROFESIONAL KEAGAMAAN","3","TEKNISI DAN ASISTEN PROFESIONAL","3 > 34 > 341 > 3413","tidak","646"
"3413.01","341301","6","Jabatan","3413","PENASIHAT SPIRITUAL","3","TEKNISI DAN ASISTEN PROFESIONAL","3 > 34 > 341 > 3413 > 3413.01","tidak","647"
"3413.02","341302","6","Jabatan","3413","PENCERAMAH AGAMA","3","TEKNISI DAN ASISTEN PROFESIONAL","3 > 34 > 341 > 3413 > 3413.02","tidak","647"
"3413.03","341303","6","Jabatan","3413","BIKSU","3","TEKNISI DAN ASISTEN PROFESIONAL","3 > 34 > 341 > 3413 > 3413.03","tidak","647"
"3413.04","341304","6","Jabatan","3413","BIARAWAN/BIARAWATI","3","TEKNISI DAN ASISTEN PROFESIONAL","3 > 34 > 341 > 3413 > 3413.04","tidak","647"
"3413.05","341305","6","Jabatan","3413","PENATUA","3","TEKNISI DAN ASISTEN PROFESIONAL","3 > 34 > 341 > 3413 > 3413.05","tidak","648"
"3413.06","341306","6","Jabatan","3413","KOSTER","3","TEKNISI DAN ASISTEN PROFESIONAL","3 > 34 > 341 > 3413 > 3413.06","tidak","648"
"3413.07","341307","6","Jabatan","3413","PEMUKA PENGHAYAT","3","TEKNISI DAN ASISTEN PROFESIONAL","3 > 34 > 341 > 3413 > 3413.07","tidak","648"
"3413.08","341308","6","Jabatan","3413","PENYULUH KEPERCAYAAN TERHADAP TUHAN YANG MAHA ESA","3","TEKNISI DAN ASISTEN PROFESIONAL","3 > 34 > 341 > 3413 > 3413.08","tidak","648"
"3413.09","341309","6","Jabatan","3413","PENGELOLA TRADISI LISAN","3","TEKNISI DAN ASISTEN PROFESIONAL","3 > 34 > 341 > 3413 > 3413.09","tidak","648"
"3413.99","341399","6","Jabatan","3413","ASISTEN PROFESIONAL KEAGAMAAN LAINNYA","3","TEKNISI DAN ASISTEN PROFESIONAL","3 > 34 > 341 > 3413 > 3413.99","ya","649"
"342","342","3","Golongan","34","PEKERJA OLAHRAGA DAN KEBUGARAN","3","TEKNISI DAN ASISTEN PROFESIONAL","3 > 34 > 342","tidak","649"
"3421","3421","4","Subgolongan","342","ATLET DAN OLAHRAGAWAN","3","TEKNISI DAN ASISTEN PROFESIONAL","3 > 34 > 342 > 3421","tidak","649"
"3421.00","342100","6","Jabatan","3421","ATLET DAN OLAHRAGAWAN","3","TEKNISI DAN ASISTEN PROFESIONAL","3 > 34 > 342 > 3421 > 3421.00","tidak","650"
"3422","3422","4","Subgolongan","342","PELATIH, INSTRUKTUR, DAN KRU OLAHRAGA","3","TEKNISI DAN ASISTEN PROFESIONAL","3 > 34 > 342 > 3422","tidak","650"
"3422.01","342201","6","Jabatan","3422","PELATIH OLAHRAGA","3","TEKNISI DAN ASISTEN PROFESIONAL","3 > 34 > 342 > 3422 > 3422.01","tidak","651"
"3422.02","342202","6","Jabatan","3422","WASIT ATAU JURI","3","TEKNISI DAN ASISTEN PROFESIONAL","3 > 34 > 342 > 3422 > 3422.02","tidak","651"
"3422.03","342203","6","Jabatan","3422","PEMANDU BAKAT","3","TEKNISI DAN ASISTEN PROFESIONAL","3 > 34 > 342 > 3422 > 3422.03","tidak","652"
"3422.04","342204","6","Jabatan","3422","PENYULUH OLAHRAGA","3","TEKNISI DAN ASISTEN PROFESIONAL","3 > 34 > 342 > 3422 > 3422.04","tidak","652"
"3422.05","342205","6","Jabatan","3422","PENDAMPING ATLET DISABILITAS DAN CLASSIFIER","3","TEKNISI DAN ASISTEN PROFESIONAL","3 > 34 > 342 > 3422 > 3422.05","tidak","652"
"3422.06","342206","6","Jabatan","3422","MARSHAL","3","TEKNISI DAN ASISTEN PROFESIONAL","3 > 34 > 342 > 3422 > 3422.06","tidak","653"
"3422.07","342207","6","Jabatan","3422","PENDAMPING OLAHRAGA","3","TEKNISI DAN ASISTEN PROFESIONAL","3 > 34 > 342 > 3422 > 3422.07","tidak","653"
"3422.99","342299","6","Jabatan","3422","PELATIH, INSTRUKTUR, DAN KRU OLAHRAGA LAINNYA","3","TEKNISI DAN ASISTEN PROFESIONAL","3 > 34 > 342 > 3422 > 3422.99","ya","653"
"3423","3423","4","Subgolongan","342","INSTRUKTUR DAN PELATIH PROGRAM KEBUGARAN DAN REKREASI","3","TEKNISI DAN ASISTEN PROFESIONAL","3 > 34 > 342 > 3423","tidak","653"
"3423.01","342301","6","Jabatan","3423","INSTRUKTUR KEBUGARAN","3","TEKNISI DAN ASISTEN PROFESIONAL","3 > 34 > 342 > 3423 > 3423.01","tidak","654"
"3423.02","342302","6","Jabatan","3423","INSTRUKTUR BERKUDA","3","TEKNISI DAN ASISTEN PROFESIONAL","3 > 34 > 342 > 3423 > 3423.02","tidak","654"
"3423.03","342303","6","Jabatan","3423","INSTRUKTUR SELAM","3","TEKNISI DAN ASISTEN PROFESIONAL","3 > 34 > 342 > 3423 > 3423.03","tidak","655"
"3423.04","342304","6","Jabatan","3423","INSTRUKTUR PANJAT TEBING","3","TEKNISI DAN ASISTEN PROFESIONAL","3 > 34 > 342 > 3423 > 3423.04","tidak","655"
"3423.99","342399","6","Jabatan","3423","INSTRUKTUR DAN PELATIH PROGRAM KEBUGARAN DAN REKREASI LAINNYA","3","TEKNISI DAN ASISTEN PROFESIONAL","3 > 34 > 342 > 3423 > 3423.99","ya","655"
"343","343","3","Golongan","34","ASISTEN PROFESIONAL KESENIAN, BUDAYA, DAN KULINER","3","TEKNISI DAN ASISTEN PROFESIONAL","3 > 34 > 343","tidak","655"
"3431","3431","4","Subgolongan","343","FOTOGRAFER","3","TEKNISI DAN ASISTEN PROFESIONAL","3 > 34 > 343 > 3431","tidak","656"
"3431.01","343101","6","Jabatan","3431","WARTAWAN FOTO","3","TEKNISI DAN ASISTEN PROFESIONAL","3 > 34 > 343 > 3431 > 3431.01","tidak","657"
"3431.02","343102","6","Jabatan","3431","FOTOGRAFER KOMERSIAL","3","TEKNISI DAN ASISTEN PROFESIONAL","3 > 34 > 343 > 3431 > 3431.02","tidak","657"
"3431.99","343199","6","Jabatan","3431","FOTOGRAFER LAINNYA","3","TEKNISI DAN ASISTEN PROFESIONAL","3 > 34 > 343 > 3431 > 3431.99","ya","658"
"3432","3432","4","Subgolongan","343","DESAINER DAN DEKORATOR INTERIOR","3","TEKNISI DAN ASISTEN PROFESIONAL","3 > 34 > 343 > 3432","tidak","658"
"3432.01","343201","6","Jabatan","3432","DESAINER INTERIOR","3","TEKNISI DAN ASISTEN PROFESIONAL","3 > 34 > 343 > 3432 > 3432.01","tidak","658"
"3432.02","343202","6","Jabatan","3432","DEKORATOR DISPLAY","3","TEKNISI DAN ASISTEN PROFESIONAL","3 > 34 > 343 > 3432 > 3432.02","tidak","659"
"3432.03","343203","6","Jabatan","3432","VISUAL MERCHANDISER","3","TEKNISI DAN ASISTEN PROFESIONAL","3 > 34 > 343 > 3432 > 3432.03","tidak","659"
"3432.99","343299","6","Jabatan","3432","DESAINER DAN DEKORATOR INTERIOR LAINNYA","3","TEKNISI DAN ASISTEN PROFESIONAL","3 > 34 > 343 > 3432 > 3432.99","ya","660"
"3433","3433","4","Subgolongan","343","TEKNISI GALERI, MUSEUM, DAN PERPUSTAKAAN","3","TEKNISI DAN ASISTEN PROFESIONAL","3 > 34 > 343 > 3433","tidak","660"
"3433.01","343301","6","Jabatan","3433","TEKNISI GALERI","3","TEKNISI DAN ASISTEN PROFESIONAL","3 > 34 > 343 > 3433 > 3433.01","tidak","660"
"3433.02","343302","6","Jabatan","3433","TEKNISI PERPUSTAKAAN","3","TEKNISI DAN ASISTEN PROFESIONAL","3 > 34 > 343 > 3433 > 3433.02","tidak","661"
"3433.03","343303","6","Jabatan","3433","TEKNISI MUSEUM","3","TEKNISI DAN ASISTEN PROFESIONAL","3 > 34 > 343 > 3433 > 3433.03","tidak","661"
"3433.04","343304","6","Jabatan","3433","REGISTER MUSEUM","3","TEKNISI DAN ASISTEN PROFESIONAL","3 > 34 > 343 > 3433 > 3433.04","tidak","661"
"3433.99","343399","6","Jabatan","3433","TEKNISI GALERI, MUSEUM, DAN PERPUSTAKAAN LAINNYA","3","TEKNISI DAN ASISTEN PROFESIONAL","3 > 34 > 343 > 3433 > 3433.99","ya","662"
"3434","3434","4","Subgolongan","343","CHEF","3","TEKNISI DAN ASISTEN PROFESIONAL","3 > 34 > 343 > 3434","tidak","662"
"3434.01","343401","6","Jabatan","3434","CHEF MASAKAN INTERNASIONAL","3","TEKNISI DAN ASISTEN PROFESIONAL","3 > 34 > 343 > 3434 > 3434.01","tidak","663"
"3434.02","343402","6","Jabatan","3434","CHEF MASAKAN NUSANTARA","3","TEKNISI DAN ASISTEN PROFESIONAL","3 > 34 > 343 > 3434 > 3434.02","tidak","663"
"3434.99","343499","6","Jabatan","3434","CHEF LAINNYA","3","TEKNISI DAN ASISTEN PROFESIONAL","3 > 34 > 343 > 3434 > 3434.99","ya","663"
"3435","3435","4","Subgolongan","343","ASISTEN PROFESIONAL KESENIAN DAN BUDAYA LAINNYA","3","TEKNISI DAN ASISTEN PROFESIONAL","3 > 34 > 343 > 3435","tidak","663"
"3435.01","343501","6","Jabatan","3435","BODY ARTIST","3","TEKNISI DAN ASISTEN PROFESIONAL","3 > 34 > 343 > 3435 > 3435.01","tidak","664"
"3435.02","343502","6","Jabatan","3435","MANAJER LAPANGAN (PENYIARAN)","3","TEKNISI DAN ASISTEN PROFESIONAL","3 > 34 > 343 > 3435 > 3435.02","tidak","665"
"3435.03","343503","6","Jabatan","3435","TEKNISI TATA LAMPU/CAHAYA","3","TEKNISI DAN ASISTEN PROFESIONAL","3 > 34 > 343 > 3435 > 3435.03","tidak","665"
"3435.04","343504","6","Jabatan","3435","KOORDINATOR PROGRAM (PENYIARAN)","3","TEKNISI DAN ASISTEN PROFESIONAL","3 > 34 > 343 > 3435 > 3435.04","tidak","666"
"3435.05","343505","6","Jabatan","3435","KOORDINATOR PROPERTI (PENYIARAN)","3","TEKNISI DAN ASISTEN PROFESIONAL","3 > 34 > 343 > 3435 > 3435.05","tidak","666"
"3435.06","343506","6","Jabatan","3435","SCRIPT GIRL/BOY","3","TEKNISI DAN ASISTEN PROFESIONAL","3 > 34 > 343 > 3435 > 3435.06","tidak","666"
"3435.07","343507","6","Jabatan","3435","TEKNISI EFEK KHUSUS","3","TEKNISI DAN ASISTEN PROFESIONAL","3 > 34 > 343 > 3435 > 3435.07","tidak","667"
"3435.08","343508","6","Jabatan","3435","MANAJER PANGGUNG","3","TEKNISI DAN ASISTEN PROFESIONAL","3 > 34 > 343 > 3435 > 3435.08","tidak","667"
"3435.09","343509","6","Jabatan","3435","STUNTMAN","3","TEKNISI DAN ASISTEN PROFESIONAL","3 > 34 > 343 > 3435 > 3435.09","tidak","667"
"3435.10","343510","6","Jabatan","3435","PENATA RIAS","3","TEKNISI DAN ASISTEN PROFESIONAL","3 > 34 > 343 > 3435 > 3435.10","tidak","668"
"3435.11","343511","6","Jabatan","3435","KOORDINATOR STUNT","3","TEKNISI DAN ASISTEN PROFESIONAL","3 > 34 > 343 > 3435 > 3435.11","tidak","668"
"3435.12","343512","6","Jabatan","3435","PENYELEKSI PENGISI SUARA","3","TEKNISI DAN ASISTEN PROFESIONAL","3 > 34 > 343 > 3435 > 3435.12","tidak","668"
"3435.13","343513","6","Jabatan","3435","KOORDINATOR TALENTA","3","TEKNISI DAN ASISTEN PROFESIONAL","3 > 34 > 343 > 3435 > 3435.13","tidak","669"
"3435.14","343514","6","Jabatan","3435","PENCATAT PAPAN PENANDA","3","TEKNISI DAN ASISTEN PROFESIONAL","3 > 34 > 343 > 3435 > 3435.14","tidak","669"
"3435.15","343515","6","Jabatan","3435","PENATA ARTISTIK","3","TEKNISI DAN ASISTEN PROFESIONAL","3 > 34 > 343 > 3435 > 3435.15","tidak","669"
"3435.16","343516","6","Jabatan","3435","ASISTEN FESYEN DESAINER","3","TEKNISI DAN ASISTEN PROFESIONAL","3 > 34 > 343 > 3435 > 3435.16","tidak","669"
"3435.99","343599","6","Jabatan","3435","ASISTEN PROFESIONAL KESENIAN DAN BUDAYA LAINNYA YTDL","3","TEKNISI DAN ASISTEN PROFESIONAL","3 > 34 > 343 > 3435 > 3435.99","ya","670"
"35","35","2","Subgolongan pokok","3","TEKNISI INFORMASI DAN KOMUNIKASI","3","TEKNISI DAN ASISTEN PROFESIONAL","3 > 35","tidak","670"
"351","351","3","Golongan","35","TEKNISI OPERASI TEKNOLOGI INFORMASI DAN KOMUNIKASI DAN PENDUKUNG PENGGUNA","3","TEKNISI DAN ASISTEN PROFESIONAL","3 > 35 > 351","tidak","670"
"3511","3511","4","Subgolongan","351","TEKNISI OPERASI TEKNOLOGI INFORMASI DAN KOMUNIKASI","3","TEKNISI DAN ASISTEN PROFESIONAL","3 > 35 > 351 > 3511","tidak","671"
"3511.01","351101","6","Jabatan","3511","OPERATOR KOMPUTER","3","TEKNISI DAN ASISTEN PROFESIONAL","3 > 35 > 351 > 3511 > 3511.01","tidak","672"
"3511.02","351102","6","Jabatan","3511","OPERATOR PERALATAN PERIFERAL KOMPUTER","3","TEKNISI DAN ASISTEN PROFESIONAL","3 > 35 > 351 > 3511 > 3511.02","tidak","672"
"3511.99","351199","6","Jabatan","3511","TEKNISI OPERASI TEKNOLOGI INFORMASI DAN KOMUNIKASI LAINNYA","3","TEKNISI DAN ASISTEN PROFESIONAL","3 > 35 > 351 > 3511 > 3511.99","ya","673"
"3512","3512","4","Subgolongan","351","TEKNISI PENDUKUNG PENGGUNAAN TEKNOLOGI INFORMASI DAN KOMUNIKASI","3","TEKNISI DAN ASISTEN PROFESIONAL","3 > 35 > 351 > 3512","tidak","673"
"3512.01","351201","6","Jabatan","3512","ASISTEN PEMROGRAMAN KOMPUTER","3","TEKNISI DAN ASISTEN PROFESIONAL","3 > 35 > 351 > 3512 > 3512.01","tidak","673"
"3512.99","351299","6","Jabatan","3512","TEKNISI PENDUKUNG PENGGUNAAN TEKNOLOGI INFORMASI DAN KOMUNIKASI LAINNYA","3","TEKNISI DAN ASISTEN PROFESIONAL","3 > 35 > 351 > 3512 > 3512.99","ya","674"
"3513","3513","4","Subgolongan","351","TEKNISI JARINGAN DAN SISTEM KOMPUTER","3","TEKNISI DAN ASISTEN PROFESIONAL","3 > 35 > 351 > 3513","tidak","674"
"3513.01","351301","6","Jabatan","3513","TEKNISI JARINGAN KOMPUTER","3","TEKNISI DAN ASISTEN PROFESIONAL","3 > 35 > 351 > 3513 > 3513.01","tidak","674"
"3513.02","351302","6","Jabatan","3513","TEKNISI PENDUKUNG JARINGAN","3","TEKNISI DAN ASISTEN PROFESIONAL","3 > 35 > 351 > 3513 > 3513.02","tidak","674"
"3513.03","351303","6","Jabatan","3513","TEKNISI SISTEM OPERASI","3","TEKNISI DAN ASISTEN PROFESIONAL","3 > 35 > 351 > 3513 > 3513.03","tidak","675"
"3513.99","351399","6","Jabatan","3513","TEKNISI JARINGAN DAN SISTEM KOMPUTER LAINNYA","3","TEKNISI DAN ASISTEN PROFESIONAL","3 > 35 > 351 > 3513 > 3513.99","ya","675"
"3514","3514","4","Subgolongan","351","TEKNISI WEB","3","TEKNISI DAN ASISTEN PROFESIONAL","3 > 35 > 351 > 3514","tidak","675"
"3514.01","351401","6","Jabatan","3514","ADMINISTRATOR WEBSITE","3","TEKNISI DAN ASISTEN PROFESIONAL","3 > 35 > 351 > 3514 > 3514.01","tidak","676"
"3514.02","351402","6","Jabatan","3514","TEKNISI WEBSITE","3","TEKNISI DAN ASISTEN PROFESIONAL","3 > 35 > 351 > 3514 > 3514.02","tidak","676"
"3514.03","351403","6","Jabatan","3514","WEBMASTER","3","TEKNISI DAN ASISTEN PROFESIONAL","3 > 35 > 351 > 3514 > 3514.03","tidak","676"
"3514.99","351499","6","Jabatan","3514","TEKNISI WEB LAINNYA","3","TEKNISI DAN ASISTEN PROFESIONAL","3 > 35 > 351 > 3514 > 3514.99","ya","677"
"352","352","3","Golongan","35","TEKNISI TELEKOMUNIKASI DAN PENYIARAN","3","TEKNISI DAN ASISTEN PROFESIONAL","3 > 35 > 352","tidak","677"
"3521","3521","4","Subgolongan","352","TEKNISI PENYIARAN DAN AUDIO-VISUAL","3","TEKNISI DAN ASISTEN PROFESIONAL","3 > 35 > 352 > 3521","tidak","677"
"3521.01","352101","6","Jabatan","3521","OPERATOR AUDIO-VISUAL","3","TEKNISI DAN ASISTEN PROFESIONAL","3 > 35 > 352 > 3521 > 3521.01","tidak","678"
"3521.02","352102","6","Jabatan","3521","OPERATOR PERALATAN PENYIARAN","3","TEKNISI DAN ASISTEN PROFESIONAL","3 > 35 > 352 > 3521 > 3521.02","tidak","678"
"3521.03","352103","6","Jabatan","3521","TEKNISI PENYIARAN","3","TEKNISI DAN ASISTEN PROFESIONAL","3 > 35 > 352 > 3521 > 3521.03","tidak","679"
"3521.04","352104","6","Jabatan","3521","JURU KAMERA FILM","3","TEKNISI DAN ASISTEN PROFESIONAL","3 > 35 > 352 > 3521 > 3521.04","tidak","679"
"3521.05","352105","6","Jabatan","3521","JURU KAMERA VIDEO","3","TEKNISI DAN ASISTEN PROFESIONAL","3 > 35 > 352 > 3521 > 3521.05","tidak","679"
"3521.06","352106","6","Jabatan","3521","ASISTEN PRODUKSI MEDIA","3","TEKNISI DAN ASISTEN PROFESIONAL","3 > 35 > 352 > 3521 > 3521.06","tidak","680"
"3521.07","352107","6","Jabatan","3521","PENYUNTING SUARA","3","TEKNISI DAN ASISTEN PROFESIONAL","3 > 35 > 352 > 3521 > 3521.07","tidak","680"
"3521.99","352199","6","Jabatan","3521","TEKNISI PENYIARAN DAN AUDIO-VISUAL LAINNYA","3","TEKNISI DAN ASISTEN PROFESIONAL","3 > 35 > 352 > 3521 > 3521.99","ya","680"
"3522","3522","4","Subgolongan","352","TEKNISI REKAYASA TELEKOMUNIKASI","3","TEKNISI DAN ASISTEN PROFESIONAL","3 > 35 > 352 > 3522","tidak","680"
"3522.00","352200","6","Jabatan","3522","TEKNISI REKAYASA TELEKOMUNIKASI","3","TEKNISI DAN ASISTEN PROFESIONAL","3 > 35 > 352 > 3522 > 3522.00","tidak","681"
"4","4","1","Golongan pokok","","TENAGA TATA USAHA","4","TENAGA TATA USAHA","4","tidak","685"
"41","41","2","Subgolongan pokok","4","TENAGA TATA USAHA PERKANTORAN UMUM","4","TENAGA TATA USAHA","4 > 41","tidak","685"
"411","411","3","Golongan","41","TENAGA PERKANTORAN UMUM","4","TENAGA TATA USAHA","4 > 41 > 411","tidak","685"
"4110","4110","4","Subgolongan","411","TENAGA PERKANTORAN UMUM","4","TENAGA TATA USAHA","4 > 41 > 411 > 4110","tidak","686"
"4110.00","411000","6","Jabatan","4110","TENAGA PERKANTORAN UMUM","4","TENAGA TATA USAHA","4 > 41 > 411 > 4110 > 4110.00","tidak","686"
"412","412","3","Golongan","41","SEKRETARIS","4","TENAGA TATA USAHA","4 > 41 > 412","tidak","686"
"4120","4120","4","Subgolongan","412","SEKRETARIS","4","TENAGA TATA USAHA","4 > 41 > 412 > 4120","tidak","687"
"4120.00","412000","6","Jabatan","4120","SEKRETARIS","4","TENAGA TATA USAHA","4 > 41 > 412 > 4120 > 4120.00","tidak","687"
"413","413","3","Golongan","41","JURU KETIK","4","TENAGA TATA USAHA","4 > 41 > 413","tidak","688"
"4131","4131","4","Subgolongan","413","JURU KETIK DAN OPERATOR MESIN PENGOLAH KATA","4","TENAGA TATA USAHA","4 > 41 > 413 > 4131","tidak","688"
"4131.01","413101","6","Jabatan","4131","JURU KETIK","4","TENAGA TATA USAHA","4 > 41 > 413 > 4131 > 4131.01","tidak","689"
"4131.02","413102","6","Jabatan","4131","OPERATOR MESIN PENGOLAH KATA","4","TENAGA TATA USAHA","4 > 41 > 413 > 4131 > 4131.02","tidak","689"
"4131.03","413103","6","Jabatan","4131","STENOGRAFER","4","TENAGA TATA USAHA","4 > 41 > 413 > 4131 > 4131.03","tidak","689"
"4131.04","413104","6","Jabatan","4131","JURU KETIK CEPAT","4","TENAGA TATA USAHA","4 > 41 > 413 > 4131 > 4131.04","tidak","690"
"4131.99","413199","6","Jabatan","4131","JURU KETIK DAN OPERATOR MESIN PENGOLAH KATA LAINNYA","4","TENAGA TATA USAHA","4 > 41 > 413 > 4131 > 4131.99","ya","690"
"4132","4132","4","Subgolongan","413","PETUGAS ENTRI DATA","4","TENAGA TATA USAHA","4 > 41 > 413 > 4132","tidak","690"
"4132.01","413201","6","Jabatan","4132","OPERATOR ENTRI DATA","4","TENAGA TATA USAHA","4 > 41 > 413 > 4132 > 4132.01","tidak","690"
"4132.02","413202","6","Jabatan","4132","PETUGAS INPUT DATA","4","TENAGA TATA USAHA","4 > 41 > 413 > 4132 > 4132.02","tidak","691"
"4132.03","413203","6","Jabatan","4132","PETUGAS ENTRI PEMBAYARAN","4","TENAGA TATA USAHA","4 > 41 > 413 > 4132 > 4132.03","tidak","691"
"4132.99","413299","6","Jabatan","4132","PETUGAS ENTRI DATA LAINNYA","4","TENAGA TATA USAHA","4 > 41 > 413 > 4132 > 4132.99","ya","691"
"42","42","2","Subgolongan pokok","4","TENAGA TATA USAHA PELAYANAN PELANGGAN","4","TENAGA TATA USAHA","4 > 42","tidak","691"
"421","421","3","Golongan","42","TELLER, KOLEKTOR UANG, DAN YBDI","4","TENAGA TATA USAHA","4 > 42 > 421","tidak","691"
"4211","4211","4","Subgolongan","421","TELLER BANK DAN YBDI","4","TENAGA TATA USAHA","4 > 42 > 421 > 4211","tidak","692"
"4211.01","421101","6","Jabatan","4211","TELLER BANK","4","TENAGA TATA USAHA","4 > 42 > 421 > 4211 > 4211.01","tidak","692"
"4211.02","421102","6","Jabatan","4211","PETUGAS PENUKARAN UANG","4","TENAGA TATA USAHA","4 > 42 > 421 > 4211 > 4211.02","tidak","693"
"4211.03","421103","6","Jabatan","4211","PEGAWAI COUNTER KANTOR POS","4","TENAGA TATA USAHA","4 > 42 > 421 > 4211 > 4211.03","tidak","693"
"4211.99","421199","6","Jabatan","4211","TELLER BANK DAN YBDI LAINNYA","4","TENAGA TATA USAHA","4 > 42 > 421 > 4211 > 4211.99","ya","693"
"4212","4212","4","Subgolongan","421","JURU GADAI DAN PEMBERI PINJAMAN UANG","4","TENAGA TATA USAHA","4 > 42 > 421 > 4212","tidak","693"
"4212.01","421201","6","Jabatan","4212","JURU GADAI","4","TENAGA TATA USAHA","4 > 42 > 421 > 4212 > 4212.01","tidak","694"
"4212.02","421202","6","Jabatan","4212","PEMBERI PINJAMAN UANG","4","TENAGA TATA USAHA","4 > 42 > 421 > 4212 > 4212.02","tidak","694"
"4212.99","421299","6","Jabatan","4212","JURU GADAI DAN PEMBERI PINJAMAN UANG LAINNYA","4","TENAGA TATA USAHA","4 > 42 > 421 > 4212 > 4212.99","ya","694"
"4213","4213","4","Subgolongan","421","PENAGIH HUTANG DAN YBDI","4","TENAGA TATA USAHA","4 > 42 > 421 > 4213","tidak","694"
"4213.01","421301","6","Jabatan","4213","PENAGIH TAGIHAN DAN REKENING","4","TENAGA TATA USAHA","4 > 42 > 421 > 4213 > 4213.01","tidak","694"
"4213.02","421302","6","Jabatan","4213","KOLEKTOR SUMBANGAN","4","TENAGA TATA USAHA","4 > 42 > 421 > 4213 > 4213.02","tidak","695"
"4213.03","421303","6","Jabatan","4213","PENAGIH HUTANG","4","TENAGA TATA USAHA","4 > 42 > 421 > 4213 > 4213.03","tidak","695"
"4213.99","421399","6","Jabatan","4213","PENAGIH HUTANG DAN YBDI LAINNYA","4","TENAGA TATA USAHA","4 > 42 > 421 > 4213 > 4213.99","ya","695"
"4219","4219","4","Subgolongan","421","TELLER, KOLEKTOR UANG, DAN YBDI LAINNYA","4","TENAGA TATA USAHA","4 > 42 > 421 > 4219","ya","695"
"4219.00","421900","6","Jabatan","4219","TELLER, KOLEKTOR UANG, DAN YBDI LAINNYA","4","TENAGA TATA USAHA","4 > 42 > 421 > 4219 > 4219.00","tidak","695"
"422","422","3","Golongan","42","TENAGA TATA USAHA INFORMASI PELANGGAN","4","TENAGA TATA USAHA","4 > 42 > 422","tidak","696"
"4221","4221","4","Subgolongan","422","TENAGA TATA USAHA PERJALANAN DAN KONSULTAN PERJALANAN","4","TENAGA TATA USAHA","4 > 42 > 422 > 4221","tidak","696"
"4221.01","422101","6","Jabatan","4221","TENAGA TATA USAHA BIRO PERJALANAN","4","TENAGA TATA USAHA","4 > 42 > 422 > 4221 > 4221.01","tidak","697"
"4221.02","422102","6","Jabatan","4221","TENAGA TATA USAHA PERJALANAN (PERUSAHAAN PENERBANGAN)","4","TENAGA TATA USAHA","4 > 42 > 422 > 4221 > 4221.02","tidak","697"
"4221.03","422103","6","Jabatan","4221","TENAGA TATA USAHA AGEN PERJALANAN","4","TENAGA TATA USAHA","4 > 42 > 422 > 4221 > 4221.03","tidak","698"
"4221.04","422104","6","Jabatan","4221","KONSULTAN PERJALANAN","4","TENAGA TATA USAHA","4 > 42 > 422 > 4221 > 4221.04","tidak","698"
"4221.05","422105","6","Jabatan","4221","ORGANISATOR PERJALANAN","4","TENAGA TATA USAHA","4 > 42 > 422 > 4221 > 4221.05","tidak","698"
"4221.99","422199","6","Jabatan","4221","TENAGA TATA USAHA PERJALANAN DAN KONSULTAN PERJALANAN LAINNYA","4","TENAGA TATA USAHA","4 > 42 > 422 > 4221 > 4221.99","ya","698"
"4222","4222","4","Subgolongan","422","TENAGA TATA USAHA INFORMASI PUSAT KONTAK","4","TENAGA TATA USAHA","4 > 42 > 422 > 4222","tidak","698"
"4222.00","422200","6","Jabatan","4222","TENAGA TATA USAHA INFORMASI PUSAT KONTAK","4","TENAGA TATA USAHA","4 > 42 > 422 > 4222 > 4222.00","tidak","699"
"4223","4223","4","Subgolongan","422","OPERATOR TELEPON","4","TENAGA TATA USAHA","4 > 42 > 422 > 4223","tidak","699"
"4223.01","422301","6","Jabatan","4223","OPERATOR LAYANAN PENJAWAB","4","TENAGA TATA USAHA","4 > 42 > 422 > 4223 > 4223.01","tidak","700"
"4223.02","422302","6","Jabatan","4223","OPERATOR SENTRAL TELEPON","4","TENAGA TATA USAHA","4 > 42 > 422 > 4223 > 4223.02","tidak","700"
"4223.99","422399","6","Jabatan","4223","OPERATOR TELEPON LAINNYA","4","TENAGA TATA USAHA","4 > 42 > 422 > 4223 > 4223.99","ya","700"
"4224","4224","4","Subgolongan","422","RESEPSIONIS HOTEL","4","TENAGA TATA USAHA","4 > 42 > 422 > 4224","tidak","700"
"4224.00","422400","6","Jabatan","4224","RESEPSIONIS HOTEL","4","TENAGA TATA USAHA","4 > 42 > 422 > 4224 > 4224.00","tidak","701"
"4225","4225","4","Subgolongan","422","TENAGA TATA USAHA PENERANGAN","4","TENAGA TATA USAHA","4 > 42 > 422 > 4225","tidak","701"
"4225.00","422500","6","Jabatan","4225","TENAGA TATA USAHA PENERANGAN","4","TENAGA TATA USAHA","4 > 42 > 422 > 4225 > 4225.00","tidak","701"
"4226","4226","4","Subgolongan","422","RESEPSIONIS","4","TENAGA TATA USAHA","4 > 42 > 422 > 4226","tidak","702"
"4226.01","422601","6","Jabatan","4226","RESEPSIONIS KANTOR","4","TENAGA TATA USAHA","4 > 42 > 422 > 4226 > 4226.01","tidak","702"
"4226.02","422602","6","Jabatan","4226","RESEPSIONIS RUMAH SAKIT","4","TENAGA TATA USAHA","4 > 42 > 422 > 4226 > 4226.02","tidak","702"
"4226.99","422699","6","Jabatan","4226","RESEPSIONIS LAINNYA","4","TENAGA TATA USAHA","4 > 42 > 422 > 4226 > 4226.99","ya","703"
"4227","4227","4","Subgolongan","422","PEWAWANCARA SURVEI DAN PENELITIAN PASAR","4","TENAGA TATA USAHA","4 > 42 > 422 > 4227","tidak","703"
"4227.01","422701","6","Jabatan","4227","PEWAWANCARA PENELITIAN PASAR","4","TENAGA TATA USAHA","4 > 42 > 422 > 4227 > 4227.01","tidak","703"
"4227.02","422702","6","Jabatan","4227","PEWAWANCARA OPINI PUBLIK","4","TENAGA TATA USAHA","4 > 42 > 422 > 4227 > 4227.02","tidak","703"
"4227.03","422703","6","Jabatan","4227","PEWAWANCARA SURVEI","4","TENAGA TATA USAHA","4 > 42 > 422 > 4227 > 4227.03","tidak","704"
"4227.99","422799","6","Jabatan","4227","PEWAWANCARA SURVEI DAN PENELITIAN PASAR LAINNYA","4","TENAGA TATA USAHA","4 > 42 > 422 > 4227 > 4227.99","ya","704"
"4229","4229","4","Subgolongan","422","TENAGA TATA USAHA INFORMASI PELANGGAN YTDL","4","TENAGA TATA USAHA","4 > 42 > 422 > 4229","ya","704"
"4229.00","422900","6","Jabatan","4229","TENAGA TATA USAHA INFORMASI PELANGGAN YTDL","4","TENAGA TATA USAHA","4 > 42 > 422 > 4229 > 4229.00","tidak","704"
"43","43","2","Subgolongan pokok","4","TENAGA TATA USAHA PENGHITUNGAN DAN PENCATATAN DOKUMEN","4","TENAGA TATA USAHA","4 > 43","tidak","705"
"431","431","3","Golongan","43","TENAGA TATA USAHA PENGHITUNGAN","4","TENAGA TATA USAHA","4 > 43 > 431","tidak","705"
"4311","4311","4","Subgolongan","431","JURU TATA USAHA AKUNTANSI DAN PEMBUKUAN","4","TENAGA TATA USAHA","4 > 43 > 431 > 4311","tidak","706"
"4311.01","431101","6","Jabatan","4311","JURU TATA USAHA AKUNTANSI","4","TENAGA TATA USAHA","4 > 43 > 431 > 4311 > 4311.01","tidak","706"
"4311.02","431102","6","Jabatan","4311","JURU TATA USAHA PEMBUKUAN","4","TENAGA TATA USAHA","4 > 43 > 431 > 4311 > 4311.02","tidak","706"
"4311.99","431199","6","Jabatan","4311","JURU TATA USAHA AKUNTANSI DAN PEMBUKUAN LAINNYA","4","TENAGA TATA USAHA","4 > 43 > 431 > 4311 > 4311.99","ya","707"
"4312","4312","4","Subgolongan","431","JURU TATA USAHA STATISTIK, KEUANGAN, DAN ASURANSI","4","TENAGA TATA USAHA","4 > 43 > 431 > 4312","tidak","707"
"4312.01","431201","6","Jabatan","4312","JURU TATA USAHA AKTUARIA","4","TENAGA TATA USAHA","4 > 43 > 431 > 4312 > 4312.01","tidak","708"
"4312.02","431202","6","Jabatan","4312","JURU TATA USAHA PIALANG","4","TENAGA TATA USAHA","4 > 43 > 431 > 4312 > 4312.02","tidak","708"
"4312.03","431203","6","Jabatan","4312","JURU TATA USAHA KEUANGAN","4","TENAGA TATA USAHA","4 > 43 > 431 > 4312 > 4312.03","tidak","708"
"4312.04","431204","6","Jabatan","4312","JURU TATA USAHA ASURANSI","4","TENAGA TATA USAHA","4 > 43 > 431 > 4312 > 4312.04","tidak","708"
"4312.05","431205","6","Jabatan","4312","JURU TATA USAHA BURSA EFEK","4","TENAGA TATA USAHA","4 > 43 > 431 > 4312 > 4312.05","tidak","709"
"4312.06","431206","6","Jabatan","4312","JURU TATA USAHA STATISTIK","4","TENAGA TATA USAHA","4 > 43 > 431 > 4312 > 4312.06","tidak","709"
"4312.07","431207","6","Jabatan","4312","JURU TATA USAHA PAJAK","4","TENAGA TATA USAHA","4 > 43 > 431 > 4312 > 4312.07","tidak","709"
"4312.99","431299","6","Jabatan","4312","JURU TATA USAHA STATISTIK, KEUANGAN, DAN ASURANSI LAINNYA","4","TENAGA TATA USAHA","4 > 43 > 431 > 4312 > 4312.99","ya","710"
"4313","4313","4","Subgolongan","431","JURU TATA USAHA PENGGAJIAN","4","TENAGA TATA USAHA","4 > 43 > 431 > 4313","tidak","710"
"4313.00","431300","6","Jabatan","4313","JURU TATA USAHA PENGGAJIAN","4","TENAGA TATA USAHA","4 > 43 > 431 > 4313 > 4313.00","tidak","710"
"432","432","3","Golongan","43","TENAGA TATA USAHA PENCATATAN BARANG DAN TRANSPORTASI","4","TENAGA TATA USAHA","4 > 43 > 432","tidak","711"
"4321","4321","4","Subgolongan","432","JURU TATA USAHA PERGUDANGAN","4","TENAGA TATA USAHA","4 > 43 > 432 > 4321","tidak","711"
"4321.01","432101","6","Jabatan","4321","JURU TATA USAHA PENGIRIMAN BARANG","4","TENAGA TATA USAHA","4 > 43 > 432 > 4321 > 4321.01","tidak","712"
"4321.02","432102","6","Jabatan","4321","JURU TATA USAHA PETUGAS PENGIRIMAN BARANG/DISPATCH","4","TENAGA TATA USAHA","4 > 43 > 432 > 4321 > 4321.02","tidak","712"
"4321.03","432103","6","Jabatan","4321","JURU TATA USAHA PERSEDIAAN","4","TENAGA TATA USAHA","4 > 43 > 432 > 4321 > 4321.03","tidak","712"
"4321.04","432104","6","Jabatan","4321","PETUGAS GUDANG","4","TENAGA TATA USAHA","4 > 43 > 432 > 4321 > 4321.04","tidak","713"
"4321.05","432105","6","Jabatan","4321","JURU TATA USAHA PENIMBANGAN","4","TENAGA TATA USAHA","4 > 43 > 432 > 4321 > 4321.05","tidak","713"
"4321.99","432199","6","Jabatan","4321","JURU TATA USAHA PERGUDANGAN LAINNYA","4","TENAGA TATA USAHA","4 > 43 > 432 > 4321 > 4321.99","ya","713"
"4322","4322","4","Subgolongan","432","JURU TATA USAHA PRODUKSI","4","TENAGA TATA USAHA","4 > 43 > 432 > 4322","tidak","713"
"4322.01","432201","6","Jabatan","4322","PETUGAS PERENCANAAN PRODUKSI","4","TENAGA TATA USAHA","4 > 43 > 432 > 4322 > 4322.01","tidak","714"
"4322.02","432202","6","Jabatan","4322","JURU TATA USAHA PENJADWALAN PRODUKSI","4","TENAGA TATA USAHA","4 > 43 > 432 > 4322 > 4322.02","tidak","714"
"4322.99","432299","6","Jabatan","4322","JURU TATA USAHA PRODUKSI LAINNYA","4","TENAGA TATA USAHA","4 > 43 > 432 > 4322 > 4322.99","ya","714"
"4323","4323","4","Subgolongan","432","JURU TATA USAHA TRANSPORTASI","4","TENAGA TATA USAHA","4 > 43 > 432 > 4323","tidak","714"
"4323.01","432301","6","Jabatan","4323","JURU TATA USAHA PENGAWASAN JASA TRANSPORTASI","4","TENAGA TATA USAHA","4 > 43 > 432 > 4323 > 4323.01","tidak","715"
"4323.02","432302","6","Jabatan","4323","JURU TATA USAHA PEMBERANGKATAN DISPATCH JASA TRANSPORTASI","4","TENAGA TATA USAHA","4 > 43 > 432 > 4323 > 4323.02","tidak","715"
"4323.99","432399","6","Jabatan","4323","JURU TATA USAHA TRANSPORTASI LAINNYA","4","TENAGA TATA USAHA","4 > 43 > 432 > 4323 > 4323.99","ya","716"
"44","44","2","Subgolongan pokok","4","TENAGA TATA USAHA LAINNYA","4","TENAGA TATA USAHA","4 > 44","tidak","716"
"441","441","3","Golongan","44","TENAGA TATA USAHA LAINNYA","4","TENAGA TATA USAHA","4 > 44 > 441","tidak","716"
"4411","4411","4","Subgolongan","441","JURU TATA USAHA PERPUSTAKAAN","4","TENAGA TATA USAHA","4 > 44 > 441 > 4411","tidak","716"
"4411.01","441101","6","Jabatan","4411","TENAGA TATA USAHA PERPUSTAKAAN","4","TENAGA TATA USAHA","4 > 44 > 441 > 4411 > 4411.01","tidak","717"
"4411.02","441102","6","Jabatan","4411","TENAGA PENGARSIP PERPUSTAKAAN","4","TENAGA TATA USAHA","4 > 44 > 441 > 4411 > 4411.02","tidak","717"
"4411.99","441199","6","Jabatan","4411","JURU TATA USAHA PERPUSTAKAAN LAINNYA","4","TENAGA TATA USAHA","4 > 44 > 441 > 4411 > 4411.99","ya","717"
"4412","4412","4","Subgolongan","441","JURU TATA USAHA PENGIRIMAN DAN PENYORTIRAN SURAT","4","TENAGA TATA USAHA","4 > 44 > 441 > 4412","tidak","717"
"4412.01","441201","6","Jabatan","4412","JURU TATA USAHA SORTIR SURAT","4","TENAGA TATA USAHA","4 > 44 > 441 > 4412 > 4412.01","tidak","718"
"4412.02","441202","6","Jabatan","4412","TUKANG POS","4","TENAGA TATA USAHA","4 > 44 > 441 > 4412 > 4412.02","tidak","718"
"4412.99","441299","6","Jabatan","4412","JURU TATA USAHA PENGIRIMAN DAN PENYORTIRAN SURAT LAINNYA","4","TENAGA TATA USAHA","4 > 44 > 441 > 4412 > 4412.99","ya","718"
"4413","4413","4","Subgolongan","441","JURU KODE, JURU KOREKSI, DAN YBDI","4","TENAGA TATA USAHA","4 > 44 > 441 > 4413","tidak","718"
"4413.01","441301","6","Jabatan","4413","JURU KODE","4","TENAGA TATA USAHA","4 > 44 > 441 > 4413 > 4413.01","tidak","719"
"4413.02","441302","6","Jabatan","4413","JURU KOREKSI","4","TENAGA TATA USAHA","4 > 44 > 441 > 4413 > 4413.02","tidak","719"
"4413.99","441399","6","Jabatan","4413","JURU KODE, JURU KOREKSI, DAN YBDI LAINNYA","4","TENAGA TATA USAHA","4 > 44 > 441 > 4413 > 4413.99","ya","719"
"4414","4414","4","Subgolongan","441","JURU TULIS DAN YBDI","4","TENAGA TATA USAHA","4 > 44 > 441 > 4414","tidak","719"
"4414.01","441401","6","Jabatan","4414","JURU TULIS","4","TENAGA TATA USAHA","4 > 44 > 441 > 4414 > 4414.01","tidak","720"
"4414.99","441499","6","Jabatan","4414","JURU TULIS DAN YBDI LAINNYA","4","TENAGA TATA USAHA","4 > 44 > 441 > 4414 > 4414.99","ya","720"
"4415","4415","4","Subgolongan","441","JURU TATA USAHA PENGARSIPAN DAN PENGGANDAAN","4","TENAGA TATA USAHA","4 > 44 > 441 > 4415","tidak","720"
"4415.01","441501","6","Jabatan","4415","JURU TATA USAHA PENGGANDAAN","4","TENAGA TATA USAHA","4 > 44 > 441 > 4415 > 4415.01","tidak","720"
"4415.02","441502","6","Jabatan","4415","JURU TATA USAHA PENGARSIPAN","4","TENAGA TATA USAHA","4 > 44 > 441 > 4415 > 4415.02","tidak","720"
"4415.99","441599","6","Jabatan","4415","JURU TATA USAHA PENGARSIPAN DAN PENGGANDAAN LAINNYA","4","TENAGA TATA USAHA","4 > 44 > 441 > 4415 > 4415.99","ya","721"
"4416","4416","4","Subgolongan","441","JURU TATA USAHA PERSONALIA","4","TENAGA TATA USAHA","4 > 44 > 441 > 4416","tidak","721"
"4416.01","441601","6","Jabatan","4416","ASISTEN SUMBER DAYA MANUSIA","4","TENAGA TATA USAHA","4 > 44 > 441 > 4416 > 4416.01","tidak","721"
"4416.02","441602","6","Jabatan","4416","JURU TATA USAHA SUMBER DAYA MANUSIA","4","TENAGA TATA USAHA","4 > 44 > 441 > 4416 > 4416.02","tidak","722"
"4416.99","441699","6","Jabatan","4416","JURU TATA USAHA PERSONALIA LAINNYA","4","TENAGA TATA USAHA","4 > 44 > 441 > 4416 > 4416.99","ya","722"
"4419","4419","4","Subgolongan","441","JURU TATA USAHA YTDL","4","TENAGA TATA USAHA","4 > 44 > 441 > 4419","ya","722"
"4419.01","441901","6","Jabatan","4419","JURU TATA USAHA PERIKLANAN","4","TENAGA TATA USAHA","4 > 44 > 441 > 4419 > 4419.01","tidak","723"
"4419.02","441902","6","Jabatan","4419","JURU TATA USAHA SURAT MENYURAT","4","TENAGA TATA USAHA","4 > 44 > 441 > 4419 > 4419.02","tidak","723"
"4419.03","441903","6","Jabatan","4419","JURU TATA USAHA PUBLIKASI","4","TENAGA TATA USAHA","4 > 44 > 441 > 4419 > 4419.03","tidak","723"
"4419.04","441904","6","Jabatan","4419","CLIPPER BERITA","4","TENAGA TATA USAHA","4 > 44 > 441 > 4419 > 4419.04","tidak","724"
"4419.99","441999","6","Jabatan","4419","JURU TATA USAHA YTDL LAINNYA","4","TENAGA TATA USAHA","4 > 44 > 441 > 4419 > 4419.99","ya","724"
"5","5","1","Golongan pokok","","TENAGA USAHA JASA DAN TENAGA PENJUALAN","5","TENAGA USAHA JASA DAN TENAGA PENJUALAN","5","tidak","727"
"51","51","2","Subgolongan pokok","5","TENAGA USAHA JASA PERORANGAN","5","TENAGA USAHA JASA DAN TENAGA PENJUALAN","5 > 51","tidak","727"
"511","511","3","Golongan","51","TENAGA PELAYANAN PERJALANAN, KONDEKTUR, DAN PRAMUWISATA","5","TENAGA USAHA JASA DAN TENAGA PENJUALAN","5 > 51 > 511","tidak","728"
"5111","5111","4","Subgolongan","511","TENAGA PELAYANAN PERJALANAN","5","TENAGA USAHA JASA DAN TENAGA PENJUALAN","5 > 51 > 511 > 5111","tidak","728"
"5111.01","511101","6","Jabatan","5111","PETUGAS BANDAR UDARA","5","TENAGA USAHA JASA DAN TENAGA PENJUALAN","5 > 51 > 511 > 5111 > 5111.01","tidak","729"
"5111.02","511102","6","Jabatan","5111","PRAMUGARI/PRAMUGARA","5","TENAGA USAHA JASA DAN TENAGA PENJUALAN","5 > 51 > 511 > 5111 > 5111.02","tidak","729"
"5111.03","511103","6","Jabatan","5111","PELAYAN KAPAL LAUT","5","TENAGA USAHA JASA DAN TENAGA PENJUALAN","5 > 51 > 511 > 5111 > 5111.03","tidak","729"
"5111.99","511199","6","Jabatan","5111","TENAGA PELAYANAN PERJALANAN LAINNYA","5","TENAGA USAHA JASA DAN TENAGA PENJUALAN","5 > 51 > 511 > 5111 > 5111.99","ya","730"
"5112","5112","4","Subgolongan","511","KONDEKTUR TRANSPORTASI","5","TENAGA USAHA JASA DAN TENAGA PENJUALAN","5 > 51 > 511 > 5112","tidak","730"
"5112.01","511201","6","Jabatan","5112","KONDEKTUR BUS","5","TENAGA USAHA JASA DAN TENAGA PENJUALAN","5 > 51 > 511 > 5112 > 5112.01","tidak","730"
"5112.02","511202","6","Jabatan","5112","PEMERIKSA TIKET TRANSPORTASI","5","TENAGA USAHA JASA DAN TENAGA PENJUALAN","5 > 51 > 511 > 5112 > 5112.02","tidak","731"
"5112.03","511203","6","Jabatan","5112","KONDEKTUR KERETA","5","TENAGA USAHA JASA DAN TENAGA PENJUALAN","5 > 51 > 511 > 5112 > 5112.03","tidak","731"
"5112.99","511299","6","Jabatan","5112","KONDEKTUR TRANSPORTASI LAINNYA","5","TENAGA USAHA JASA DAN TENAGA PENJUALAN","5 > 51 > 511 > 5112 > 5112.99","ya","731"
"5113","5113","4","Subgolongan","511","PRAMUWISATA","5","TENAGA USAHA JASA DAN TENAGA PENJUALAN","5 > 51 > 511 > 5113","tidak","731"
"5113.01","511301","6","Jabatan","5113","PEMANDU WISATA BUATAN","5","TENAGA USAHA JASA DAN TENAGA PENJUALAN","5 > 51 > 511 > 5113 > 5113.01","tidak","732"
"5113.02","511302","6","Jabatan","5113","PEMANDU WISATA ALAM","5","TENAGA USAHA JASA DAN TENAGA PENJUALAN","5 > 51 > 511 > 5113 > 5113.02","tidak","732"
"5113.03","511303","6","Jabatan","5113","PEMANDU MANCAKRIDA","5","TENAGA USAHA JASA DAN TENAGA PENJUALAN","5 > 51 > 511 > 5113 > 5113.03","tidak","733"
"5113.04","511304","6","Jabatan","5113","PEMANDU PENDAKIAN","5","TENAGA USAHA JASA DAN TENAGA PENJUALAN","5 > 51 > 511 > 5113 > 5113.04","tidak","733"
"5113.99","511399","6","Jabatan","5113","PRAMUWISATA LAINNYA","5","TENAGA USAHA JASA DAN TENAGA PENJUALAN","5 > 51 > 511 > 5113 > 5113.99","ya","733"
"512","512","3","Golongan","51","JURU MASAK","5","TENAGA USAHA JASA DAN TENAGA PENJUALAN","5 > 51 > 512","tidak","733"
"5120","5120","4","Subgolongan","512","JURU MASAK","5","TENAGA USAHA JASA DAN TENAGA PENJUALAN","5 > 51 > 512 > 5120","tidak","734"
"5120.00","512000","6","Jabatan","5120","JURU MASAK","5","TENAGA USAHA JASA DAN TENAGA PENJUALAN","5 > 51 > 512 > 5120 > 5120.00","tidak","734"
"513","513","3","Golongan","51","PRAMUSAJI DAN PRAMUTAMA BAR/BARTENDER","5","TENAGA USAHA JASA DAN TENAGA PENJUALAN","5 > 51 > 513","tidak","735"
"5131","5131","4","Subgolongan","513","PRAMUSAJI","5","TENAGA USAHA JASA DAN TENAGA PENJUALAN","5 > 51 > 513 > 5131","tidak","735"
"5131.00","513100","6","Jabatan","5131","PRAMUSAJI","5","TENAGA USAHA JASA DAN TENAGA PENJUALAN","5 > 51 > 513 > 5131 > 5131.00","tidak","735"
"5132","5132","4","Subgolongan","513","PRAMUTAMA BAR/BARTENDER","5","TENAGA USAHA JASA DAN TENAGA PENJUALAN","5 > 51 > 513 > 5132","tidak","736"
"5132.01","513201","6","Jabatan","5132","BARISTA","5","TENAGA USAHA JASA DAN TENAGA PENJUALAN","5 > 51 > 513 > 5132 > 5132.01","tidak","736"
"5132.99","513299","6","Jabatan","5132","PRAMUTAMA BAR/BARTENDER LAINNYA","5","TENAGA USAHA JASA DAN TENAGA PENJUALAN","5 > 51 > 513 > 5132 > 5132.99","ya","737"
"514","514","3","Golongan","51","PENATA RAMBUT, PERAWAT KECANTIKAN/BEAUTICIAN, DAN YBDI","5","TENAGA USAHA JASA DAN TENAGA PENJUALAN","5 > 51 > 514","tidak","737"
"5141","5141","4","Subgolongan","514","PENATA RAMBUT","5","TENAGA USAHA JASA DAN TENAGA PENJUALAN","5 > 51 > 514 > 5141","tidak","737"
"5141.01","514101","6","Jabatan","5141","TUKANG CUKUR","5","TENAGA USAHA JASA DAN TENAGA PENJUALAN","5 > 51 > 514 > 5141 > 5141.01","tidak","738"
"5141.02","514102","6","Jabatan","5141","PENATA RAMBUT (HAIRSTYLIST/HAIRDRESSER)","5","TENAGA USAHA JASA DAN TENAGA PENJUALAN","5 > 51 > 514 > 5141 > 5141.02","tidak","738"
"5141.03","514103","6","Jabatan","5141","SPESIALIS PERAWATAN RAMBUT","5","TENAGA USAHA JASA DAN TENAGA PENJUALAN","5 > 51 > 514 > 5141 > 5141.03","tidak","738"
"5141.99","514199","6","Jabatan","5141","PENATA RAMBUT LAINNYA","5","TENAGA USAHA JASA DAN TENAGA PENJUALAN","5 > 51 > 514 > 5141 > 5141.99","ya","738"
"5142","5142","4","Subgolongan","514","PERAWAT KECANTIKAN/BEAUTICIAN DAN YBDI","5","TENAGA USAHA JASA DAN TENAGA PENJUALAN","5 > 51 > 514 > 5142","tidak","738"
"5142.01","514201","6","Jabatan","5142","AHLI KECANTIKAN/BEAUTICIAN","5","TENAGA USAHA JASA DAN TENAGA PENJUALAN","5 > 51 > 514 > 5142 > 5142.01","tidak","739"
"5142.02","514202","6","Jabatan","5142","PEDIKURIS","5","TENAGA USAHA JASA DAN TENAGA PENJUALAN","5 > 51 > 514 > 5142 > 5142.02","tidak","739"
"5142.03","514203","6","Jabatan","5142","MANIKURIS","5","TENAGA USAHA JASA DAN TENAGA PENJUALAN","5 > 51 > 514 > 5142 > 5142.03","tidak","739"
"5142.04","514204","6","Jabatan","5142","PENATA RIAS","5","TENAGA USAHA JASA DAN TENAGA PENJUALAN","5 > 51 > 514 > 5142 > 5142.04","tidak","739"
"5142.05","514205","6","Jabatan","5142","KONSULTAN PELANGSING TUBUH","5","TENAGA USAHA JASA DAN TENAGA PENJUALAN","5 > 51 > 514 > 5142 > 5142.05","tidak","740"
"5142.99","514299","6","Jabatan","5142","PERAWAT KECANTIKAN/BEAUTICIAN DAN YBDI LAINNYA","5","TENAGA USAHA JASA DAN TENAGA PENJUALAN","5 > 51 > 514 > 5142 > 5142.99","ya","740"
"515","515","3","Golongan","51","TENAGA PENGAWAS GEDUNG DAN KERUMAHTANGGAAN","5","TENAGA USAHA JASA DAN TENAGA PENJUALAN","5 > 51 > 515","tidak","740"
"5151","5151","4","Subgolongan","515","PENGAWAS KEBERSIHAN DAN KERUMAHTANGGAAN DI KANTOR, HOTEL, DAN BANGUNAN LAINNYA","5","TENAGA USAHA JASA DAN TENAGA PENJUALAN","5 > 51 > 515 > 5151","tidak","740"
"5151.01","515101","6","Jabatan","5151","PENGURUS KERUMAHTANGGAAN/HOUSEKEEPING HOTEL","5","TENAGA USAHA JASA DAN TENAGA PENJUALAN","5 > 51 > 515 > 5151 > 5151.01","tidak","741"
"5151.02","515102","6","Jabatan","5151","KEPALA ASRAMA","5","TENAGA USAHA JASA DAN TENAGA PENJUALAN","5 > 51 > 515 > 5151 > 5151.02","tidak","741"
"5151.99","515199","6","Jabatan","5151","PENGAWAS KEBERSIHAN DAN KERUMAHTANGGAAN DI KANTOR, HOTEL, DAN BANGUNAN LAINNYA LAINNYA","5","TENAGA USAHA JASA DAN TENAGA PENJUALAN","5 > 51 > 515 > 5151 > 5151.99","ya","742"
"5152","5152","4","Subgolongan","515","PENGURUS KERUMAHTANGGAAN","5","TENAGA USAHA JASA DAN TENAGA PENJUALAN","5 > 51 > 515 > 5152","tidak","742"
"5152.01","515201","6","Jabatan","5152","PENGURUS RUMAH TANGGA","5","TENAGA USAHA JASA DAN TENAGA PENJUALAN","5 > 51 > 515 > 5152 > 5152.01","tidak","742"
"5152.02","515202","6","Jabatan","5152","KEPALA PELAYAN","5","TENAGA USAHA JASA DAN TENAGA PENJUALAN","5 > 51 > 515 > 5152 > 5152.02","tidak","743"
"5152.99","515299","6","Jabatan","5152","PENGURUS KERUMAHTANGGAAN LAINNYA","5","TENAGA USAHA JASA DAN TENAGA PENJUALAN","5 > 51 > 515 > 5152 > 5152.99","ya","743"
"5153","5153","4","Subgolongan","515","PENGELOLA GEDUNG","5","TENAGA USAHA JASA DAN TENAGA PENJUALAN","5 > 51 > 515 > 5153","tidak","743"
"5153.01","515301","6","Jabatan","5153","PEMELIHARA/PENGELOLA GEDUNG","5","TENAGA USAHA JASA DAN TENAGA PENJUALAN","5 > 51 > 515 > 5153 > 5153.01","tidak","744"
"5153.02","515302","6","Jabatan","5153","JANITOR (PETUGAS KEBERSIHAN GEDUNG)","5","TENAGA USAHA JASA DAN TENAGA PENJUALAN","5 > 51 > 515 > 5153 > 5153.02","tidak","744"
"5153.03","515303","6","Jabatan","5153","CONCIERGE (DOORMAN, DOORKEEPER, PORTER, DAN ATTENDANT)","5","TENAGA USAHA JASA DAN TENAGA PENJUALAN","5 > 51 > 515 > 5153 > 5153.03","tidak","744"
"5153.04","515304","6","Jabatan","5153","PENGURUS RUMAH IBADAH","5","TENAGA USAHA JASA DAN TENAGA PENJUALAN","5 > 51 > 515 > 5153 > 5153.04","tidak","744"
"5153.99","515399","6","Jabatan","5153","PENGELOLA GEDUNG LAINNYA","5","TENAGA USAHA JASA DAN TENAGA PENJUALAN","5 > 51 > 515 > 5153 > 5153.99","ya","745"
"516","516","3","Golongan","51","TENAGA USAHA JASA PERORANGAN LAINNYA","5","TENAGA USAHA JASA DAN TENAGA PENJUALAN","5 > 51 > 516","tidak","745"
"5161","5161","4","Subgolongan","516","ASTROLOG, PERAMAL, DAN YBDI","5","TENAGA USAHA JASA DAN TENAGA PENJUALAN","5 > 51 > 516 > 5161","tidak","745"
"5161.01","516101","6","Jabatan","5161","ASTROLOG/PERAMAL DENGAN ILMU PERBINTANGAN","5","TENAGA USAHA JASA DAN TENAGA PENJUALAN","5 > 51 > 516 > 5161 > 5161.01","tidak","746"
"5161.02","516102","6","Jabatan","5161","PERAMAL TELAPAK TANGAN","5","TENAGA USAHA JASA DAN TENAGA PENJUALAN","5 > 51 > 516 > 5161 > 5161.02","tidak","746"
"5161.03","516103","6","Jabatan","5161","FORTUNE TELLER (PERAMAL DENGAN BOLA KRISTAL DAN SEJENISNYA)","5","TENAGA USAHA JASA DAN TENAGA PENJUALAN","5 > 51 > 516 > 5161 > 5161.03","tidak","746"
"5161.04","516104","6","Jabatan","5161","NUMEROLOG (PERAMAL DENGAN ANGKA)","5","TENAGA USAHA JASA DAN TENAGA PENJUALAN","5 > 51 > 516 > 5161 > 5161.04","tidak","747"
"5161.99","516199","6","Jabatan","5161","ASTROLOG, PERAMAL, DAN YBDI LAINNYA","5","TENAGA USAHA JASA DAN TENAGA PENJUALAN","5 > 51 > 516 > 5161 > 5161.99","ya","747"
"5162","5162","4","Subgolongan","516","AJUDAN DAN PELAYAN PRIBADI","5","TENAGA USAHA JASA DAN TENAGA PENJUALAN","5 > 51 > 516 > 5162","tidak","747"
"5162.01","516201","6","Jabatan","5162","AJUDAN","5","TENAGA USAHA JASA DAN TENAGA PENJUALAN","5 > 51 > 516 > 5162 > 5162.01","tidak","747"
"5162.02","516202","6","Jabatan","5162","PELAYAN PRIBADI","5","TENAGA USAHA JASA DAN TENAGA PENJUALAN","5 > 51 > 516 > 5162 > 5162.02","tidak","748"
"5162.99","516299","6","Jabatan","5162","AJUDAN DAN PELAYAN PRIBADI LAINNYA","5","TENAGA USAHA JASA DAN TENAGA PENJUALAN","5 > 51 > 516 > 5162 > 5162.99","ya","748"
"5163","5163","4","Subgolongan","516","PENGURUS PEMBALSEMAN DAN PEMAKAMAN JENAZAH","5","TENAGA USAHA JASA DAN TENAGA PENJUALAN","5 > 51 > 516 > 5163","tidak","748"
"5163.01","516301","6","Jabatan","5163","PENGURUS PEMBALSEMAN JENAZAH","5","TENAGA USAHA JASA DAN TENAGA PENJUALAN","5 > 51 > 516 > 5163 > 5163.01","tidak","748"
"5163.02","516302","6","Jabatan","5163","PENGURUS PEMAKAMAN JENAZAH","5","TENAGA USAHA JASA DAN TENAGA PENJUALAN","5 > 51 > 516 > 5163 > 5163.02","tidak","749"
"5163.99","516399","6","Jabatan","5163","PENGURUS PEMBALSEMAN DAN PEMAKAMAN JENAZAH LAINNYA","5","TENAGA USAHA JASA DAN TENAGA PENJUALAN","5 > 51 > 516 > 5163 > 5163.99","ya","749"
"5164","5164","4","Subgolongan","516","PELATIH DAN PEKERJA PERAWATAN HEWAN","5","TENAGA USAHA JASA DAN TENAGA PENJUALAN","5 > 51 > 516 > 5164","tidak","749"
"5164.01","516401","6","Jabatan","5164","PELATIH ANJING","5","TENAGA USAHA JASA DAN TENAGA PENJUALAN","5 > 51 > 516 > 5164 > 5164.01","tidak","750"
"5164.02","516402","6","Jabatan","5164","PEMBANTU DOKTER HEWAN","5","TENAGA USAHA JASA DAN TENAGA PENJUALAN","5 > 51 > 516 > 5164 > 5164.02","tidak","750"
"5164.03","516403","6","Jabatan","5164","PEMELIHARA KEBUN BINATANG DAN TEMPAT SEJENIS","5","TENAGA USAHA JASA DAN TENAGA PENJUALAN","5 > 51 > 516 > 5164 > 5164.03","tidak","750"
"5164.04","516404","6","Jabatan","5164","PENJINAK KUDA","5","TENAGA USAHA JASA DAN TENAGA PENJUALAN","5 > 51 > 516 > 5164 > 5164.04","tidak","750"
"5164.05","516405","6","Jabatan","5164","MAHOUT","5","TENAGA USAHA JASA DAN TENAGA PENJUALAN","5 > 51 > 516 > 5164 > 5164.05","tidak","751"
"5164.99","516499","6","Jabatan","5164","PELATIH DAN PEKERJA PERAWATAN HEWAN LAINNYA","5","TENAGA USAHA JASA DAN TENAGA PENJUALAN","5 > 51 > 516 > 5164 > 5164.99","ya","751"
"5165","5165","4","Subgolongan","516","INSTRUKTUR MENGEMUDI","5","TENAGA USAHA JASA DAN TENAGA PENJUALAN","5 > 51 > 516 > 5165","tidak","751"
"5165.00","516500","6","Jabatan","5165","INSTRUKTUR MENGEMUDI","5","TENAGA USAHA JASA DAN TENAGA PENJUALAN","5 > 51 > 516 > 5165 > 5165.00","tidak","751"
"5169","5169","4","Subgolongan","516","TENAGA USAHA JASA PERORANGAN YTDL","5","TENAGA USAHA JASA DAN TENAGA PENJUALAN","5 > 51 > 516 > 5169","ya","752"
"5169.01","516901","6","Jabatan","5169","SOCIAL ESCORT","5","TENAGA USAHA JASA DAN TENAGA PENJUALAN","5 > 51 > 516 > 5169 > 5169.01","tidak","752"
"5169.02","516902","6","Jabatan","5169","PRAMURIA","5","TENAGA USAHA JASA DAN TENAGA PENJUALAN","5 > 51 > 516 > 5169 > 5169.02","tidak","752"
"5169.03","516903","6","Jabatan","5169","PASANGAN DANSA","5","TENAGA USAHA JASA DAN TENAGA PENJUALAN","5 > 51 > 516 > 5169 > 5169.03","tidak","752"
"5169.99","516999","6","Jabatan","5169","TENAGA USAHA JASA PERORANGAN YTDL LAINNYA","5","TENAGA USAHA JASA DAN TENAGA PENJUALAN","5 > 51 > 516 > 5169 > 5169.99","ya","753"
"52","52","2","Subgolongan pokok","5","TENAGA PENJUALAN","5","TENAGA USAHA JASA DAN TENAGA PENJUALAN","5 > 52","tidak","753"
"521","521","3","Golongan","52","PEDAGANG PASAR DAN KAKI LIMA","5","TENAGA USAHA JASA DAN TENAGA PENJUALAN","5 > 52 > 521","tidak","753"
"5211","5211","4","Subgolongan","521","PEDAGANG DI KIOS DAN LOS PASAR","5","TENAGA USAHA JASA DAN TENAGA PENJUALAN","5 > 52 > 521 > 5211","tidak","754"
"5211.01","521101","6","Jabatan","5211","PEDAGANG KIOS","5","TENAGA USAHA JASA DAN TENAGA PENJUALAN","5 > 52 > 521 > 5211 > 5211.01","tidak","755"
"5211.02","521102","6","Jabatan","5211","PEDAGANG LOS PASAR","5","TENAGA USAHA JASA DAN TENAGA PENJUALAN","5 > 52 > 521 > 5211 > 5211.02","tidak","755"
"5211.99","521199","6","Jabatan","5211","PEDAGANG DI KIOS DAN LOS PASAR LAINNYA","5","TENAGA USAHA JASA DAN TENAGA PENJUALAN","5 > 52 > 521 > 5211 > 5211.99","ya","755"
"5212","5212","4","Subgolongan","521","PEDAGANG MAKANAN KAKI LIMA","5","TENAGA USAHA JASA DAN TENAGA PENJUALAN","5 > 52 > 521 > 5212","tidak","756"
"5212.01","521201","6","Jabatan","5212","PENJUAL MAKANAN KAKI LIMA","5","TENAGA USAHA JASA DAN TENAGA PENJUALAN","5 > 52 > 521 > 5212 > 5212.01","tidak","756"
"5212.02","521202","6","Jabatan","5212","PENJAJA MAKANAN","5","TENAGA USAHA JASA DAN TENAGA PENJUALAN","5 > 52 > 521 > 5212 > 5212.02","tidak","756"
"5212.99","521299","6","Jabatan","5212","PEDAGANG MAKANAN KAKI LIMA LAINNYA","5","TENAGA USAHA JASA DAN TENAGA PENJUALAN","5 > 52 > 521 > 5212 > 5212.99","ya","756"
"522","522","3","Golongan","52","PEDAGANG TOKO","5","TENAGA USAHA JASA DAN TENAGA PENJUALAN","5 > 52 > 522","tidak","756"
"5221","5221","4","Subgolongan","522","PEMILIK TOKO","5","TENAGA USAHA JASA DAN TENAGA PENJUALAN","5 > 52 > 522 > 5221","tidak","757"
"5221.01","522101","6","Jabatan","5221","PEMILIK TOKO","5","TENAGA USAHA JASA DAN TENAGA PENJUALAN","5 > 52 > 522 > 5221 > 5221.01","tidak","757"
"5221.02","522102","6","Jabatan","5221","PENGELOLA TOKO","5","TENAGA USAHA JASA DAN TENAGA PENJUALAN","5 > 52 > 522 > 5221 > 5221.02","tidak","758"
"5221.03","522103","6","Jabatan","5221","AGEN KORAN","5","TENAGA USAHA JASA DAN TENAGA PENJUALAN","5 > 52 > 522 > 5221 > 5221.03","tidak","758"
"5221.99","522199","6","Jabatan","5221","PEMILIK TOKO LAINNYA","5","TENAGA USAHA JASA DAN TENAGA PENJUALAN","5 > 52 > 522 > 5221 > 5221.99","ya","758"
"5222","5222","4","Subgolongan","522","SUPERVISOR TOKO","5","TENAGA USAHA JASA DAN TENAGA PENJUALAN","5 > 52 > 522 > 5222","tidak","758"
"5222.01","522201","6","Jabatan","5222","SUPERVISOR KASIR/CHECKOUT SUPERVISOR","5","TENAGA USAHA JASA DAN TENAGA PENJUALAN","5 > 52 > 522 > 5222 > 5222.01","tidak","759"
"5222.02","522202","6","Jabatan","5222","SUPERVISOR SUPERMARKET","5","TENAGA USAHA JASA DAN TENAGA PENJUALAN","5 > 52 > 522 > 5222 > 5222.02","tidak","759"
"5222.03","522203","6","Jabatan","5222","SUPERVISOR DEPARTMENT STORE","5","TENAGA USAHA JASA DAN TENAGA PENJUALAN","5 > 52 > 522 > 5222 > 5222.03","tidak","760"
"5222.99","522299","6","Jabatan","5222","SUPERVISOR TOKO LAINNYA","5","TENAGA USAHA JASA DAN TENAGA PENJUALAN","5 > 52 > 522 > 5222 > 5222.99","ya","760"
"5223","5223","4","Subgolongan","522","ASISTEN PENJUALAN TOKO","5","TENAGA USAHA JASA DAN TENAGA PENJUALAN","5 > 52 > 522 > 5223","tidak","760"
"5223.01","522301","6","Jabatan","5223","TENAGA PENJUAL RITEL","5","TENAGA USAHA JASA DAN TENAGA PENJUALAN","5 > 52 > 522 > 5223 > 5223.01","tidak","761"
"5223.02","522302","6","Jabatan","5223","TENAGA PENJUAL GROSIR","5","TENAGA USAHA JASA DAN TENAGA PENJUALAN","5 > 52 > 522 > 5223 > 5223.02","tidak","761"
"5223.03","522303","6","Jabatan","5223","PELAYAN TOKO","5","TENAGA USAHA JASA DAN TENAGA PENJUALAN","5 > 52 > 522 > 5223 > 5223.03","tidak","761"
"5223.99","522399","6","Jabatan","5223","ASISTEN PENJUALAN TOKO LAINNYA","5","TENAGA USAHA JASA DAN TENAGA PENJUALAN","5 > 52 > 522 > 5223 > 5223.99","ya","761"
"523","523","3","Golongan","52","KASIR DAN PETUGAS TIKET","5","TENAGA USAHA JASA DAN TENAGA PENJUALAN","5 > 52 > 523","tidak","761"
"5230","5230","4","Subgolongan","523","KASIR DAN PETUGAS TIKET","5","TENAGA USAHA JASA DAN TENAGA PENJUALAN","5 > 52 > 523 > 5230","tidak","762"
"5230.01","523001","6","Jabatan","5230","KASIR TOKO","5","TENAGA USAHA JASA DAN TENAGA PENJUALAN","5 > 52 > 523 > 5230 > 5230.01","tidak","763"
"5230.02","523002","6","Jabatan","5230","PETUGAS TIKET HIBURAN DAN ACARA OLAHRAGA","5","TENAGA USAHA JASA DAN TENAGA PENJUALAN","5 > 52 > 523 > 5230 > 5230.02","tidak","763"
"5230.99","523099","6","Jabatan","5230","KASIR DAN PETUGAS TIKET LAINNYA","5","TENAGA USAHA JASA DAN TENAGA PENJUALAN","5 > 52 > 523 > 5230 > 5230.99","ya","763"
"524","524","3","Golongan","52","PEKERJA PENJUALAN LAINNYA","5","TENAGA USAHA JASA DAN TENAGA PENJUALAN","5 > 52 > 524","tidak","763"
"5241","5241","4","Subgolongan","524","MODEL FESYEN DAN MODEL LAINNYA","5","TENAGA USAHA JASA DAN TENAGA PENJUALAN","5 > 52 > 524 > 5241","tidak","764"
"5241.01","524101","6","Jabatan","5241","MODEL IKLAN","5","TENAGA USAHA JASA DAN TENAGA PENJUALAN","5 > 52 > 524 > 5241 > 5241.01","tidak","764"
"5241.02","524102","6","Jabatan","5241","MODEL FESYEN","5","TENAGA USAHA JASA DAN TENAGA PENJUALAN","5 > 52 > 524 > 5241 > 5241.02","tidak","765"
"5241.99","524199","6","Jabatan","5241","MODEL FESYEN DAN MODEL LAINNYA YTDL","5","TENAGA USAHA JASA DAN TENAGA PENJUALAN","5 > 52 > 524 > 5241 > 5241.99","ya","765"
"5242","5242","4","Subgolongan","524","PERAGA PENJUALAN","5","TENAGA USAHA JASA DAN TENAGA PENJUALAN","5 > 52 > 524 > 5242","tidak","765"
"5242.01","524201","6","Jabatan","5242","SALES MERCHANDISER","5","TENAGA USAHA JASA DAN TENAGA PENJUALAN","5 > 52 > 524 > 5242 > 5242.01","tidak","765"
"5242.02","524202","6","Jabatan","5242","PRAMUNIAGA PROMOSI PENJUALAN","5","TENAGA USAHA JASA DAN TENAGA PENJUALAN","5 > 52 > 524 > 5242 > 5242.02","tidak","766"
"5242.99","524299","6","Jabatan","5242","PERAGA PENJUALAN LAINNYA YTDL","5","TENAGA USAHA JASA DAN TENAGA PENJUALAN","5 > 52 > 524 > 5242 > 5242.99","ya","766"
"5243","5243","4","Subgolongan","524","PEDAGANG RUMAH KE RUMAH","5","TENAGA USAHA JASA DAN TENAGA PENJUALAN","5 > 52 > 524 > 5243","tidak","766"
"5243.00","524300","6","Jabatan","5243","PEDAGANG RUMAH KE RUMAH","5","TENAGA USAHA JASA DAN TENAGA PENJUALAN","5 > 52 > 524 > 5243 > 5243.00","tidak","766"
"5244","5244","4","Subgolongan","524","PEDAGANG MELALUI PUSAT INFORMASI","5","TENAGA USAHA JASA DAN TENAGA PENJUALAN","5 > 52 > 524 > 5244","tidak","767"
"5244.01","524401","6","Jabatan","5244","PEDAGANG MELALUI TELEPON/TELEMARKETING","5","TENAGA USAHA JASA DAN TENAGA PENJUALAN","5 > 52 > 524 > 5244 > 5244.01","tidak","767"
"5244.02","524402","6","Jabatan","5244","PEDAGANG MELALUI INTERNET","5","TENAGA USAHA JASA DAN TENAGA PENJUALAN","5 > 52 > 524 > 5244 > 5244.02","tidak","768"
"5244.03","524403","6","Jabatan","5244","PEDAGANG MELALUI CALL CENTRE","5","TENAGA USAHA JASA DAN TENAGA PENJUALAN","5 > 52 > 524 > 5244 > 5244.03","tidak","768"
"5244.99","524499","6","Jabatan","5244","PEDAGANG MELALUI PUSAT INFORMASI LAINNYA","5","TENAGA USAHA JASA DAN TENAGA PENJUALAN","5 > 52 > 524 > 5244 > 5244.99","ya","768"
"5245","5245","4","Subgolongan","524","PETUGAS STASIUN PENGISIAN BAHAN BAKAR","5","TENAGA USAHA JASA DAN TENAGA PENJUALAN","5 > 52 > 524 > 5245","tidak","768"
"5245.01","524501","6","Jabatan","5245","PETUGAS MARINA (PENGISIAN BAHAN BAKAR KAPAL/PERAHU)","5","TENAGA USAHA JASA DAN TENAGA PENJUALAN","5 > 52 > 524 > 5245 > 5245.01","tidak","769"
"5245.02","524502","6","Jabatan","5245","PEGAWAI TEMPAT CUCI KENDARAAN","5","TENAGA USAHA JASA DAN TENAGA PENJUALAN","5 > 52 > 524 > 5245 > 5245.02","tidak","769"
"5245.03","524503","6","Jabatan","5245","PETUGAS STASIUN PENGISIAN BAHAN BAKAR UMUM (SPBU)","5","TENAGA USAHA JASA DAN TENAGA PENJUALAN","5 > 52 > 524 > 5245 > 5245.03","tidak","769"
"5245.04","524504","6","Jabatan","5245","PETUGAS DEPO PENGISIAN PESAWAT UDARA (DPPU)","5","TENAGA USAHA JASA DAN TENAGA PENJUALAN","5 > 52 > 524 > 5245 > 5245.04","tidak","769"
"5245.99","524599","6","Jabatan","5245","PETUGAS STASIUN PENGISIAN BAHAN BAKAR LAINNYA","5","TENAGA USAHA JASA DAN TENAGA PENJUALAN","5 > 52 > 524 > 5245 > 5245.99","ya","770"
"5246","5246","4","Subgolongan","524","PETUGAS KONTER LAYANAN MAKANAN","5","TENAGA USAHA JASA DAN TENAGA PENJUALAN","5 > 52 > 524 > 5246","tidak","770"
"5246.01","524601","6","Jabatan","5246","PETUGAS KONTER KAFETARIA","5","TENAGA USAHA JASA DAN TENAGA PENJUALAN","5 > 52 > 524 > 5246 > 5246.01","tidak","771"
"5246.99","524699","6","Jabatan","5246","PETUGAS KONTER LAYANAN MAKANAN LAINNYA","5","TENAGA USAHA JASA DAN TENAGA PENJUALAN","5 > 52 > 524 > 5246 > 5246.99","ya","771"
"5249","5249","4","Subgolongan","524","PEKERJA PENJUALAN YTDL","5","TENAGA USAHA JASA DAN TENAGA PENJUALAN","5 > 52 > 524 > 5249","ya","771"
"5249.01","524901","6","Jabatan","5249","TENAGA PENJUALAN DI RENTAL","5","TENAGA USAHA JASA DAN TENAGA PENJUALAN","5 > 52 > 524 > 5249 > 5249.01","tidak","771"
"5249.99","524999","6","Jabatan","5249","PEKERJA PENJUALAN YTDL LAINNYA","5","TENAGA USAHA JASA DAN TENAGA PENJUALAN","5 > 52 > 524 > 5249 > 5249.99","ya","772"
"53","53","2","Subgolongan pokok","5","TENAGA PERAWATAN PRIBADI","5","TENAGA USAHA JASA DAN TENAGA PENJUALAN","5 > 53","tidak","772"
"531","531","3","Golongan","53","PEKERJA PERAWATAN ANAK DAN ASISTEN PENGAJAR","5","TENAGA USAHA JASA DAN TENAGA PENJUALAN","5 > 53 > 531","tidak","772"
"5311","5311","4","Subgolongan","531","PEKERJA PERAWATAN ANAK","5","TENAGA USAHA JASA DAN TENAGA PENJUALAN","5 > 53 > 531 > 5311","tidak","772"
"5311.01","531101","6","Jabatan","5311","BABY SITTER","5","TENAGA USAHA JASA DAN TENAGA PENJUALAN","5 > 53 > 531 > 5311 > 5311.01","tidak","773"
"5311.02","531102","6","Jabatan","5311","PEKERJA PENITIPAN ANAK","5","TENAGA USAHA JASA DAN TENAGA PENJUALAN","5 > 53 > 531 > 5311 > 5311.02","tidak","774"
"5311.03","531103","6","Jabatan","5311","PENGASUH ANAK","5","TENAGA USAHA JASA DAN TENAGA PENJUALAN","5 > 53 > 531 > 5311 > 5311.03","tidak","774"
"5311.99","531199","6","Jabatan","5311","PEKERJA PERAWATAN ANAK LAINNYA","5","TENAGA USAHA JASA DAN TENAGA PENJUALAN","5 > 53 > 531 > 5311 > 5311.99","ya","774"
"5312","5312","4","Subgolongan","531","ASISTEN PENGAJAR","5","TENAGA USAHA JASA DAN TENAGA PENJUALAN","5 > 53 > 531 > 5312","tidak","774"
"5312.01","531201","6","Jabatan","5312","GURU PENDAMPING PRASEKOLAH","5","TENAGA USAHA JASA DAN TENAGA PENJUALAN","5 > 53 > 531 > 5312 > 5312.01","tidak","775"
"5312.02","531202","6","Jabatan","5312","GURU PENDAMPING SEKOLAH DASAR","5","TENAGA USAHA JASA DAN TENAGA PENJUALAN","5 > 53 > 531 > 5312 > 5312.02","tidak","775"
"5312.99","531299","6","Jabatan","5312","ASISTEN PENGAJAR LAINNYA","5","TENAGA USAHA JASA DAN TENAGA PENJUALAN","5 > 53 > 531 > 5312 > 5312.99","ya","775"
"532","532","3","Golongan","53","PEKERJA PERAWATAN PRIBADI DALAM JASA KESEHATAN","5","TENAGA USAHA JASA DAN TENAGA PENJUALAN","5 > 53 > 532","tidak","775"
"5321","5321","4","Subgolongan","532","ASISTEN PERAWATAN KESEHATAN","5","TENAGA USAHA JASA DAN TENAGA PENJUALAN","5 > 53 > 532 > 5321","tidak","776"
"5321.01","532101","6","Jabatan","5321","ASISTEN KELAHIRAN (KLINIK ATAU RUMAH SAKIT)","5","TENAGA USAHA JASA DAN TENAGA PENJUALAN","5 > 53 > 532 > 5321 > 5321.01","tidak","777"
"5321.02","532102","6","Jabatan","5321","ASISTEN PERAWATAN (KLINIK ATAU RUMAH SAKIT)","5","TENAGA USAHA JASA DAN TENAGA PENJUALAN","5 > 53 > 532 > 5321 > 5321.02","tidak","777"
"5321.99","532199","6","Jabatan","5321","ASISTEN PERAWATAN KESEHATAN LAINNYA","5","TENAGA USAHA JASA DAN TENAGA PENJUALAN","5 > 53 > 532 > 5321 > 5321.99","ya","778"
"5322","5322","4","Subgolongan","532","PEKERJA PERAWATAN PRIBADI DI RUMAH","5","TENAGA USAHA JASA DAN TENAGA PENJUALAN","5 > 53 > 532 > 5322","tidak","778"
"5322.01","532201","6","Jabatan","5322","ASISTEN PERAWATAN DI RUMAH","5","TENAGA USAHA JASA DAN TENAGA PENJUALAN","5 > 53 > 532 > 5322 > 5322.01","tidak","779"
"5322.02","532202","6","Jabatan","5322","ASISTEN PERSALINAN DI RUMAH","5","TENAGA USAHA JASA DAN TENAGA PENJUALAN","5 > 53 > 532 > 5322 > 5322.02","tidak","780"
"5322.03","532203","6","Jabatan","5322","PEKERJA PENGASUHAN DAN PENDAMPINGAN","5","TENAGA USAHA JASA DAN TENAGA PENJUALAN","5 > 53 > 532 > 5322 > 5322.03","tidak","780"
"5322.04","532204","6","Jabatan","5322","PEKERJA PERAWATAN DAN DUKUNGAN","5","TENAGA USAHA JASA DAN TENAGA PENJUALAN","5 > 53 > 532 > 5322 > 5322.04","tidak","780"
"5322.99","532299","6","Jabatan","5322","PEKERJA PERAWATAN PRIBADI DI RUMAH LAINNYA YTDL","5","TENAGA USAHA JASA DAN TENAGA PENJUALAN","5 > 53 > 532 > 5322 > 5322.99","ya","781"
"5329","5329","4","Subgolongan","532","PEKERJA PERAWATAN PRIBADI DALAM JASA KESEHATAN YTDL","5","TENAGA USAHA JASA DAN TENAGA PENJUALAN","5 > 53 > 532 > 5329","ya","781"
"5329.01","532901","6","Jabatan","5329","ASISTEN DOKTER GIGI","5","TENAGA USAHA JASA DAN TENAGA PENJUALAN","5 > 53 > 532 > 5329 > 5329.01","tidak","781"
"5329.02","532902","6","Jabatan","5329","PETUGAS PERTOLONGAN PERTAMA","5","TENAGA USAHA JASA DAN TENAGA PENJUALAN","5 > 53 > 532 > 5329 > 5329.02","tidak","782"
"5329.03","532903","6","Jabatan","5329","PETUGAS RUMAH SAKIT","5","TENAGA USAHA JASA DAN TENAGA PENJUALAN","5 > 53 > 532 > 5329 > 5329.03","tidak","782"
"5329.04","532904","6","Jabatan","5329","ASISTEN RONTGEN MEDIK","5","TENAGA USAHA JASA DAN TENAGA PENJUALAN","5 > 53 > 532 > 5329 > 5329.04","tidak","782"
"5329.05","532905","6","Jabatan","5329","PEMBANTU APOTEKER","5","TENAGA USAHA JASA DAN TENAGA PENJUALAN","5 > 53 > 532 > 5329 > 5329.05","tidak","782"
"5329.06","532906","6","Jabatan","5329","PHLEBOTOMIST","5","TENAGA USAHA JASA DAN TENAGA PENJUALAN","5 > 53 > 532 > 5329 > 5329.06","tidak","782"
"5329.07","532907","6","Jabatan","5329","ASISTEN STERILISASI","5","TENAGA USAHA JASA DAN TENAGA PENJUALAN","5 > 53 > 532 > 5329 > 5329.07","tidak","783"
"5329.99","532999","6","Jabatan","5329","PEKERJA PERAWATAN PRIBADI DALAM JASA KESEHATAN YTDL LAINNYA","5","TENAGA USAHA JASA DAN TENAGA PENJUALAN","5 > 53 > 532 > 5329 > 5329.99","ya","783"
"54","54","2","Subgolongan pokok","5","TENAGA USAHA JASA PERLINDUNGAN","5","TENAGA USAHA JASA DAN TENAGA PENJUALAN","5 > 54","tidak","783"
"541","541","3","Golongan","54","TENAGA USAHA JASA PERLINDUNGAN","5","TENAGA USAHA JASA DAN TENAGA PENJUALAN","5 > 54 > 541","tidak","783"
"5411","5411","4","Subgolongan","541","PETUGAS PEMADAM KEBAKARAN","5","TENAGA USAHA JASA DAN TENAGA PENJUALAN","5 > 54 > 541 > 5411","tidak","784"
"5411.01","541101","6","Jabatan","5411","PETUGAS PENYELAMATAN DAN PEMADAM KEBAKARAN","5","TENAGA USAHA JASA DAN TENAGA PENJUALAN","5 > 54 > 541 > 5411 > 5411.01","tidak","784"
"5411.02","541102","6","Jabatan","5411","PETUGAS PEMADAM KEBAKARAN HUTAN","5","TENAGA USAHA JASA DAN TENAGA PENJUALAN","5 > 54 > 541 > 5411 > 5411.02","tidak","785"
"5411.99","541199","6","Jabatan","5411","PETUGAS PEMADAM KEBAKARAN LAINNYA","5","TENAGA USAHA JASA DAN TENAGA PENJUALAN","5 > 54 > 541 > 5411 > 5411.99","ya","785"
"5413","5413","4","Subgolongan","541","PENJAGA LEMBAGA PEMASYARAKATAN","5","TENAGA USAHA JASA DAN TENAGA PENJUALAN","5 > 54 > 541 > 5413","tidak","785"
"5413.00","541300","6","Jabatan","5413","PENJAGA LEMBAGA PEMASYARAKATAN","5","TENAGA USAHA JASA DAN TENAGA PENJUALAN","5 > 54 > 541 > 5413 > 5413.00","tidak","785"
"5414","5414","4","Subgolongan","541","PENJAGA KEAMANAN","5","TENAGA USAHA JASA DAN TENAGA PENJUALAN","5 > 54 > 541 > 5414","tidak","786"
"5414.01","541401","6","Jabatan","5414","PETUGAS KEAMANAN","5","TENAGA USAHA JASA DAN TENAGA PENJUALAN","5 > 54 > 541 > 5414 > 5414.01","tidak","786"
"5414.02","541402","6","Jabatan","5414","PENGAWAL PRIBADI","5","TENAGA USAHA JASA DAN TENAGA PENJUALAN","5 > 54 > 541 > 5414 > 5414.02","tidak","787"
"5414.03","541403","6","Jabatan","5414","PENJAGA MUSEUM","5","TENAGA USAHA JASA DAN TENAGA PENJUALAN","5 > 54 > 541 > 5414 > 5414.03","tidak","787"
"5414.04","541404","6","Jabatan","5414","PETUGAS PATROLI KEAMANAN","5","TENAGA USAHA JASA DAN TENAGA PENJUALAN","5 > 54 > 541 > 5414 > 5414.04","tidak","787"
"5414.05","541405","6","Jabatan","5414","POLISI KEHUTANAN","5","TENAGA USAHA JASA DAN TENAGA PENJUALAN","5 > 54 > 541 > 5414 > 5414.05","tidak","787"
"5414.99","541499","6","Jabatan","5414","PENJAGA KEAMANAN LAINNYA","5","TENAGA USAHA JASA DAN TENAGA PENJUALAN","5 > 54 > 541 > 5414 > 5414.99","ya","788"
"5419","5419","4","Subgolongan","541","TENAGA USAHA JASA PERLINDUNGAN YTDL","5","TENAGA USAHA JASA DAN TENAGA PENJUALAN","5 > 54 > 541 > 5419","ya","788"
"5419.01","541901","6","Jabatan","5419","PETUGAS PATROLI PANTAI","5","TENAGA USAHA JASA DAN TENAGA PENJUALAN","5 > 54 > 541 > 5419 > 5419.01","tidak","788"
"5419.02","541902","6","Jabatan","5419","PETUGAS PENYELAMAT PANTAI","5","TENAGA USAHA JASA DAN TENAGA PENJUALAN","5 > 54 > 541 > 5419 > 5419.02","tidak","789"
"5419.03","541903","6","Jabatan","5419","PETUGAS PENGAWAS BINATANG","5","TENAGA USAHA JASA DAN TENAGA PENJUALAN","5 > 54 > 541 > 5419 > 5419.03","tidak","789"
"5419.04","541904","6","Jabatan","5419","PETUGAS PENYEBERANGAN JALAN","5","TENAGA USAHA JASA DAN TENAGA PENJUALAN","5 > 54 > 541 > 5419 > 5419.04","tidak","789"
"5419.05","541905","6","Jabatan","5419","INSPEKTUR KESELAMATAN LALU LINTAS DAN ANGKUTAN JALAN (LLAJ)","5","TENAGA USAHA JASA DAN TENAGA PENJUALAN","5 > 54 > 541 > 5419 > 5419.05","tidak","789"
"5419.06","541906","6","Jabatan","5419","PENJAGA MERCUSUAR","5","TENAGA USAHA JASA DAN TENAGA PENJUALAN","5 > 54 > 541 > 5419 > 5419.06","tidak","789"
"5419.07","541907","6","Jabatan","5419","PENJAGA KOLAM RENANG","5","TENAGA USAHA JASA DAN TENAGA PENJUALAN","5 > 54 > 541 > 5419 > 5419.07","tidak","789"
"5419.99","541999","6","Jabatan","5419","TENAGA USAHA JASA PERLINDUNGAN YTDL LAINNYA","5","TENAGA USAHA JASA DAN TENAGA PENJUALAN","5 > 54 > 541 > 5419 > 5419.99","ya","790"
"6","6","1","Golongan pokok","","PEKERJA TERAMPIL PERTANIAN, KEHUTANAN, DAN PERIKANAN","6","PEKERJA TERAMPIL PERTANIAN, KEHUTANAN, DAN PERIKANAN","6","tidak","793"
"61","61","2","Subgolongan pokok","6","PEKERJA TERAMPIL PERTANIAN BERORIENTASI PASAR","6","PEKERJA TERAMPIL PERTANIAN, KEHUTANAN, DAN PERIKANAN","6 > 61","tidak","793"
"611","611","3","Golongan","61","PEKERJA PERTANIAN DAN PERKEBUNAN","6","PEKERJA TERAMPIL PERTANIAN, KEHUTANAN, DAN PERIKANAN","6 > 61 > 611","tidak","794"
"6111","6111","4","Subgolongan","611","PEKERJA PERTANIAN TANAMAN PANGAN DAN TANAMAN SEMUSIM","6","PEKERJA TERAMPIL PERTANIAN, KEHUTANAN, DAN PERIKANAN","6 > 61 > 611 > 6111","tidak","794"
"6111.01","611101","6","Jabatan","6111","PETANI PADI","6","PEKERJA TERAMPIL PERTANIAN, KEHUTANAN, DAN PERIKANAN","6 > 61 > 611 > 6111 > 6111.01","tidak","795"
"6111.02","611102","6","Jabatan","6111","PETANI SEREALIA SELAIN PADI","6","PEKERJA TERAMPIL PERTANIAN, KEHUTANAN, DAN PERIKANAN","6 > 61 > 611 > 6111 > 6111.02","tidak","795"
"6111.03","611103","6","Jabatan","6111","PETANI KAPAS","6","PEKERJA TERAMPIL PERTANIAN, KEHUTANAN, DAN PERIKANAN","6 > 61 > 611 > 6111 > 6111.03","tidak","796"
"6111.04","611104","6","Jabatan","6111","PETANI TEBU","6","PEKERJA TERAMPIL PERTANIAN, KEHUTANAN, DAN PERIKANAN","6 > 61 > 611 > 6111 > 6111.04","tidak","796"
"6111.05","611105","6","Jabatan","6111","PETANI SAYURAN SEMUSIM","6","PEKERJA TERAMPIL PERTANIAN, KEHUTANAN, DAN PERIKANAN","6 > 61 > 611 > 6111 > 6111.05","tidak","796"
"6111.06","611106","6","Jabatan","6111","PETANI BUAH SEMUSIM","6","PEKERJA TERAMPIL PERTANIAN, KEHUTANAN, DAN PERIKANAN","6 > 61 > 611 > 6111 > 6111.06","tidak","797"
"6111.99","611199","6","Jabatan","6111","PEKERJA PERTANIAN TANAMAN PANGAN DAN TANAMAN SEMUSIM LAINNYA","6","PEKERJA TERAMPIL PERTANIAN, KEHUTANAN, DAN PERIKANAN","6 > 61 > 611 > 6111 > 6111.99","ya","797"
"6112","6112","4","Subgolongan","611","PEKERJA PERTANIAN TANAMAN TAHUNAN DAN TANAMAN SEMAK","6","PEKERJA TERAMPIL PERTANIAN, KEHUTANAN, DAN PERIKANAN","6 > 61 > 611 > 6112","tidak","797"
"6112.01","611201","6","Jabatan","6112","PETANI KARET","6","PEKERJA TERAMPIL PERTANIAN, KEHUTANAN, DAN PERIKANAN","6 > 61 > 611 > 6112 > 6112.01","tidak","798"
"6112.02","611202","6","Jabatan","6112","PENYADAP KARET","6","PEKERJA TERAMPIL PERTANIAN, KEHUTANAN, DAN PERIKANAN","6 > 61 > 611 > 6112 > 6112.02","tidak","798"
"6112.03","611203","6","Jabatan","6112","PETANI TEH","6","PEKERJA TERAMPIL PERTANIAN, KEHUTANAN, DAN PERIKANAN","6 > 61 > 611 > 6112 > 6112.03","tidak","798"
"6112.04","611204","6","Jabatan","6112","PETANI ANGGUR","6","PEKERJA TERAMPIL PERTANIAN, KEHUTANAN, DAN PERIKANAN","6 > 61 > 611 > 6112 > 6112.04","tidak","798"
"6112.05","611205","6","Jabatan","6112","PETANI BUAH TAHUNAN SELAIN ANGGUR","6","PEKERJA TERAMPIL PERTANIAN, KEHUTANAN, DAN PERIKANAN","6 > 61 > 611 > 6112 > 6112.05","tidak","799"
"6112.06","611206","6","Jabatan","6112","PETANI SAYURAN TAHUNAN","6","PEKERJA TERAMPIL PERTANIAN, KEHUTANAN, DAN PERIKANAN","6 > 61 > 611 > 6112 > 6112.06","tidak","799"
"6112.07","611207","6","Jabatan","6112","PENYADAP PINUS","6","PEKERJA TERAMPIL PERTANIAN, KEHUTANAN, DAN PERIKANAN","6 > 61 > 611 > 6112 > 6112.07","tidak","799"
"6112.08","611208","6","Jabatan","6112","PETANI ROTAN JERNANG","6","PEKERJA TERAMPIL PERTANIAN, KEHUTANAN, DAN PERIKANAN","6 > 61 > 611 > 6112 > 6112.08","tidak","800"
"6112.09","611209","6","Jabatan","6112","PETANI KELAPA SAWIT","6","PEKERJA TERAMPIL PERTANIAN, KEHUTANAN, DAN PERIKANAN","6 > 61 > 611 > 6112 > 6112.09","tidak","800"
"6112.10","611210","6","Jabatan","6112","PETANI KOPI","6","PEKERJA TERAMPIL PERTANIAN, KEHUTANAN, DAN PERIKANAN","6 > 61 > 611 > 6112 > 6112.10","tidak","800"
"6112.99","611299","6","Jabatan","6112","PETANI TANAMAN TAHUNAN DAN TANAMAN SEMAK LAINNYA","6","PEKERJA TERAMPIL PERTANIAN, KEHUTANAN, DAN PERIKANAN","6 > 61 > 611 > 6112 > 6112.99","ya","800"
"6113","6113","4","Subgolongan","611","PEKERJA PERTANIAN TANAMAN KEBUN BIBIT DAN TANAMAN TAMAN","6","PEKERJA TERAMPIL PERTANIAN, KEHUTANAN, DAN PERIKANAN","6 > 61 > 611 > 6113","tidak","800"
"6113.01","611301","6","Jabatan","6113","PETANI KEBUN BIBIT","6","PEKERJA TERAMPIL PERTANIAN, KEHUTANAN, DAN PERIKANAN","6 > 61 > 611 > 6113 > 6113.01","tidak","801"
"6113.02","611302","6","Jabatan","6113","PETANI TANAMAN TAMAN","6","PEKERJA TERAMPIL PERTANIAN, KEHUTANAN, DAN PERIKANAN","6 > 61 > 611 > 6113 > 6113.02","tidak","802"
"6113.03","611303","6","Jabatan","6113","PEMBUDIDAYA JAMUR","6","PEKERJA TERAMPIL PERTANIAN, KEHUTANAN, DAN PERIKANAN","6 > 61 > 611 > 6113 > 6113.03","tidak","802"
"6113.99","611399","6","Jabatan","6113","PEKERJA PERTANIAN TANAMAN KEBUN BIBIT DAN TANAMAN TAMAN LAINNYA","6","PEKERJA TERAMPIL PERTANIAN, KEHUTANAN, DAN PERIKANAN","6 > 61 > 611 > 6113 > 6113.99","ya","802"
"6114","6114","4","Subgolongan","611","PEKERJA PERTANIAN TANAMAN CAMPURAN (TUMPANG SARI)","6","PEKERJA TERAMPIL PERTANIAN, KEHUTANAN, DAN PERIKANAN","6 > 61 > 611 > 6114","tidak","802"
"6114.01","611401","6","Jabatan","6114","PETANI TANAMAN CAMPURAN (TUMPANG SARI)","6","PEKERJA TERAMPIL PERTANIAN, KEHUTANAN, DAN PERIKANAN","6 > 61 > 611 > 6114 > 6114.01","tidak","803"
"6114.02","611402","6","Jabatan","6114","PEKERJA TERAMPIL TANAMAN CAMPURAN (TUMPANG SARI)","6","PEKERJA TERAMPIL PERTANIAN, KEHUTANAN, DAN PERIKANAN","6 > 61 > 611 > 6114 > 6114.02","tidak","803"
"6114.99","611499","6","Jabatan","6114","PEKERJA PERTANIAN TANAMAN CAMPURAN (TUMPANG SARI) LAINNYA","6","PEKERJA TERAMPIL PERTANIAN, KEHUTANAN, DAN PERIKANAN","6 > 61 > 611 > 6114 > 6114.99","ya","803"
"612","612","3","Golongan","61","PEKERJA PETERNAKAN","6","PEKERJA TERAMPIL PERTANIAN, KEHUTANAN, DAN PERIKANAN","6 > 61 > 612","tidak","803"
"6121","6121","4","Subgolongan","612","PEKERJA PETERNAKAN HEWAN BESAR DAN KECIL SERTA PENGHASIL SUSU","6","PEKERJA TERAMPIL PERTANIAN, KEHUTANAN, DAN PERIKANAN","6 > 61 > 612 > 6121","tidak","804"
"6121.01","612101","6","Jabatan","6121","PETERNAK SAPI POTONG","6","PEKERJA TERAMPIL PERTANIAN, KEHUTANAN, DAN PERIKANAN","6 > 61 > 612 > 6121 > 6121.01","tidak","805"
"6121.02","612102","6","Jabatan","6121","PETERNAK KERBAU","6","PEKERJA TERAMPIL PERTANIAN, KEHUTANAN, DAN PERIKANAN","6 > 61 > 612 > 6121 > 6121.02","tidak","806"
"6121.03","612103","6","Jabatan","6121","PETERNAK KUDA","6","PEKERJA TERAMPIL PERTANIAN, KEHUTANAN, DAN PERIKANAN","6 > 61 > 612 > 6121 > 6121.03","tidak","806"
"6121.04","612104","6","Jabatan","6121","PETERNAK KAMBING","6","PEKERJA TERAMPIL PERTANIAN, KEHUTANAN, DAN PERIKANAN","6 > 61 > 612 > 6121 > 6121.04","tidak","807"
"6121.05","612105","6","Jabatan","6121","PETERNAK DOMBA","6","PEKERJA TERAMPIL PERTANIAN, KEHUTANAN, DAN PERIKANAN","6 > 61 > 612 > 6121 > 6121.05","tidak","807"
"6121.06","612106","6","Jabatan","6121","PETERNAK BABI","6","PEKERJA TERAMPIL PERTANIAN, KEHUTANAN, DAN PERIKANAN","6 > 61 > 612 > 6121 > 6121.06","tidak","808"
"6121.07","612107","6","Jabatan","6121","PETERNAK PENGHASIL SUSU","6","PEKERJA TERAMPIL PERTANIAN, KEHUTANAN, DAN PERIKANAN","6 > 61 > 612 > 6121 > 6121.07","tidak","808"
"6121.08","612108","6","Jabatan","6121","PEMBIAK ANJING","6","PEKERJA TERAMPIL PERTANIAN, KEHUTANAN, DAN PERIKANAN","6 > 61 > 612 > 6121 > 6121.08","tidak","809"
"6121.09","612109","6","Jabatan","6121","PENGGIRING TERNAK","6","PEKERJA TERAMPIL PERTANIAN, KEHUTANAN, DAN PERIKANAN","6 > 61 > 612 > 6121 > 6121.09","tidak","809"
"6121.10","612110","6","Jabatan","6121","SHEARER (PETUGAS PEMANGKAS BULU TERNAK)","6","PEKERJA TERAMPIL PERTANIAN, KEHUTANAN, DAN PERIKANAN","6 > 61 > 612 > 6121 > 6121.10","tidak","809"
"6121.99","612199","6","Jabatan","6121","PEKERJA PETERNAKAN HEWAN BESAR DAN KECIL SERTA PENGHASIL SUSU LAINNYA","6","PEKERJA TERAMPIL PERTANIAN, KEHUTANAN, DAN PERIKANAN","6 > 61 > 612 > 6121 > 6121.99","ya","810"
"6122","6122","4","Subgolongan","612","PEKERJA PETERNAKAN UNGGAS","6","PEKERJA TERAMPIL PERTANIAN, KEHUTANAN, DAN PERIKANAN","6 > 61 > 612 > 6122","tidak","810"
"6122.01","612201","6","Jabatan","6122","PEMBIAK UNGGAS","6","PEKERJA TERAMPIL PERTANIAN, KEHUTANAN, DAN PERIKANAN","6 > 61 > 612 > 6122 > 6122.01","tidak","810"
"6122.02","612202","6","Jabatan","6122","PETERNAK UNGGAS","6","PEKERJA TERAMPIL PERTANIAN, KEHUTANAN, DAN PERIKANAN","6 > 61 > 612 > 6122 > 6122.02","tidak","811"
"6122.99","612299","6","Jabatan","6122","PEKERJA PETERNAKAN UNGGAS LAINNYA","6","PEKERJA TERAMPIL PERTANIAN, KEHUTANAN, DAN PERIKANAN","6 > 61 > 612 > 6122 > 6122.99","ya","811"
"6123","6123","4","Subgolongan","612","PEKERJA PETERNAKAN LEBAH DAN ULAT SUTRA","6","PEKERJA TERAMPIL PERTANIAN, KEHUTANAN, DAN PERIKANAN","6 > 61 > 612 > 6123","tidak","811"
"6123.01","612301","6","Jabatan","6123","PETERNAK LEBAH","6","PEKERJA TERAMPIL PERTANIAN, KEHUTANAN, DAN PERIKANAN","6 > 61 > 612 > 6123 > 6123.01","tidak","811"
"6123.02","612302","6","Jabatan","6123","PETERNAK ULAT SUTRA","6","PEKERJA TERAMPIL PERTANIAN, KEHUTANAN, DAN PERIKANAN","6 > 61 > 612 > 6123 > 6123.02","tidak","812"
"6123.99","612399","6","Jabatan","6123","PEKERJA PETERNAKAN LEBAH DAN ULAT SUTRA LAINNYA","6","PEKERJA TERAMPIL PERTANIAN, KEHUTANAN, DAN PERIKANAN","6 > 61 > 612 > 6123 > 6123.99","ya","812"
"6129","6129","4","Subgolongan","612","PEKERJA PETERNAKAN YTDL","6","PEKERJA TERAMPIL PERTANIAN, KEHUTANAN, DAN PERIKANAN","6 > 61 > 612 > 6129","ya","812"
"6129.01","612901","6","Jabatan","6129","PETERNAK BULU HEWAN (NON-HEWAN PIARAAN)","6","PEKERJA TERAMPIL PERTANIAN, KEHUTANAN, DAN PERIKANAN","6 > 61 > 612 > 6129 > 6129.01","tidak","813"
"6129.02","612902","6","Jabatan","6129","PETERNAK BURUNG HIAS","6","PEKERJA TERAMPIL PERTANIAN, KEHUTANAN, DAN PERIKANAN","6 > 61 > 612 > 6129 > 6129.02","tidak","813"
"6129.03","612903","6","Jabatan","6129","PETERNAK BURUNG UNTA","6","PEKERJA TERAMPIL PERTANIAN, KEHUTANAN, DAN PERIKANAN","6 > 61 > 612 > 6129 > 6129.03","tidak","814"
"6129.99","612999","6","Jabatan","6129","PEKERJA PETERNAKAN YTDL LAINNYA","6","PEKERJA TERAMPIL PERTANIAN, KEHUTANAN, DAN PERIKANAN","6 > 61 > 612 > 6129 > 6129.99","ya","814"
"613","613","3","Golongan","61","PEKERJA CAMPURAN PERTANIAN DAN PETERNAKAN","6","PEKERJA TERAMPIL PERTANIAN, KEHUTANAN, DAN PERIKANAN","6 > 61 > 613","tidak","814"
"6130","6130","4","Subgolongan","613","PEKERJA CAMPURAN PERTANIAN DAN PETERNAKAN","6","PEKERJA TERAMPIL PERTANIAN, KEHUTANAN, DAN PERIKANAN","6 > 61 > 613 > 6130","tidak","815"
"6130.01","613001","6","Jabatan","6130","PETANI CAMPURAN (PERTANIAN DAN PETERNAKAN)","6","PEKERJA TERAMPIL PERTANIAN, KEHUTANAN, DAN PERIKANAN","6 > 61 > 613 > 6130 > 6130.01","tidak","816"
"6130.02","613002","6","Jabatan","6130","PEKERJA TERAMPIL PERTANIAN CAMPURAN (PERTANIAN DAN PETERNAKAN)","6","PEKERJA TERAMPIL PERTANIAN, KEHUTANAN, DAN PERIKANAN","6 > 61 > 613 > 6130 > 6130.02","tidak","816"
"6130.99","613099","6","Jabatan","6130","PEKERJA CAMPURAN PERTANIAN DAN PETERNAKAN LAINNYA","6","PEKERJA TERAMPIL PERTANIAN, KEHUTANAN, DAN PERIKANAN","6 > 61 > 613 > 6130 > 6130.99","ya","816"
"62","62","2","Subgolongan pokok","6","PEKERJA TERAMPIL KEHUTANAN, PERIKANAN, DAN PERBURUAN BERORIENTASI PASAR","6","PEKERJA TERAMPIL PERTANIAN, KEHUTANAN, DAN PERIKANAN","6 > 62","tidak","816"
"621","621","3","Golongan","62","PEKERJA KEHUTANAN DAN YBDI","6","PEKERJA TERAMPIL PERTANIAN, KEHUTANAN, DAN PERIKANAN","6 > 62 > 621","tidak","817"
"6210","6210","4","Subgolongan","621","PEKERJA KEHUTANAN DAN YBDI","6","PEKERJA TERAMPIL PERTANIAN, KEHUTANAN, DAN PERIKANAN","6 > 62 > 621 > 6210","tidak","817"
"6210.01","621001","6","Jabatan","6210","PEMBUAT ARANG","6","PEKERJA TERAMPIL PERTANIAN, KEHUTANAN, DAN PERIKANAN","6 > 62 > 621 > 6210 > 6210.01","tidak","818"
"6210.02","621002","6","Jabatan","6210","TUKANG TEBANG KAYU","6","PEKERJA TERAMPIL PERTANIAN, KEHUTANAN, DAN PERIKANAN","6 > 62 > 621 > 6210 > 6210.02","tidak","818"
"6210.03","621003","6","Jabatan","6210","PENEBANG PENDAKI","6","PEKERJA TERAMPIL PERTANIAN, KEHUTANAN, DAN PERIKANAN","6 > 62 > 621 > 6210 > 6210.03","tidak","819"
"6210.04","621004","6","Jabatan","6210","PEKERJA TERAMPIL KEHUTANAN","6","PEKERJA TERAMPIL PERTANIAN, KEHUTANAN, DAN PERIKANAN","6 > 62 > 621 > 6210 > 6210.04","tidak","819"
"6210.05","621005","6","Jabatan","6210","PENCARI KAYU","6","PEKERJA TERAMPIL PERTANIAN, KEHUTANAN, DAN PERIKANAN","6 > 62 > 621 > 6210 > 6210.05","tidak","819"
"6210.06","621006","6","Jabatan","6210","PENEBANG POHON DENGAN ALAT PERKAKAS","6","PEKERJA TERAMPIL PERTANIAN, KEHUTANAN, DAN PERIKANAN","6 > 62 > 621 > 6210 > 6210.06","tidak","820"
"6210.99","621099","6","Jabatan","6210","PEKERJA KEHUTANAN DAN YBDI LAINNYA","6","PEKERJA TERAMPIL PERTANIAN, KEHUTANAN, DAN PERIKANAN","6 > 62 > 621 > 6210 > 6210.99","ya","820"
"622","622","3","Golongan","62","PEKERJA PERIKANAN, PERBURUAN, DAN PENANGKAPAN SATWA LIAR","6","PEKERJA TERAMPIL PERTANIAN, KEHUTANAN, DAN PERIKANAN","6 > 62 > 622","tidak","820"
"6221","6221","4","Subgolongan","622","PEKERJA BUDIDAYA PERIKANAN","6","PEKERJA TERAMPIL PERTANIAN, KEHUTANAN, DAN PERIKANAN","6 > 62 > 622 > 6221","tidak","821"
"6221.01","622101","6","Jabatan","6221","PETANI BUDIDAYA GANGGANG","6","PEKERJA TERAMPIL PERTANIAN, KEHUTANAN, DAN PERIKANAN","6 > 62 > 622 > 6221 > 6221.01","tidak","821"
"6221.02","622102","6","Jabatan","6221","PETANI BUDIDAYA IKAN","6","PEKERJA TERAMPIL PERTANIAN, KEHUTANAN, DAN PERIKANAN","6 > 62 > 622 > 6221 > 6221.02","tidak","821"
"6221.03","622103","6","Jabatan","6221","PETANI BUDIDAYA TIRAM","6","PEKERJA TERAMPIL PERTANIAN, KEHUTANAN, DAN PERIKANAN","6 > 62 > 622 > 6221 > 6221.03","tidak","822"
"6221.04","622104","6","Jabatan","6221","PETANI BUDIDAYA MUTIARA","6","PEKERJA TERAMPIL PERTANIAN, KEHUTANAN, DAN PERIKANAN","6 > 62 > 622 > 6221 > 6221.04","tidak","822"
"6221.05","622105","6","Jabatan","6221","PETANI BUDIDAYA SEAFOOD","6","PEKERJA TERAMPIL PERTANIAN, KEHUTANAN, DAN PERIKANAN","6 > 62 > 622 > 6221 > 6221.05","tidak","822"
"6221.06","622106","6","Jabatan","6221","PEKERJA TERAMPIL BUDIDAYA PERIKANAN","6","PEKERJA TERAMPIL PERTANIAN, KEHUTANAN, DAN PERIKANAN","6 > 62 > 622 > 6221 > 6221.06","tidak","822"
"6221.07","622107","6","Jabatan","6221","PEKERJA TERAMPIL BUDIDAYA IKAN LAUT","6","PEKERJA TERAMPIL PERTANIAN, KEHUTANAN, DAN PERIKANAN","6 > 62 > 622 > 6221 > 6221.07","tidak","823"
"6221.08","622108","6","Jabatan","6221","PEKERJA BUDIDAYA BUAYA","6","PEKERJA TERAMPIL PERTANIAN, KEHUTANAN, DAN PERIKANAN","6 > 62 > 622 > 6221 > 6221.08","tidak","823"
"6221.09","622109","6","Jabatan","6221","PEKERJA BUDIDAYA SIPUT","6","PEKERJA TERAMPIL PERTANIAN, KEHUTANAN, DAN PERIKANAN","6 > 62 > 622 > 6221 > 6221.09","tidak","823"
"6221.99","622199","6","Jabatan","6221","PEKERJA BUDIDAYA PERIKANAN LAINNYA","6","PEKERJA TERAMPIL PERTANIAN, KEHUTANAN, DAN PERIKANAN","6 > 62 > 622 > 6221 > 6221.99","ya","823"
"6222","6222","4","Subgolongan","622","PEKERJA PERIKANAN TANGKAP DI PERAIRAN UMUM DAN PESISIR","6","PEKERJA TERAMPIL PERTANIAN, KEHUTANAN, DAN PERIKANAN","6 > 62 > 622 > 6222","tidak","824"
"6222.01","622201","6","Jabatan","6222","KAPTEN KAPAL NELAYAN","6","PEKERJA TERAMPIL PERTANIAN, KEHUTANAN, DAN PERIKANAN","6 > 62 > 622 > 6222 > 6222.01","tidak","824"
"6222.02","622202","6","Jabatan","6222","NELAYAN (PERAIRAN PESISIR)","6","PEKERJA TERAMPIL PERTANIAN, KEHUTANAN, DAN PERIKANAN","6 > 62 > 622 > 6222 > 6222.02","tidak","824"
"6222.03","622203","6","Jabatan","6222","NELAYAN (PERAIRAN UMUM)","6","PEKERJA TERAMPIL PERTANIAN, KEHUTANAN, DAN PERIKANAN","6 > 62 > 622 > 6222 > 6222.03","tidak","825"
"6222.99","622299","6","Jabatan","6222","PEKERJA PERIKANAN TANGKAP DI PERAIRAN UMUM DAN PESISIR LAINNYA","6","PEKERJA TERAMPIL PERTANIAN, KEHUTANAN, DAN PERIKANAN","6 > 62 > 622 > 6222 > 6222.99","ya","825"
"6223","6223","4","Subgolongan","622","PEKERJA PERIKANAN TANGKAP DI LAUT DALAM","6","PEKERJA TERAMPIL PERTANIAN, KEHUTANAN, DAN PERIKANAN","6 > 62 > 622 > 6223","tidak","825"
"6223.01","622301","6","Jabatan","6223","NELAYAN LAUT DALAM","6","PEKERJA TERAMPIL PERTANIAN, KEHUTANAN, DAN PERIKANAN","6 > 62 > 622 > 6223 > 6223.01","tidak","826"
"6223.02","622302","6","Jabatan","6223","KAPTEN KAPAL PUKAT","6","PEKERJA TERAMPIL PERTANIAN, KEHUTANAN, DAN PERIKANAN","6 > 62 > 622 > 6223 > 6223.02","tidak","826"
"6223.99","622399","6","Jabatan","6223","PEKERJA PERIKANAN TANGKAP DI LAUT DALAM LAINNYA","6","PEKERJA TERAMPIL PERTANIAN, KEHUTANAN, DAN PERIKANAN","6 > 62 > 622 > 6223 > 6223.99","ya","826"
"6224","6224","4","Subgolongan","622","PEMBURU DAN PENANGKAPAN SATWA LIAR","6","PEKERJA TERAMPIL PERTANIAN, KEHUTANAN, DAN PERIKANAN","6 > 62 > 622 > 6224","tidak","827"
"6224.01","622401","6","Jabatan","6224","PENANGKAP HEWAN BERBULU","6","PEKERJA TERAMPIL PERTANIAN, KEHUTANAN, DAN PERIKANAN","6 > 62 > 622 > 6224 > 6224.01","tidak","827"
"6224.02","622402","6","Jabatan","6224","PEMBURU ANJING LAUT","6","PEKERJA TERAMPIL PERTANIAN, KEHUTANAN, DAN PERIKANAN","6 > 62 > 622 > 6224 > 6224.02","tidak","827"
"6224.03","622403","6","Jabatan","6224","PEMBURU IKAN PAUS","6","PEKERJA TERAMPIL PERTANIAN, KEHUTANAN, DAN PERIKANAN","6 > 62 > 622 > 6224 > 6224.03","tidak","827"
"6224.99","622499","6","Jabatan","6224","PEMBURU DAN PENANGKAPAN SATWA LIAR LAINNYA","6","PEKERJA TERAMPIL PERTANIAN, KEHUTANAN, DAN PERIKANAN","6 > 62 > 622 > 6224 > 6224.99","ya","828"
"63","63","2","Subgolongan pokok","6","PETANI, NELAYAN, PEMBURU, DAN PENGUMPUL SUBSISTEN","6","PEKERJA TERAMPIL PERTANIAN, KEHUTANAN, DAN PERIKANAN","6 > 63","tidak","828"
"631","631","3","Golongan","63","PETANI SUBSISTEN","6","PEKERJA TERAMPIL PERTANIAN, KEHUTANAN, DAN PERIKANAN","6 > 63 > 631","tidak","828"
"6310","6310","4","Subgolongan","631","PETANI SUBSISTEN","6","PEKERJA TERAMPIL PERTANIAN, KEHUTANAN, DAN PERIKANAN","6 > 63 > 631 > 6310","tidak","829"
"6310.00","631000","6","Jabatan","6310","PETANI SUBSISTEN","6","PEKERJA TERAMPIL PERTANIAN, KEHUTANAN, DAN PERIKANAN","6 > 63 > 631 > 6310 > 6310.00","tidak","829"
"632","632","3","Golongan","63","PETERNAK SUBSISTEN","6","PEKERJA TERAMPIL PERTANIAN, KEHUTANAN, DAN PERIKANAN","6 > 63 > 632","tidak","830"
"6320","6320","4","Subgolongan","632","PETERNAK SUBSISTEN","6","PEKERJA TERAMPIL PERTANIAN, KEHUTANAN, DAN PERIKANAN","6 > 63 > 632 > 6320","tidak","830"
"6320.00","632000","6","Jabatan","6320","PETERNAK SUBSISTEN","6","PEKERJA TERAMPIL PERTANIAN, KEHUTANAN, DAN PERIKANAN","6 > 63 > 632 > 6320 > 6320.00","tidak","831"
"633","633","3","Golongan","63","PETANI DAN PETERNAK (CAMPURAN) SUBSISTEN","6","PEKERJA TERAMPIL PERTANIAN, KEHUTANAN, DAN PERIKANAN","6 > 63 > 633","tidak","831"
"6330","6330","4","Subgolongan","633","PETANI DAN PETERNAK (CAMPURAN) SUBSISTEN","6","PEKERJA TERAMPIL PERTANIAN, KEHUTANAN, DAN PERIKANAN","6 > 63 > 633 > 6330","tidak","832"
"6330.00","633000","6","Jabatan","6330","PETANI DAN PETERNAK (CAMPURAN) SUBSISTEN","6","PEKERJA TERAMPIL PERTANIAN, KEHUTANAN, DAN PERIKANAN","6 > 63 > 633 > 6330 > 6330.00","tidak","832"
"634","634","3","Golongan","63","NELAYAN, PEMBURU, PENANGKAP, DAN PENGUMPUL SUBSISTEN","6","PEKERJA TERAMPIL PERTANIAN, KEHUTANAN, DAN PERIKANAN","6 > 63 > 634","tidak","833"
"6340","6340","4","Subgolongan","634","NELAYAN, PEMBURU, PENANGKAP, DAN PENGUMPUL SUBSISTEN","6","PEKERJA TERAMPIL PERTANIAN, KEHUTANAN, DAN PERIKANAN","6 > 63 > 634 > 6340","tidak","833"
"6340.01","634001","6","Jabatan","6340","NELAYAN SUBSISTEN","6","PEKERJA TERAMPIL PERTANIAN, KEHUTANAN, DAN PERIKANAN","6 > 63 > 634 > 6340 > 6340.01","tidak","834"
"6340.02","634002","6","Jabatan","6340","PEMBURU DAN PENANGKAP SATWA LIAR SUBSISTEN","6","PEKERJA TERAMPIL PERTANIAN, KEHUTANAN, DAN PERIKANAN","6 > 63 > 634 > 6340 > 6340.02","tidak","834"
"6340.03","634003","6","Jabatan","6340","PENGUMPUL SUBSISTEN","6","PEKERJA TERAMPIL PERTANIAN, KEHUTANAN, DAN PERIKANAN","6 > 63 > 634 > 6340 > 6340.03","tidak","834"
"6340.99","634099","6","Jabatan","6340","NELAYAN, PEMBURU, PENANGKAP, DAN PENGUMPUL SUBSISTEN LAINNYA","6","PEKERJA TERAMPIL PERTANIAN, KEHUTANAN, DAN PERIKANAN","6 > 63 > 634 > 6340 > 6340.99","ya","835"
"7","7","1","Golongan pokok","","PEKERJA PENGOLAHAN, KERAJINAN, DAN YBDI","7","PEKERJA PENGOLAHAN, KERAJINAN, DAN YBDI","7","tidak","839"
"71","71","2","Subgolongan pokok","7","PEKERJA BANGUNAN DAN YBDI, SELAIN PEKERJA KELISTRIKAN","7","PEKERJA PENGOLAHAN, KERAJINAN, DAN YBDI","7 > 71","tidak","839"
"711","711","3","Golongan","71","PEKERJA KERANGKA BANGUNAN DAN YBDI","7","PEKERJA PENGOLAHAN, KERAJINAN, DAN YBDI","7 > 71 > 711","tidak","840"
"7111","7111","4","Subgolongan","711","PEKERJA BANGUNAN RUMAH","7","PEKERJA PENGOLAHAN, KERAJINAN, DAN YBDI","7 > 71 > 711 > 7111","tidak","841"
"7111.00","711100","6","Jabatan","7111","PEKERJA BANGUNAN RUMAH","7","PEKERJA PENGOLAHAN, KERAJINAN, DAN YBDI","7 > 71 > 711 > 7111 > 7111.00","tidak","841"
"7112","7112","4","Subgolongan","711","TUKANG TEMBOK DAN YBDI","7","PEKERJA PENGOLAHAN, KERAJINAN, DAN YBDI","7 > 71 > 711 > 7112","tidak","841"
"7112.01","711201","6","Jabatan","7112","TUKANG TEMBOK","7","PEKERJA PENGOLAHAN, KERAJINAN, DAN YBDI","7 > 71 > 711 > 7112 > 7112.01","tidak","841"
"7112.02","711202","6","Jabatan","7112","TUKANG PASANG BLOK","7","PEKERJA PENGOLAHAN, KERAJINAN, DAN YBDI","7 > 71 > 711 > 7112 > 7112.02","tidak","842"
"7112.99","711299","6","Jabatan","7112","TUKANG TEMBOK DAN YBDI LAINNYA","7","PEKERJA PENGOLAHAN, KERAJINAN, DAN YBDI","7 > 71 > 711 > 7112 > 7112.99","ya","842"
"7113","7113","4","Subgolongan","711","PEMBELAH, PEMOTONG, PEMECAH, DAN PEMAHAT BATU","7","PEKERJA PENGOLAHAN, KERAJINAN, DAN YBDI","7 > 71 > 711 > 7113","tidak","842"
"7113.01","711301","6","Jabatan","7113","PEMBELAH, PEMOTONG, DAN PEMECAH BATU","7","PEKERJA PENGOLAHAN, KERAJINAN, DAN YBDI","7 > 71 > 711 > 7113 > 7113.01","tidak","842"
"7113.02","711302","6","Jabatan","7113","PEMAHAT BATU","7","PEKERJA PENGOLAHAN, KERAJINAN, DAN YBDI","7 > 71 > 711 > 7113 > 7113.02","tidak","842"
"7113.99","711399","6","Jabatan","7113","PEMBELAH, PEMOTONG, PEMECAH, DAN PEMAHAT BATU LAINNYA","7","PEKERJA PENGOLAHAN, KERAJINAN, DAN YBDI","7 > 71 > 711 > 7113 > 7113.99","ya","842"
"7114","7114","4","Subgolongan","711","TUKANG BETON DAN YBDI","7","PEKERJA PENGOLAHAN, KERAJINAN, DAN YBDI","7 > 71 > 711 > 7114","tidak","843"
"7114.01","711401","6","Jabatan","7114","TUKANG COR BETON","7","PEKERJA PENGOLAHAN, KERAJINAN, DAN YBDI","7 > 71 > 711 > 7114 > 7114.01","tidak","843"
"7114.02","711402","6","Jabatan","7114","TUKANG PASANG BETON","7","PEKERJA PENGOLAHAN, KERAJINAN, DAN YBDI","7 > 71 > 711 > 7114 > 7114.02","tidak","843"
"7114.03","711403","6","Jabatan","7114","TUKANG TERASO","7","PEKERJA PENGOLAHAN, KERAJINAN, DAN YBDI","7 > 71 > 711 > 7114 > 7114.03","tidak","843"
"7114.99","711499","6","Jabatan","7114","TUKANG BETON DAN YBDI LAINNYA","7","PEKERJA PENGOLAHAN, KERAJINAN, DAN YBDI","7 > 71 > 711 > 7114 > 7114.99","ya","843"
"7115","7115","4","Subgolongan","711","TUKANG KAYU BANGUNAN","7","PEKERJA PENGOLAHAN, KERAJINAN, DAN YBDI","7 > 71 > 711 > 7115","tidak","843"
"7115.01","711501","6","Jabatan","7115","TUKANG KAYU","7","PEKERJA PENGOLAHAN, KERAJINAN, DAN YBDI","7 > 71 > 711 > 7115 > 7115.01","tidak","844"
"7115.02","711502","6","Jabatan","7115","TUKANG KAYU PENYEMPURNA","7","PEKERJA PENGOLAHAN, KERAJINAN, DAN YBDI","7 > 71 > 711 > 7115 > 7115.02","tidak","844"
"7115.03","711503","6","Jabatan","7115","PEMBUAT KERANGKA KAYU","7","PEKERJA PENGOLAHAN, KERAJINAN, DAN YBDI","7 > 71 > 711 > 7115 > 7115.03","tidak","844"
"7115.04","711504","6","Jabatan","7115","PEMBUAT GALANGAN KAPAL","7","PEKERJA PENGOLAHAN, KERAJINAN, DAN YBDI","7 > 71 > 711 > 7115 > 7115.04","tidak","844"
"7115.99","711599","6","Jabatan","7115","TUKANG KAYU BANGUNAN LAINNYA","7","PEKERJA PENGOLAHAN, KERAJINAN, DAN YBDI","7 > 71 > 711 > 7115 > 7115.99","ya","845"
"7119","7119","4","Subgolongan","711","PEKERJA KERANGKA BANGUNAN YTDL","7","PEKERJA PENGOLAHAN, KERAJINAN, DAN YBDI","7 > 71 > 711 > 7119","ya","845"
"7119.01","711901","6","Jabatan","7119","PEKERJA PEMBONGKARAN","7","PEKERJA PENGOLAHAN, KERAJINAN, DAN YBDI","7 > 71 > 711 > 7119 > 7119.01","tidak","845"
"7119.02","711902","6","Jabatan","7119","PERANCAH (OPERATOR SCAFFOLDING)","7","PEKERJA PENGOLAHAN, KERAJINAN, DAN YBDI","7 > 71 > 711 > 7119 > 7119.02","tidak","845"
"7119.03","711903","6","Jabatan","7119","PEKERJA PANJAT MENARA","7","PEKERJA PENGOLAHAN, KERAJINAN, DAN YBDI","7 > 71 > 711 > 7119 > 7119.03","tidak","845"
"7119.04","711904","6","Jabatan","7119","PEKERJA PENANGANAN MATERIAL BERBAHAYA","7","PEKERJA PENGOLAHAN, KERAJINAN, DAN YBDI","7 > 71 > 711 > 7119 > 7119.04","tidak","846"
"7119.99","711999","6","Jabatan","7119","PEKERJA KERANGKA BANGUNAN YTDL LAINNYA","7","PEKERJA PENGOLAHAN, KERAJINAN, DAN YBDI","7 > 71 > 711 > 7119 > 7119.99","ya","846"
"712","712","3","Golongan","71","PEKERJA PENYELESAIAN BANGUNAN DAN YBDI","7","PEKERJA PENGOLAHAN, KERAJINAN, DAN YBDI","7 > 71 > 712","tidak","846"
"7121","7121","4","Subgolongan","712","PEKERJA ATAP BANGUNAN","7","PEKERJA PENGOLAHAN, KERAJINAN, DAN YBDI","7 > 71 > 712 > 7121","tidak","847"
"7121.01","712101","6","Jabatan","7121","PEKERJA ATAP GENTENG","7","PEKERJA PENGOLAHAN, KERAJINAN, DAN YBDI","7 > 71 > 712 > 7121 > 7121.01","tidak","847"
"7121.02","712102","6","Jabatan","7121","PEKERJA ATAP LOGAM","7","PEKERJA PENGOLAHAN, KERAJINAN, DAN YBDI","7 > 71 > 712 > 7121 > 7121.02","tidak","847"
"7121.03","712103","6","Jabatan","7121","PEKERJA ATAP RUMBIA","7","PEKERJA PENGOLAHAN, KERAJINAN, DAN YBDI","7 > 71 > 712 > 7121 > 7121.03","tidak","847"
"7121.99","712199","6","Jabatan","7121","PEKERJA ATAP BANGUNAN LAINNYA","7","PEKERJA PENGOLAHAN, KERAJINAN, DAN YBDI","7 > 71 > 712 > 7121 > 7121.99","ya","848"
"7122","7122","4","Subgolongan","712","PEKERJA LANTAI DAN UBIN","7","PEKERJA PENGOLAHAN, KERAJINAN, DAN YBDI","7 > 71 > 712 > 7122","tidak","848"
"7122.01","712201","6","Jabatan","7122","PEMASANG PARKET","7","PEKERJA PENGOLAHAN, KERAJINAN, DAN YBDI","7 > 71 > 712 > 7122 > 7122.01","tidak","848"
"7122.02","712202","6","Jabatan","7122","PEMASANG MARMER","7","PEKERJA PENGOLAHAN, KERAJINAN, DAN YBDI","7 > 71 > 712 > 7122 > 7122.02","tidak","848"
"7122.03","712203","6","Jabatan","7122","PEMASANG UBIN","7","PEKERJA PENGOLAHAN, KERAJINAN, DAN YBDI","7 > 71 > 712 > 7122 > 7122.03","tidak","848"
"7122.04","712204","6","Jabatan","7122","PEMASANG LAPISAN KARPET","7","PEKERJA PENGOLAHAN, KERAJINAN, DAN YBDI","7 > 71 > 712 > 7122 > 7122.04","tidak","848"
"7122.99","712299","6","Jabatan","7122","PEKERJA LANTAI DAN UBIN LAINNYA","7","PEKERJA PENGOLAHAN, KERAJINAN, DAN YBDI","7 > 71 > 712 > 7122 > 7122.99","ya","849"
"7123","7123","4","Subgolongan","712","PEKERJA PLESTER","7","PEKERJA PENGOLAHAN, KERAJINAN, DAN YBDI","7 > 71 > 712 > 7123","tidak","849"
"7123.01","712301","6","Jabatan","7123","PEKERJA PLESTERBOARD","7","PEKERJA PENGOLAHAN, KERAJINAN, DAN YBDI","7 > 71 > 712 > 7123 > 7123.01","tidak","849"
"7123.02","712302","6","Jabatan","7123","PEKERJA PLESTER GIPSUM","7","PEKERJA PENGOLAHAN, KERAJINAN, DAN YBDI","7 > 71 > 712 > 7123 > 7123.02","tidak","849"
"7123.03","712303","6","Jabatan","7123","PEKERJA PLESTER STUKO","7","PEKERJA PENGOLAHAN, KERAJINAN, DAN YBDI","7 > 71 > 712 > 7123 > 7123.03","tidak","849"
"7123.04","712304","6","Jabatan","7123","PEKERJA PLESTER ORNAMEN","7","PEKERJA PENGOLAHAN, KERAJINAN, DAN YBDI","7 > 71 > 712 > 7123 > 7123.04","tidak","850"
"7123.05","712305","6","Jabatan","7123","PEKERJA PLESTER SEMEN","7","PEKERJA PENGOLAHAN, KERAJINAN, DAN YBDI","7 > 71 > 712 > 7123 > 7123.05","tidak","850"
"7123.99","712399","6","Jabatan","7123","PEKERJA PLESTER LAINNYA","7","PEKERJA PENGOLAHAN, KERAJINAN, DAN YBDI","7 > 71 > 712 > 7123 > 7123.99","ya","850"
"7124","7124","4","Subgolongan","712","PEKERJA ISOLASI","7","PEKERJA PENGOLAHAN, KERAJINAN, DAN YBDI","7 > 71 > 712 > 7124","tidak","850"
"7124.01","712401","6","Jabatan","7124","PEKERJA ISOLASI AKUSTIK","7","PEKERJA PENGOLAHAN, KERAJINAN, DAN YBDI","7 > 71 > 712 > 7124 > 7124.01","tidak","850"
"7124.02","712402","6","Jabatan","7124","PEKERJA ISOLASI BOILER DAN PIPA","7","PEKERJA PENGOLAHAN, KERAJINAN, DAN YBDI","7 > 71 > 712 > 7124 > 7124.02","tidak","851"
"7124.03","712403","6","Jabatan","7124","PEKERJA ISOLASI PERALATAN PENDINGIN DAN LEMARI","7","PEKERJA PENGOLAHAN, KERAJINAN, DAN YBDI","7 > 71 > 712 > 7124 > 7124.03","tidak","851"
"7124.04","712404","6","Jabatan","7124","PEKERJA ISOLASI BANGUNAN","7","PEKERJA PENGOLAHAN, KERAJINAN, DAN YBDI","7 > 71 > 712 > 7124 > 7124.04","tidak","851"
"7124.99","712499","6","Jabatan","7124","PEKERJA ISOLASI LAINNYA","7","PEKERJA PENGOLAHAN, KERAJINAN, DAN YBDI","7 > 71 > 712 > 7124 > 7124.99","ya","852"
"7125","7125","4","Subgolongan","712","PEKERJA KACA","7","PEKERJA PENGOLAHAN, KERAJINAN, DAN YBDI","7 > 71 > 712 > 7125","tidak","852"
"7125.01","712501","6","Jabatan","7125","PEKERJA KACA OTOMATIS","7","PEKERJA PENGOLAHAN, KERAJINAN, DAN YBDI","7 > 71 > 712 > 7125 > 7125.01","tidak","852"
"7125.02","712502","6","Jabatan","7125","PEKERJA KACA BANGUNAN","7","PEKERJA PENGOLAHAN, KERAJINAN, DAN YBDI","7 > 71 > 712 > 7125 > 7125.02","tidak","852"
"7125.03","712503","6","Jabatan","7125","PEKERJA KACA ATAP","7","PEKERJA PENGOLAHAN, KERAJINAN, DAN YBDI","7 > 71 > 712 > 7125 > 7125.03","tidak","852"
"7125.04","712504","6","Jabatan","7125","PEKERJA KACA KENDARAAN","7","PEKERJA PENGOLAHAN, KERAJINAN, DAN YBDI","7 > 71 > 712 > 7125 > 7125.04","tidak","852"
"7125.99","712599","6","Jabatan","7125","PEKERJA KACA LAINNYA","7","PEKERJA PENGOLAHAN, KERAJINAN, DAN YBDI","7 > 71 > 712 > 7125 > 7125.99","ya","853"
"7126","7126","4","Subgolongan","712","PEKERJA PERPIPAAN","7","PEKERJA PENGOLAHAN, KERAJINAN, DAN YBDI","7 > 71 > 712 > 7126","tidak","853"
"7126.01","712601","6","Jabatan","7126","PEKERJA PIPA","7","PEKERJA PENGOLAHAN, KERAJINAN, DAN YBDI","7 > 71 > 712 > 7126 > 7126.01","tidak","853"
"7126.02","712602","6","Jabatan","7126","PEMASANG SAMBUNGAN PIPA","7","PEKERJA PENGOLAHAN, KERAJINAN, DAN YBDI","7 > 71 > 712 > 7126 > 7126.02","tidak","853"
"7126.03","712603","6","Jabatan","7126","PEKERJA SALURAN PEMBUANGAN","7","PEKERJA PENGOLAHAN, KERAJINAN, DAN YBDI","7 > 71 > 712 > 7126 > 7126.03","tidak","853"
"7126.99","712699","6","Jabatan","7126","PEKERJA PERPIPAAN LAINNYA","7","PEKERJA PENGOLAHAN, KERAJINAN, DAN YBDI","7 > 71 > 712 > 7126 > 7126.99","ya","854"
"7127","7127","4","Subgolongan","712","MEKANIK PENDINGIN UDARA DAN LEMARI PENDINGIN","7","PEKERJA PENGOLAHAN, KERAJINAN, DAN YBDI","7 > 71 > 712 > 7127","tidak","854"
"7127.01","712701","6","Jabatan","7127","MEKANIK PERALATAN PENDINGIN UDARA","7","PEKERJA PENGOLAHAN, KERAJINAN, DAN YBDI","7 > 71 > 712 > 7127 > 7127.01","tidak","854"
"7127.02","712702","6","Jabatan","7127","MEKANIK MESIN REFRIGERASI","7","PEKERJA PENGOLAHAN, KERAJINAN, DAN YBDI","7 > 71 > 712 > 7127 > 7127.02","tidak","854"
"7127.99","712799","6","Jabatan","7127","MEKANIK PENDINGIN UDARA DAN LEMARI PENDINGIN LAINNYA","7","PEKERJA PENGOLAHAN, KERAJINAN, DAN YBDI","7 > 71 > 712 > 7127 > 7127.99","ya","854"
"713","713","3","Golongan","71","PEKERJA PENGECATAN, PEMBERSIH BANGUNAN, DAN YBDI","7","PEKERJA PENGOLAHAN, KERAJINAN, DAN YBDI","7 > 71 > 713","tidak","854"
"7131","7131","4","Subgolongan","713","PEKERJA PENGECATAN BANGUNAN DAN YBDI","7","PEKERJA PENGOLAHAN, KERAJINAN, DAN YBDI","7 > 71 > 713 > 7131","tidak","855"
"7131.01","713101","6","Jabatan","7131","PENGECAT BANGUNAN","7","PEKERJA PENGOLAHAN, KERAJINAN, DAN YBDI","7 > 71 > 713 > 7131 > 7131.01","tidak","855"
"7131.02","713102","6","Jabatan","7131","PEMASANG WALLPAPER","7","PEKERJA PENGOLAHAN, KERAJINAN, DAN YBDI","7 > 71 > 713 > 7131 > 7131.02","tidak","855"
"7131.99","713199","6","Jabatan","7131","PEKERJA PENGECATAN BANGUNAN DAN YBDI LAINNYA","7","PEKERJA PENGOLAHAN, KERAJINAN, DAN YBDI","7 > 71 > 713 > 7131 > 7131.99","ya","856"
"7132","7132","4","Subgolongan","713","PEKERJA CAT SEMPROT DAN VERNIS","7","PEKERJA PENGOLAHAN, KERAJINAN, DAN YBDI","7 > 71 > 713 > 7132","tidak","856"
"7132.01","713201","6","Jabatan","7132","PENGECAT BARANG INDUSTRI","7","PEKERJA PENGOLAHAN, KERAJINAN, DAN YBDI","7 > 71 > 713 > 7132 > 7132.01","tidak","856"
"7132.02","713202","6","Jabatan","7132","PENGECAT KENDARAAN","7","PEKERJA PENGOLAHAN, KERAJINAN, DAN YBDI","7 > 71 > 713 > 7132 > 7132.02","tidak","856"
"7132.03","713203","6","Jabatan","7132","PEKERJA VERNIS","7","PEKERJA PENGOLAHAN, KERAJINAN, DAN YBDI","7 > 71 > 713 > 7132 > 7132.03","tidak","856"
"7132.99","713299","6","Jabatan","7132","PEKERJA CAT SEMPROT DAN VERNIS LAINNYA","7","PEKERJA PENGOLAHAN, KERAJINAN, DAN YBDI","7 > 71 > 713 > 7132 > 7132.99","ya","856"
"7133","7133","4","Subgolongan","713","PEMBERSIH BANGUNAN","7","PEKERJA PENGOLAHAN, KERAJINAN, DAN YBDI","7 > 71 > 713 > 7133","tidak","857"
"7133.01","713301","6","Jabatan","7133","PEMBERSIH CEROBONG","7","PEKERJA PENGOLAHAN, KERAJINAN, DAN YBDI","7 > 71 > 713 > 7133 > 7133.01","tidak","857"
"7133.02","713302","6","Jabatan","7133","PEMBERSIH EKSTERIOR BANGUNAN","7","PEKERJA PENGOLAHAN, KERAJINAN, DAN YBDI","7 > 71 > 713 > 7133 > 7133.02","tidak","857"
"7133.03","713303","6","Jabatan","7133","PEKERJA SANDBLASTING","7","PEKERJA PENGOLAHAN, KERAJINAN, DAN YBDI","7 > 71 > 713 > 7133 > 7133.03","tidak","857"
"7133.99","713399","6","Jabatan","7133","PEMBERSIH BANGUNAN LAINNYA","7","PEKERJA PENGOLAHAN, KERAJINAN, DAN YBDI","7 > 71 > 713 > 7133 > 7133.99","ya","857"
"72","72","2","Subgolongan pokok","7","PEKERJA LOGAM, PERMESINAN, DAN YBDI","7","PEKERJA PENGOLAHAN, KERAJINAN, DAN YBDI","7 > 72","tidak","857"
"721","721","3","Golongan","72","PEKERJA PENCETAK STRUKTUR DAN LEMBARAN LOGAM, PELEBUR LOGAM, TUKANG LAS, DAN YBDI","7","PEKERJA PENGOLAHAN, KERAJINAN, DAN YBDI","7 > 72 > 721","tidak","858"
"7211","7211","4","Subgolongan","721","PELEBUR DAN PENCETAK INTI LOGAM","7","PEKERJA PENGOLAHAN, KERAJINAN, DAN YBDI","7 > 72 > 721 > 7211","tidak","859"
"7211.01","721101","6","Jabatan","7211","PEKERJA INTI LOGAM","7","PEKERJA PENGOLAHAN, KERAJINAN, DAN YBDI","7 > 72 > 721 > 7211 > 7211.01","tidak","859"
"7211.02","721102","6","Jabatan","7211","PEKERJA LOGAM CETAKAN","7","PEKERJA PENGOLAHAN, KERAJINAN, DAN YBDI","7 > 72 > 721 > 7211 > 7211.02","tidak","859"
"7211.99","721199","6","Jabatan","7211","PELEBUR DAN PENCETAK INTI LOGAM LAINNYA","7","PEKERJA PENGOLAHAN, KERAJINAN, DAN YBDI","7 > 72 > 721 > 7211 > 7211.99","ya","859"
"7212","7212","4","Subgolongan","721","PEKERJA PEMOTONGAN DAN PENGELASAN","7","PEKERJA PENGOLAHAN, KERAJINAN, DAN YBDI","7 > 72 > 721 > 7212","tidak","859"
"7212.01","721201","6","Jabatan","7212","PEKERJA PENGELASAN","7","PEKERJA PENGOLAHAN, KERAJINAN, DAN YBDI","7 > 72 > 721 > 7212 > 7212.01","tidak","860"
"7212.02","721202","6","Jabatan","7212","PEMOTONG LOGAM","7","PEKERJA PENGOLAHAN, KERAJINAN, DAN YBDI","7 > 72 > 721 > 7212 > 7212.02","tidak","860"
"7212.03","721203","6","Jabatan","7212","PENGELAS BAWAH AIR","7","PEKERJA PENGOLAHAN, KERAJINAN, DAN YBDI","7 > 72 > 721 > 7212 > 7212.03","tidak","860"
"7212.99","721299","6","Jabatan","7212","PEKERJA PEMOTONGAN DAN PENGELASAN LAINNYA","7","PEKERJA PENGOLAHAN, KERAJINAN, DAN YBDI","7 > 72 > 721 > 7212 > 7212.99","ya","860"
"7213","7213","4","Subgolongan","721","PEKERJA LOGAM LEMBARAN","7","PEKERJA PENGOLAHAN, KERAJINAN, DAN YBDI","7 > 72 > 721 > 7213","tidak","861"
"7213.01","721301","6","Jabatan","7213","PEKERJA LOGAM WADAH KETEL UAP AIR","7","PEKERJA PENGOLAHAN, KERAJINAN, DAN YBDI","7 > 72 > 721 > 7213 > 7213.01","tidak","861"
"7213.02","721302","6","Jabatan","7213","PEKERJA LOGAM TEMBAGA","7","PEKERJA PENGOLAHAN, KERAJINAN, DAN YBDI","7 > 72 > 721 > 7213 > 7213.02","tidak","861"
"7213.03","721303","6","Jabatan","7213","TUKANG PATRI","7","PEKERJA PENGOLAHAN, KERAJINAN, DAN YBDI","7 > 72 > 721 > 7213 > 7213.03","tidak","861"
"7213.99","721399","6","Jabatan","7213","PEKERJA LOGAM LEMBARAN LAINNYA","7","PEKERJA PENGOLAHAN, KERAJINAN, DAN YBDI","7 > 72 > 721 > 7213 > 7213.99","ya","862"
"7214","7214","4","Subgolongan","721","PEKERJA PENYIAPAN DAN PEMANCANGAN STRUKTUR LOGAM","7","PEKERJA PENGOLAHAN, KERAJINAN, DAN YBDI","7 > 72 > 721 > 7214","tidak","862"
"7214.01","721401","6","Jabatan","7214","PEKERJA PENYIAPAN STRUKTUR LOGAM","7","PEKERJA PENGOLAHAN, KERAJINAN, DAN YBDI","7 > 72 > 721 > 7214 > 7214.01","tidak","862"
"7214.02","721402","6","Jabatan","7214","PEKERJA PEMANCANGAN STRUKTUR LOGAM","7","PEKERJA PENGOLAHAN, KERAJINAN, DAN YBDI","7 > 72 > 721 > 7214 > 7214.02","tidak","862"
"7214.03","721403","6","Jabatan","7214","PEKERJA KELING PAKU LOGAM","7","PEKERJA PENGOLAHAN, KERAJINAN, DAN YBDI","7 > 72 > 721 > 7214 > 7214.03","tidak","862"
"7214.99","721499","6","Jabatan","7214","PEKERJA PENYIAPAN DAN PEMANCANGAN STRUKTUR LOGAM LAINNYA","7","PEKERJA PENGOLAHAN, KERAJINAN, DAN YBDI","7 > 72 > 721 > 7214 > 7214.99","ya","863"
"7215","7215","4","Subgolongan","721","PEMASANG DAN PENYAMBUNG TALI KABEL","7","PEKERJA PENGOLAHAN, KERAJINAN, DAN YBDI","7 > 72 > 721 > 7215","tidak","863"
"7215.01","721501","6","Jabatan","7215","PEMASANG TALI KABEL","7","PEKERJA PENGOLAHAN, KERAJINAN, DAN YBDI","7 > 72 > 721 > 7215 > 7215.01","tidak","863"
"7215.02","721502","6","Jabatan","7215","PEMASANG TALI KABEL KAPAL","7","PEKERJA PENGOLAHAN, KERAJINAN, DAN YBDI","7 > 72 > 721 > 7215 > 7215.02","tidak","863"
"7215.03","721503","6","Jabatan","7215","PENYAMBUNG TALI KABEL","7","PEKERJA PENGOLAHAN, KERAJINAN, DAN YBDI","7 > 72 > 721 > 7215 > 7215.03","tidak","863"
"7215.04","721504","6","Jabatan","7215","PEMASANG TALI KABEL MENARA","7","PEKERJA PENGOLAHAN, KERAJINAN, DAN YBDI","7 > 72 > 721 > 7215 > 7215.04","tidak","864"
"7215.05","721505","6","Jabatan","7215","PEMASANG TALI KABEL PEMENTASAN TEATER","7","PEKERJA PENGOLAHAN, KERAJINAN, DAN YBDI","7 > 72 > 721 > 7215 > 7215.05","tidak","864"
"7215.99","721599","6","Jabatan","7215","PEMASANG DAN PENYAMBUNG TALI KABEL LAINNYA","7","PEKERJA PENGOLAHAN, KERAJINAN, DAN YBDI","7 > 72 > 721 > 7215 > 7215.99","ya","864"
"722","722","3","Golongan","72","PANDAI BESI, PEMBUAT PERKAKAS, DAN YBDI","7","PEKERJA PENGOLAHAN, KERAJINAN, DAN YBDI","7 > 72 > 722","tidak","864"
"7221","7221","4","Subgolongan","722","PANDAI BESI, PEKERJA TEMPA, DAN PRESS LOGAM","7","PEKERJA PENGOLAHAN, KERAJINAN, DAN YBDI","7 > 72 > 722 > 7221","tidak","864"
"7221.01","722101","6","Jabatan","7221","PANDAI BESI","7","PEKERJA PENGOLAHAN, KERAJINAN, DAN YBDI","7 > 72 > 722 > 7221 > 7221.01","tidak","865"
"7221.02","722102","6","Jabatan","7221","PEKERJA TEMPA","7","PEKERJA PENGOLAHAN, KERAJINAN, DAN YBDI","7 > 72 > 722 > 7221 > 7221.02","tidak","865"
"7221.03","722103","6","Jabatan","7221","PEKERJA PRESS TEMPAAN","7","PEKERJA PENGOLAHAN, KERAJINAN, DAN YBDI","7 > 72 > 722 > 7221 > 7221.03","tidak","865"
"7221.99","722199","6","Jabatan","7221","PANDAI BESI, PEKERJA TEMPA, DAN PRESS LOGAM LAINNYA","7","PEKERJA PENGOLAHAN, KERAJINAN, DAN YBDI","7 > 72 > 722 > 7221 > 7221.99","ya","865"
"7222","7222","4","Subgolongan","722","PEMBUAT PERKAKAS DAN YBDI","7","PEKERJA PENGOLAHAN, KERAJINAN, DAN YBDI","7 > 72 > 722 > 7222","tidak","865"
"7222.01","722201","6","Jabatan","7222","PEMBUAT BAUT, MUR, DAN SEJENISNYA","7","PEKERJA PENGOLAHAN, KERAJINAN, DAN YBDI","7 > 72 > 722 > 7222 > 7222.01","tidak","866"
"7222.02","722202","6","Jabatan","7222","PEMBUAT SENAPAN","7","PEKERJA PENGOLAHAN, KERAJINAN, DAN YBDI","7 > 72 > 722 > 7222 > 7222.02","tidak","866"
"7222.03","722203","6","Jabatan","7222","PEMBUAT KUNCI","7","PEKERJA PENGOLAHAN, KERAJINAN, DAN YBDI","7 > 72 > 722 > 7222 > 7222.03","tidak","866"
"7222.99","722299","6","Jabatan","7222","PEMBUAT PERKAKAS DAN YBDI LAINNYA","7","PEKERJA PENGOLAHAN, KERAJINAN, DAN YBDI","7 > 72 > 722 > 7222 > 7222.99","ya","867"
"7223","7223","4","Subgolongan","722","OPERATOR DAN PENYETEL MESIN PENGERJAAN LOGAM","7","PEKERJA PENGOLAHAN, KERAJINAN, DAN YBDI","7 > 72 > 722 > 7223","tidak","867"
"7223.01","722301","6","Jabatan","7223","OPERATOR MESIN BOR","7","PEKERJA PENGOLAHAN, KERAJINAN, DAN YBDI","7 > 72 > 722 > 7223 > 7223.01","tidak","867"
"7223.02","722302","6","Jabatan","7223","OPERATOR PERKAKAS MESIN","7","PEKERJA PENGOLAHAN, KERAJINAN, DAN YBDI","7 > 72 > 722 > 7223 > 7223.02","tidak","867"
"7223.03","722303","6","Jabatan","7223","TUKANG BUBUT","7","PEKERJA PENGOLAHAN, KERAJINAN, DAN YBDI","7 > 72 > 722 > 7223 > 7223.03","tidak","867"
"7223.04","722304","6","Jabatan","7223","PENYETEL PERKAKAS MESIN","7","PEKERJA PENGOLAHAN, KERAJINAN, DAN YBDI","7 > 72 > 722 > 7223 > 7223.04","tidak","868"
"7223.05","722305","6","Jabatan","7223","OPERATOR PENYETEL PERKAKAS MESIN","7","PEKERJA PENGOLAHAN, KERAJINAN, DAN YBDI","7 > 72 > 722 > 7223 > 7223.05","tidak","868"
"7223.06","722306","6","Jabatan","7223","OPERATOR MESIN POTONG DAN PUNCH","7","PEKERJA PENGOLAHAN, KERAJINAN, DAN YBDI","7 > 72 > 722 > 7223 > 7223.06","tidak","868"
"7223.99","722399","6","Jabatan","7223","OPERATOR DAN PENYETEL MESIN PENGERJAAN LOGAM LAINNYA","7","PEKERJA PENGOLAHAN, KERAJINAN, DAN YBDI","7 > 72 > 722 > 7223 > 7223.99","ya","868"
"7224","7224","4","Subgolongan","722","PEMOLES LOGAM, PENGASAH, DAN PENAJAM PERKAKAS LOGAM","7","PEKERJA PENGOLAHAN, KERAJINAN, DAN YBDI","7 > 72 > 722 > 7224","tidak","868"
"7224.01","722401","6","Jabatan","7224","PEKERJA PENYELESAIAN (FINISHING) LOGAM","7","PEKERJA PENGOLAHAN, KERAJINAN, DAN YBDI","7 > 72 > 722 > 7224 > 7224.01","tidak","869"
"7224.02","722402","6","Jabatan","7224","PENGASAH PERKAKAS","7","PEKERJA PENGOLAHAN, KERAJINAN, DAN YBDI","7 > 72 > 722 > 7224 > 7224.02","tidak","869"
"7224.03","722403","6","Jabatan","7224","PEMOLES LOGAM","7","PEKERJA PENGOLAHAN, KERAJINAN, DAN YBDI","7 > 72 > 722 > 7224 > 7224.03","tidak","869"
"7224.04","722404","6","Jabatan","7224","PENGASAH PISAU","7","PEKERJA PENGOLAHAN, KERAJINAN, DAN YBDI","7 > 72 > 722 > 7224 > 7224.04","tidak","869"
"7224.99","722499","6","Jabatan","7224","PEMOLES LOGAM, PENGASAH, DAN PENAJAM PERKAKAS LOGAM LAINNYA","7","PEKERJA PENGOLAHAN, KERAJINAN, DAN YBDI","7 > 72 > 722 > 7224 > 7224.99","ya","869"
"723","723","3","Golongan","72","MEKANIK DAN TUKANG REPARASI MESIN","7","PEKERJA PENGOLAHAN, KERAJINAN, DAN YBDI","7 > 72 > 723","tidak","869"
"7231","7231","4","Subgolongan","723","MEKANIK DAN TUKANG REPARASI KENDARAAN BERMOTOR","7","PEKERJA PENGOLAHAN, KERAJINAN, DAN YBDI","7 > 72 > 723 > 7231","tidak","870"
"7231.01","723101","6","Jabatan","7231","TEKNISI PERBAIKAN SISTEM REM OTOMOTIF","7","PEKERJA PENGOLAHAN, KERAJINAN, DAN YBDI","7 > 72 > 723 > 7231 > 7231.01","tidak","870"
"7231.02","723102","6","Jabatan","7231","TEKNISI PERBAIKAN SISTEM BAHAN BAKAR OTOMOTIF","7","PEKERJA PENGOLAHAN, KERAJINAN, DAN YBDI","7 > 72 > 723 > 7231 > 7231.02","tidak","871"
"7231.03","723103","6","Jabatan","7231","MEKANIK DAN TUKANG REPARASI MOBIL","7","PEKERJA PENGOLAHAN, KERAJINAN, DAN YBDI","7 > 72 > 723 > 7231 > 7231.03","tidak","871"
"7231.04","723104","6","Jabatan","7231","MEKANIK DAN TUKANG REPARASI SEPEDA MOTOR","7","PEKERJA PENGOLAHAN, KERAJINAN, DAN YBDI","7 > 72 > 723 > 7231 > 7231.04","tidak","871"
"7231.05","723105","6","Jabatan","7231","PENYETEL MESIN KENDARAAN BERMOTOR","7","PEKERJA PENGOLAHAN, KERAJINAN, DAN YBDI","7 > 72 > 723 > 7231 > 7231.05","tidak","871"
"7231.06","723106","6","Jabatan","7231","MEKANIK BUS DAN TRUK DIESEL","7","PEKERJA PENGOLAHAN, KERAJINAN, DAN YBDI","7 > 72 > 723 > 7231 > 7231.06","tidak","871"
"7231.07","723107","6","Jabatan","7231","MEKANIK PEMELIHARAAN ALAT BERAT","7","PEKERJA PENGOLAHAN, KERAJINAN, DAN YBDI","7 > 72 > 723 > 7231 > 7231.07","tidak","872"
"7231.99","723199","6","Jabatan","7231","MEKANIK DAN TUKANG REPARASI KENDARAAN BERMOTOR LAINNYA","7","PEKERJA PENGOLAHAN, KERAJINAN, DAN YBDI","7 > 72 > 723 > 7231 > 7231.99","ya","872"
"7232","7232","4","Subgolongan","723","MEKANIK DAN TUKANG REPARASI MESIN PESAWAT","7","PEKERJA PENGOLAHAN, KERAJINAN, DAN YBDI","7 > 72 > 723 > 7232","tidak","872"
"7232.01","723201","6","Jabatan","7232","PEMASANG MESIN PESAWAT","7","PEKERJA PENGOLAHAN, KERAJINAN, DAN YBDI","7 > 72 > 723 > 7232 > 7232.01","tidak","873"
"7232.02","723202","6","Jabatan","7232","MEKANIK PESAWAT UDARA","7","PEKERJA PENGOLAHAN, KERAJINAN, DAN YBDI","7 > 72 > 723 > 7232 > 7232.02","tidak","873"
"7232.03","723203","6","Jabatan","7232","MEKANIK PESAWAT HELIKOPTER","7","PEKERJA PENGOLAHAN, KERAJINAN, DAN YBDI","7 > 72 > 723 > 7232 > 7232.03","tidak","873"
"7232.04","723204","6","Jabatan","7232","MEKANIK PESAWAT JET","7","PEKERJA PENGOLAHAN, KERAJINAN, DAN YBDI","7 > 72 > 723 > 7232 > 7232.04","tidak","874"
"7232.05","723205","6","Jabatan","7232","MEKANIK SISTEM PNEUDRAULIC PESAWAT","7","PEKERJA PENGOLAHAN, KERAJINAN, DAN YBDI","7 > 72 > 723 > 7232 > 7232.05","tidak","874"
"7232.06","723206","6","Jabatan","7232","MEKANIK MESIN DAYA PESAWAT","7","PEKERJA PENGOLAHAN, KERAJINAN, DAN YBDI","7 > 72 > 723 > 7232 > 7232.06","tidak","874"
"7232.07","723207","6","Jabatan","7232","MEKANIK KOMPONEN MESIN ROKET","7","PEKERJA PENGOLAHAN, KERAJINAN, DAN YBDI","7 > 72 > 723 > 7232 > 7232.07","tidak","874"
"7232.99","723299","6","Jabatan","7232","MEKANIK DAN TUKANG REPARASI MESIN PESAWAT LAINNYA","7","PEKERJA PENGOLAHAN, KERAJINAN, DAN YBDI","7 > 72 > 723 > 7232 > 7232.99","ya","875"
"7233","7233","4","Subgolongan","723","MEKANIK DAN TUKANG REPARASI MESIN PERTANIAN DAN INDUSTRI","7","PEKERJA PENGOLAHAN, KERAJINAN, DAN YBDI","7 > 72 > 723 > 7233","tidak","875"
"7233.01","723301","6","Jabatan","7233","MEKANIK DAN TUKANG REPARASI MESIN KONSTRUKSI","7","PEKERJA PENGOLAHAN, KERAJINAN, DAN YBDI","7 > 72 > 723 > 7233 > 7233.01","tidak","875"
"7233.02","723302","6","Jabatan","7233","MEKANIK DAN TUKANG REPARASI MESIN INDUSTRI","7","PEKERJA PENGOLAHAN, KERAJINAN, DAN YBDI","7 > 72 > 723 > 7233 > 7233.02","tidak","875"
"7233.03","723303","6","Jabatan","7233","MEKANIK DAN TUKANG REPARASI MESIN PERTANIAN","7","PEKERJA PENGOLAHAN, KERAJINAN, DAN YBDI","7 > 72 > 723 > 7233 > 7233.03","tidak","875"
"7233.04","723304","6","Jabatan","7233","MEKANIK DAN TUKANG REPARASI MESIN PERTAMBANGAN","7","PEKERJA PENGOLAHAN, KERAJINAN, DAN YBDI","7 > 72 > 723 > 7233 > 7233.04","tidak","876"
"7233.05","723305","6","Jabatan","7233","MEKANIK DAN TUKANG REPARASI MESIN KERETA API","7","PEKERJA PENGOLAHAN, KERAJINAN, DAN YBDI","7 > 72 > 723 > 7233 > 7233.05","tidak","876"
"7233.99","723399","6","Jabatan","7233","MEKANIK DAN TUKANG REPARASI MESIN PERTANIAN DAN INDUSTRI LAINNYA","7","PEKERJA PENGOLAHAN, KERAJINAN, DAN YBDI","7 > 72 > 723 > 7233 > 7233.99","ya","876"
"7234","7234","4","Subgolongan","723","TUKANG REPARASI SEPEDA DAN YBDI","7","PEKERJA PENGOLAHAN, KERAJINAN, DAN YBDI","7 > 72 > 723 > 7234","tidak","876"
"7234.01","723401","6","Jabatan","7234","MEKANIK DAN TUKANG REPARASI SEPEDA","7","PEKERJA PENGOLAHAN, KERAJINAN, DAN YBDI","7 > 72 > 723 > 7234 > 7234.01","tidak","876"
"7234.02","723402","6","Jabatan","7234","MEKANIK DAN TUKANG REPARASI KURSI RODA","7","PEKERJA PENGOLAHAN, KERAJINAN, DAN YBDI","7 > 72 > 723 > 7234 > 7234.02","tidak","876"
"7234.99","723499","6","Jabatan","7234","TUKANG REPARASI SEPEDA DAN YBDI LAINNYA","7","PEKERJA PENGOLAHAN, KERAJINAN, DAN YBDI","7 > 72 > 723 > 7234 > 7234.99","ya","877"
"73","73","2","Subgolongan pokok","7","PEKERJA KERAJINAN DAN PERCETAKAN","7","PEKERJA PENGOLAHAN, KERAJINAN, DAN YBDI","7 > 73","tidak","877"
"731","731","3","Golongan","73","PEKERJA KERAJINAN","7","PEKERJA PENGOLAHAN, KERAJINAN, DAN YBDI","7 > 73 > 731","tidak","877"
"7311","7311","4","Subgolongan","731","PEMBUAT DAN TUKANG REPARASI PERALATAN PRESISI","7","PEKERJA PENGOLAHAN, KERAJINAN, DAN YBDI","7 > 73 > 731 > 7311","tidak","878"
"7311.01","731101","6","Jabatan","7311","PEMBUAT DAN TUKANG REPARASI ALAT METEOROLOGI","7","PEKERJA PENGOLAHAN, KERAJINAN, DAN YBDI","7 > 73 > 731 > 7311 > 7311.01","tidak","879"
"7311.02","731102","6","Jabatan","7311","PEMBUAT DAN TUKANG REPARASI ALAT ORTOPEDI","7","PEKERJA PENGOLAHAN, KERAJINAN, DAN YBDI","7 > 73 > 731 > 7311 > 7311.02","tidak","879"
"7311.03","731103","6","Jabatan","7311","PEMBUAT DAN TUKANG REPARASI JAM DAN JAM TANGAN","7","PEKERJA PENGOLAHAN, KERAJINAN, DAN YBDI","7 > 73 > 731 > 7311 > 7311.03","tidak","879"
"7311.04","731104","6","Jabatan","7311","PEMBUAT DAN TUKANG REPARASI ALAT OPTIK","7","PEKERJA PENGOLAHAN, KERAJINAN, DAN YBDI","7 > 73 > 731 > 7311 > 7311.04","tidak","880"
"7311.05","731105","6","Jabatan","7311","PEMBUAT DAN TUKANG REPARASI ALAT UKUR","7","PEKERJA PENGOLAHAN, KERAJINAN, DAN YBDI","7 > 73 > 731 > 7311 > 7311.05","tidak","880"
"7311.99","731199","6","Jabatan","7311","PEMBUAT DAN TUKANG REPARASI PERALATAN PRESISI LAINNYA","7","PEKERJA PENGOLAHAN, KERAJINAN, DAN YBDI","7 > 73 > 731 > 7311 > 7311.99","ya","880"
"7312","7312","4","Subgolongan","731","PEMBUAT DAN PENYETEM ALAT MUSIK","7","PEKERJA PENGOLAHAN, KERAJINAN, DAN YBDI","7 > 73 > 731 > 7312","tidak","880"
"7312.01","731201","6","Jabatan","7312","PEMBUAT DAN TUKANG REPARASI ALAT MUSIK TIUP DARI KUNINGAN","7","PEKERJA PENGOLAHAN, KERAJINAN, DAN YBDI","7 > 73 > 731 > 7312 > 7312.01","tidak","881"
"7312.02","731202","6","Jabatan","7312","PEMBUAT DAN TUKANG REPARASI ALAT MUSIK PIANO","7","PEKERJA PENGOLAHAN, KERAJINAN, DAN YBDI","7 > 73 > 731 > 7312 > 7312.02","tidak","881"
"7312.03","731203","6","Jabatan","7312","PENYETEM ALAT MUSIK PIANO","7","PEKERJA PENGOLAHAN, KERAJINAN, DAN YBDI","7 > 73 > 731 > 7312 > 7312.03","tidak","881"
"7312.04","731204","6","Jabatan","7312","PEMBUAT DAN TUKANG REPARASI ALAT MUSIK BERSENAR","7","PEKERJA PENGOLAHAN, KERAJINAN, DAN YBDI","7 > 73 > 731 > 7312 > 7312.04","tidak","881"
"7312.05","731205","6","Jabatan","7312","PEMBUAT DAN TUKANG REPARASI ALAT MUSIK TIUP KAYU","7","PEKERJA PENGOLAHAN, KERAJINAN, DAN YBDI","7 > 73 > 731 > 7312 > 7312.05","tidak","881"
"7312.99","731299","6","Jabatan","7312","PEMBUAT DAN PENYETEM ALAT MUSIK LAINNYA","7","PEKERJA PENGOLAHAN, KERAJINAN, DAN YBDI","7 > 73 > 731 > 7312 > 7312.99","ya","881"
"7313","7313","4","Subgolongan","731","PEKERJA PEMBUAT PERHIASAN DAN BARANG DARI LOGAM MULIA","7","PEKERJA PENGOLAHAN, KERAJINAN, DAN YBDI","7 > 73 > 731 > 7313","tidak","882"
"7313.01","731301","6","Jabatan","7313","PEKERJA PENYEPUH PERHIASAN","7","PEKERJA PENGOLAHAN, KERAJINAN, DAN YBDI","7 > 73 > 731 > 7313 > 7313.01","tidak","882"
"7313.02","731302","6","Jabatan","7313","PEKERJA PERHIASAN EMAS","7","PEKERJA PENGOLAHAN, KERAJINAN, DAN YBDI","7 > 73 > 731 > 7313 > 7313.02","tidak","882"
"7313.03","731303","6","Jabatan","7313","PEKERJA PERHIASAN BATU PERMATA","7","PEKERJA PENGOLAHAN, KERAJINAN, DAN YBDI","7 > 73 > 731 > 7313 > 7313.03","tidak","883"
"7313.04","731304","6","Jabatan","7313","PEKERJA PEMASANG BATU MULIA","7","PEKERJA PENGOLAHAN, KERAJINAN, DAN YBDI","7 > 73 > 731 > 7313 > 7313.04","tidak","883"
"7313.05","731305","6","Jabatan","7313","PEKERJA PEMOTONG DAN PENGGOSOK BATU MULIA","7","PEKERJA PENGOLAHAN, KERAJINAN, DAN YBDI","7 > 73 > 731 > 7313 > 7313.05","tidak","883"
"7313.06","731306","6","Jabatan","7313","PEKERJA PERHIASAN PERAK","7","PEKERJA PENGOLAHAN, KERAJINAN, DAN YBDI","7 > 73 > 731 > 7313 > 7313.06","tidak","883"
"7313.99","731399","6","Jabatan","7313","PEKERJA PEMBUAT PERHIASAN DAN BARANG DARI LOGAM MULIA LAINNYA","7","PEKERJA PENGOLAHAN, KERAJINAN, DAN YBDI","7 > 73 > 731 > 7313 > 7313.99","ya","883"
"7314","7314","4","Subgolongan","731","PEMBUAT TEMBIKAR DAN YBDI","7","PEKERJA PENGOLAHAN, KERAJINAN, DAN YBDI","7 > 73 > 731 > 7314","tidak","883"
"7314.01","731401","6","Jabatan","7314","PEMBUAT TEMBIKAR DAN PORSELEN","7","PEKERJA PENGOLAHAN, KERAJINAN, DAN YBDI","7 > 73 > 731 > 7314 > 7314.01","tidak","884"
"7314.02","731402","6","Jabatan","7314","PEMBUAT DESAIN TEMBIKAR DAN PORSELEN","7","PEKERJA PENGOLAHAN, KERAJINAN, DAN YBDI","7 > 73 > 731 > 7314 > 7314.02","tidak","884"
"7314.03","731403","6","Jabatan","7314","PENGGOSOK TEMBIKAR","7","PEKERJA PENGOLAHAN, KERAJINAN, DAN YBDI","7 > 73 > 731 > 7314 > 7314.03","tidak","884"
"7314.99","731499","6","Jabatan","7314","PEMBUAT TEMBIKAR DAN YBDI LAINNYA","7","PEKERJA PENGOLAHAN, KERAJINAN, DAN YBDI","7 > 73 > 731 > 7314 > 7314.99","ya","884"
"7315","7315","4","Subgolongan","731","PEMBUAT, PEMOTONG, PENGASAH, DAN PENYELESAI KACA","7","PEKERJA PENGOLAHAN, KERAJINAN, DAN YBDI","7 > 73 > 731 > 7315","tidak","885"
"7315.01","731501","6","Jabatan","7315","TUKANG TIUP KACA","7","PEKERJA PENGOLAHAN, KERAJINAN, DAN YBDI","7 > 73 > 731 > 7315 > 7315.01","tidak","885"
"7315.02","731502","6","Jabatan","7315","PEMOTONG KACA","7","PEKERJA PENGOLAHAN, KERAJINAN, DAN YBDI","7 > 73 > 731 > 7315 > 7315.02","tidak","885"
"7315.03","731503","6","Jabatan","7315","PENYELESAI KACA","7","PEKERJA PENGOLAHAN, KERAJINAN, DAN YBDI","7 > 73 > 731 > 7315 > 7315.03","tidak","886"
"7315.04","731504","6","Jabatan","7315","PENGASAH KACA","7","PEKERJA PENGOLAHAN, KERAJINAN, DAN YBDI","7 > 73 > 731 > 7315 > 7315.04","tidak","886"
"7315.99","731599","6","Jabatan","7315","PEMBUAT, PEMOTONG, PENGASAH, DAN PENYELESAI KACA LAINNYA","7","PEKERJA PENGOLAHAN, KERAJINAN, DAN YBDI","7 > 73 > 731 > 7315 > 7315.99","ya","886"
"7316","7316","4","Subgolongan","731","PEMBUAT PAPAN TANDA, PELUKIS DEKORATIF, PENGUKIR, DAN PENGETSA","7","PEKERJA PENGOLAHAN, KERAJINAN, DAN YBDI","7 > 73 > 731 > 7316","tidak","886"
"7316.01","731601","6","Jabatan","7316","PENGUKIR KACA","7","PEKERJA PENGOLAHAN, KERAJINAN, DAN YBDI","7 > 73 > 731 > 7316 > 7316.01","tidak","887"
"7316.02","731602","6","Jabatan","7316","PENGETSA KACA","7","PEKERJA PENGOLAHAN, KERAJINAN, DAN YBDI","7 > 73 > 731 > 7316 > 7316.02","tidak","887"
"7316.03","731603","6","Jabatan","7316","PELAPIS KACA","7","PEKERJA PENGOLAHAN, KERAJINAN, DAN YBDI","7 > 73 > 731 > 7316 > 7316.03","tidak","887"
"7316.04","731604","6","Jabatan","7316","PELUKIS DEKORATIF","7","PEKERJA PENGOLAHAN, KERAJINAN, DAN YBDI","7 > 73 > 731 > 7316 > 7316.04","tidak","887"
"7316.05","731605","6","Jabatan","7316","PEMBUAT PAPAN TANDA","7","PEKERJA PENGOLAHAN, KERAJINAN, DAN YBDI","7 > 73 > 731 > 7316 > 7316.05","tidak","887"
"7316.99","731699","6","Jabatan","7316","PEMBUAT PAPAN TANDA, PELUKIS DEKORATIF, PENGUKIR, DAN PENGETSA LAINNYA","7","PEKERJA PENGOLAHAN, KERAJINAN, DAN YBDI","7 > 73 > 731 > 7316 > 7316.99","ya","888"
"7317","7317","4","Subgolongan","731","PEMBUAT KERAJINAN DARI KAYU, KERANJANG ANYAMAN, DAN DARI BAHAN YBDI","7","PEKERJA PENGOLAHAN, KERAJINAN, DAN YBDI","7 > 73 > 731 > 7317","tidak","888"
"7317.01","731701","6","Jabatan","7317","PEMBUAT KERAJINAN DARI KAYU","7","PEKERJA PENGOLAHAN, KERAJINAN, DAN YBDI","7 > 73 > 731 > 7317 > 7317.01","tidak","888"
"7317.02","731702","6","Jabatan","7317","PEMBUAT KERAJINAN ANYAMAN","7","PEKERJA PENGOLAHAN, KERAJINAN, DAN YBDI","7 > 73 > 731 > 7317 > 7317.02","tidak","888"
"7317.03","731703","6","Jabatan","7317","PEMBUAT KERAJINAN KERANJANG ANYAMAN","7","PEKERJA PENGOLAHAN, KERAJINAN, DAN YBDI","7 > 73 > 731 > 7317 > 7317.03","tidak","889"
"7317.04","731704","6","Jabatan","7317","PEMBUAT KERAJINAN FURNITUR ANYAMAN","7","PEKERJA PENGOLAHAN, KERAJINAN, DAN YBDI","7 > 73 > 731 > 7317 > 7317.04","tidak","889"
"7317.05","731705","6","Jabatan","7317","PEMBUAT KERAJINAN SIKAT DAN SEJENISNYA","7","PEKERJA PENGOLAHAN, KERAJINAN, DAN YBDI","7 > 73 > 731 > 7317 > 7317.05","tidak","889"
"7317.06","731706","6","Jabatan","7317","PEMBUAT KERAJINAN DARI BATU","7","PEKERJA PENGOLAHAN, KERAJINAN, DAN YBDI","7 > 73 > 731 > 7317 > 7317.06","tidak","889"
"7317.99","731799","6","Jabatan","7317","PEMBUAT KERAJINAN DARI KAYU, KERANJANG ANYAMAN, DAN DARI BAHAN YBDI LAINNYA","7","PEKERJA PENGOLAHAN, KERAJINAN, DAN YBDI","7 > 73 > 731 > 7317 > 7317.99","ya","889"
"7318","7318","4","Subgolongan","731","PEMBUAT KERAJINAN DARI TEKSTIL, KULIT, DAN BAHAN YBDI","7","PEKERJA PENGOLAHAN, KERAJINAN, DAN YBDI","7 > 73 > 731 > 7318","tidak","889"
"7318.01","731801","6","Jabatan","7318","PEMBUAT KERAJINAN BARANG DARI KARPET","7","PEKERJA PENGOLAHAN, KERAJINAN, DAN YBDI","7 > 73 > 731 > 7318 > 7318.01","tidak","890"
"7318.02","731802","6","Jabatan","7318","PEMBUAT KERAJINAN BARANG DARI KULIT","7","PEKERJA PENGOLAHAN, KERAJINAN, DAN YBDI","7 > 73 > 731 > 7318 > 7318.02","tidak","890"
"7318.03","731803","6","Jabatan","7318","PEMBUAT KERAJINAN BARANG DARI TEKSTIL","7","PEKERJA PENGOLAHAN, KERAJINAN, DAN YBDI","7 > 73 > 731 > 7318 > 7318.03","tidak","890"
"7318.04","731804","6","Jabatan","7318","PEMBUAT BENANG TRADISIONAL (DRAWER, COMBER, ROVER)","7","PEKERJA PENGOLAHAN, KERAJINAN, DAN YBDI","7 > 73 > 731 > 7318 > 7318.04","tidak","890"
"7318.05","731805","6","Jabatan","7318","PEMBUAT KERAJINAN RAJUTAN","7","PEKERJA PENGOLAHAN, KERAJINAN, DAN YBDI","7 > 73 > 731 > 7318 > 7318.05","tidak","891"
"7318.06","731806","6","Jabatan","7318","PEMINTAL BENANG","7","PEKERJA PENGOLAHAN, KERAJINAN, DAN YBDI","7 > 73 > 731 > 7318 > 7318.06","tidak","891"
"7318.07","731807","6","Jabatan","7318","PEMBUAT KERAJINAN KAIN TENUN","7","PEKERJA PENGOLAHAN, KERAJINAN, DAN YBDI","7 > 73 > 731 > 7318 > 7318.07","tidak","891"
"7318.99","731899","6","Jabatan","7318","PEMBUAT KERAJINAN DARI TEKSTIL, KULIT, DAN BAHAN YBDI LAINNYA","7","PEKERJA PENGOLAHAN, KERAJINAN, DAN YBDI","7 > 73 > 731 > 7318 > 7318.99","ya","891"
"7319","7319","4","Subgolongan","731","PEMBUAT KERAJINAN YTDL","7","PEKERJA PENGOLAHAN, KERAJINAN, DAN YBDI","7 > 73 > 731 > 7319","ya","891"
"7319.01","731901","6","Jabatan","7319","PEMBUAT KERAJINAN LOGAM","7","PEKERJA PENGOLAHAN, KERAJINAN, DAN YBDI","7 > 73 > 731 > 7319 > 7319.01","tidak","891"
"7319.02","731902","6","Jabatan","7319","PEMBUAT KERAJINAN PERHIASAN IMITASI DARI LOGAM","7","PEKERJA PENGOLAHAN, KERAJINAN, DAN YBDI","7 > 73 > 731 > 7319 > 7319.02","tidak","892"
"7319.03","731903","6","Jabatan","7319","PERANGKAI BUNGA","7","PEKERJA PENGOLAHAN, KERAJINAN, DAN YBDI","7 > 73 > 731 > 7319 > 7319.03","tidak","892"
"7319.99","731999","6","Jabatan","7319","PEMBUAT KERAJINAN YTDL LAINNYA","7","PEKERJA PENGOLAHAN, KERAJINAN, DAN YBDI","7 > 73 > 731 > 7319 > 7319.99","ya","892"
"732","732","3","Golongan","73","PEKERJA PERCETAKAN","7","PEKERJA PENGOLAHAN, KERAJINAN, DAN YBDI","7 > 73 > 732","tidak","892"
"7321","7321","4","Subgolongan","732","PEKERJA PRACETAK","7","PEKERJA PENGOLAHAN, KERAJINAN, DAN YBDI","7 > 73 > 732 > 7321","tidak","892"
"7321.01","732101","6","Jabatan","7321","PEKERJA PENYUSUN HURUF","7","PEKERJA PENGOLAHAN, KERAJINAN, DAN YBDI","7 > 73 > 732 > 7321 > 7321.01","tidak","893"
"7321.02","732102","6","Jabatan","7321","OPERATOR DESKTOP PUBLISHING","7","PEKERJA PENGOLAHAN, KERAJINAN, DAN YBDI","7 > 73 > 732 > 7321 > 7321.02","tidak","893"
"7321.03","732103","6","Jabatan","7321","TEKNISI ELEKTRONIK PRACETAK","7","PEKERJA PENGOLAHAN, KERAJINAN, DAN YBDI","7 > 73 > 732 > 7321 > 7321.03","tidak","893"
"7321.04","732104","6","Jabatan","7321","PEMBUAT MASTER CETAK","7","PEKERJA PENGOLAHAN, KERAJINAN, DAN YBDI","7 > 73 > 732 > 7321 > 7321.04","tidak","893"
"7321.99","732199","6","Jabatan","7321","PEKERJA PRACETAK LAINNYA","7","PEKERJA PENGOLAHAN, KERAJINAN, DAN YBDI","7 > 73 > 732 > 7321 > 7321.99","ya","894"
"7322","7322","4","Subgolongan","732","PEKERJA PENCETAKAN","7","PEKERJA PENGOLAHAN, KERAJINAN, DAN YBDI","7 > 73 > 732 > 7322","tidak","894"
"7322.01","732201","6","Jabatan","7322","PENCETAK DENGAN BLOK","7","PEKERJA PENGOLAHAN, KERAJINAN, DAN YBDI","7 > 73 > 732 > 7322 > 7322.01","tidak","894"
"7322.02","732202","6","Jabatan","7322","OPERATOR MESIN CETAK DIGITAL","7","PEKERJA PENGOLAHAN, KERAJINAN, DAN YBDI","7 > 73 > 732 > 7322 > 7322.02","tidak","894"
"7322.03","732203","6","Jabatan","7322","OPERATOR FEEDER","7","PEKERJA PENGOLAHAN, KERAJINAN, DAN YBDI","7 > 73 > 732 > 7322 > 7322.03","tidak","894"
"7322.04","732204","6","Jabatan","7322","OPERATOR MESIN CETAK FLEXOGRAPHY","7","PEKERJA PENGOLAHAN, KERAJINAN, DAN YBDI","7 > 73 > 732 > 7322 > 7322.04","tidak","894"
"7322.05","732205","6","Jabatan","7322","OPERATOR MESIN CETAK GRAVURE","7","PEKERJA PENGOLAHAN, KERAJINAN, DAN YBDI","7 > 73 > 732 > 7322 > 7322.05","tidak","895"
"7322.06","732206","6","Jabatan","7322","TUKANG SABLON","7","PEKERJA PENGOLAHAN, KERAJINAN, DAN YBDI","7 > 73 > 732 > 7322 > 7322.06","tidak","895"
"7322.07","732207","6","Jabatan","7322","OPERATOR MESIN CETAK SABLON","7","PEKERJA PENGOLAHAN, KERAJINAN, DAN YBDI","7 > 73 > 732 > 7322 > 7322.07","tidak","895"
"7322.08","732208","6","Jabatan","7322","OPERATOR MESIN CETAK WEB","7","PEKERJA PENGOLAHAN, KERAJINAN, DAN YBDI","7 > 73 > 732 > 7322 > 7322.08","tidak","895"
"7322.99","732299","6","Jabatan","7322","PEKERJA PENCETAKAN LAINNYA","7","PEKERJA PENGOLAHAN, KERAJINAN, DAN YBDI","7 > 73 > 732 > 7322 > 7322.99","ya","895"
"7323","7323","4","Subgolongan","732","PEKERJA PENYELESAIAN DAN PENJILIDAN CETAKAN","7","PEKERJA PENGOLAHAN, KERAJINAN, DAN YBDI","7 > 73 > 732 > 7323","tidak","895"
"7323.01","732301","6","Jabatan","7323","PENJILID BUKU","7","PEKERJA PENGOLAHAN, KERAJINAN, DAN YBDI","7 > 73 > 732 > 7323 > 7323.01","tidak","896"
"7323.02","732302","6","Jabatan","7323","OPERATOR MESIN PENYUSUN CETAKAN","7","PEKERJA PENGOLAHAN, KERAJINAN, DAN YBDI","7 > 73 > 732 > 7323 > 7323.02","tidak","896"
"7323.03","732303","6","Jabatan","7323","OPERATOR MESIN PEMOTONG","7","PEKERJA PENGOLAHAN, KERAJINAN, DAN YBDI","7 > 73 > 732 > 7323 > 7323.03","tidak","896"
"7323.04","732304","6","Jabatan","7323","OPERATOR MESIN PELIPAT","7","PEKERJA PENGOLAHAN, KERAJINAN, DAN YBDI","7 > 73 > 732 > 7323 > 7323.04","tidak","896"
"7323.05","732305","6","Jabatan","7323","OPERATOR MESIN PENJILID","7","PEKERJA PENGOLAHAN, KERAJINAN, DAN YBDI","7 > 73 > 732 > 7323 > 7323.05","tidak","896"
"7323.99","732399","6","Jabatan","7323","PEKERJA PENYELESAIAN DAN PENJILIDAN CETAKAN LAINNYA","7","PEKERJA PENGOLAHAN, KERAJINAN, DAN YBDI","7 > 73 > 732 > 7323 > 7323.99","ya","897"
"74","74","2","Subgolongan pokok","7","PEKERJA KELISTRIKAN DAN ELEKTRONIK","7","PEKERJA PENGOLAHAN, KERAJINAN, DAN YBDI","7 > 74","tidak","897"
"741","741","3","Golongan","74","PEKERJA INSTALASI DAN REPARASI PERALATAN LISTRIK","7","PEKERJA PENGOLAHAN, KERAJINAN, DAN YBDI","7 > 74 > 741","tidak","897"
"7411","7411","4","Subgolongan","741","PEKERJA KELISTRIKAN BANGUNAN DAN YBDI","7","PEKERJA PENGOLAHAN, KERAJINAN, DAN YBDI","7 > 74 > 741 > 7411","tidak","898"
"7411.01","741101","6","Jabatan","7411","MONTIR LISTRIK","7","PEKERJA PENGOLAHAN, KERAJINAN, DAN YBDI","7 > 74 > 741 > 7411 > 7411.01","tidak","898"
"7411.02","741102","6","Jabatan","7411","PEKERJA REPARASI LISTRIK BANGUNAN","7","PEKERJA PENGOLAHAN, KERAJINAN, DAN YBDI","7 > 74 > 741 > 7411 > 7411.02","tidak","898"
"7411.99","741199","6","Jabatan","7411","PEKERJA KELISTRIKAN BANGUNAN DAN YBDI LAINNYA","7","PEKERJA PENGOLAHAN, KERAJINAN, DAN YBDI","7 > 74 > 741 > 7411 > 7411.99","ya","898"
"7412","7412","4","Subgolongan","741","MEKANIK DAN PEMASANG PERALATAN LISTRIK","7","PEKERJA PENGOLAHAN, KERAJINAN, DAN YBDI","7 > 74 > 741 > 7412","tidak","899"
"7412.01","741201","6","Jabatan","7412","PEMBANGUN ANGKER DINAMO","7","PEKERJA PENGOLAHAN, KERAJINAN, DAN YBDI","7 > 74 > 741 > 7412 > 7412.01","tidak","899"
"7412.02","741202","6","Jabatan","7412","PEMASANG GENERATOR LISTRIK","7","PEKERJA PENGOLAHAN, KERAJINAN, DAN YBDI","7 > 74 > 741 > 7412 > 7412.02","tidak","899"
"7412.03","741203","6","Jabatan","7412","MEKANIK LIFT","7","PEKERJA PENGOLAHAN, KERAJINAN, DAN YBDI","7 > 74 > 741 > 7412 > 7412.03","tidak","899"
"7412.99","741299","6","Jabatan","7412","MEKANIK DAN PEMASANG PERALATAN LISTRIK LAINNYA","7","PEKERJA PENGOLAHAN, KERAJINAN, DAN YBDI","7 > 74 > 741 > 7412 > 7412.99","ya","900"
"7413","7413","4","Subgolongan","741","PEKERJA INSTALASI DAN REPARASI JARINGAN LISTRIK","7","PEKERJA PENGOLAHAN, KERAJINAN, DAN YBDI","7 > 74 > 741 > 7413","tidak","900"
"7413.01","741301","6","Jabatan","7413","PEKERJA PENYAMBUNG KABEL LISTRIK","7","PEKERJA PENGOLAHAN, KERAJINAN, DAN YBDI","7 > 74 > 741 > 7413 > 7413.01","tidak","900"
"7413.02","741302","6","Jabatan","7413","PEKERJA JARINGAN TENAGA LISTRIK","7","PEKERJA PENGOLAHAN, KERAJINAN, DAN YBDI","7 > 74 > 741 > 7413 > 7413.02","tidak","900"
"7413.99","741399","6","Jabatan","7413","PEKERJA INSTALASI DAN REPARASI JARINGAN LISTRIK LAINNYA","7","PEKERJA PENGOLAHAN, KERAJINAN, DAN YBDI","7 > 74 > 741 > 7413 > 7413.99","ya","901"
"742","742","3","Golongan","74","PEKERJA INSTALASI DAN REPARASI ELEKTRONIK DAN TELEKOMUNIKASI","7","PEKERJA PENGOLAHAN, KERAJINAN, DAN YBDI","7 > 74 > 742","tidak","901"
"7421","7421","4","Subgolongan","742","PEKERJA MEKANIK DAN SERVIS PERALATAN ELEKTRONIK","7","PEKERJA PENGOLAHAN, KERAJINAN, DAN YBDI","7 > 74 > 742 > 7421","tidak","901"
"7421.01","742101","6","Jabatan","7421","TEKNISI DAN PEKERJA SERVIS AVIONIK","7","PEKERJA PENGOLAHAN, KERAJINAN, DAN YBDI","7 > 74 > 742 > 7421 > 7421.01","tidak","902"
"7421.02","742102","6","Jabatan","7421","MEKANIK MESIN ATM","7","PEKERJA PENGOLAHAN, KERAJINAN, DAN YBDI","7 > 74 > 742 > 7421 > 7421.02","tidak","902"
"7421.03","742103","6","Jabatan","7421","TEKNISI MESIN FOTOKOPI","7","PEKERJA PENGOLAHAN, KERAJINAN, DAN YBDI","7 > 74 > 742 > 7421 > 7421.03","tidak","902"
"7421.04","742104","6","Jabatan","7421","MEKANIK DAN SERVIS PERALATAN ELEKTRONIK RUMAH TANGGA","7","PEKERJA PENGOLAHAN, KERAJINAN, DAN YBDI","7 > 74 > 742 > 7421 > 7421.04","tidak","903"
"7421.99","742199","6","Jabatan","7421","PEKERJA MEKANIK DAN SERVIS PERALATAN ELEKTRONIK LAINNYA","7","PEKERJA PENGOLAHAN, KERAJINAN, DAN YBDI","7 > 74 > 742 > 7421 > 7421.99","ya","903"
"7422","7422","4","Subgolongan","742","PEKERJA INSTALASI DAN SERVIS PERALATAN TEKNOLOGI INFORMASI DAN KOMUNIKASI","7","PEKERJA PENGOLAHAN, KERAJINAN, DAN YBDI","7 > 74 > 742 > 7422","tidak","903"
"7422.01","742201","6","Jabatan","7422","PEKERJA INSTALASI DAN TEKNISI JARINGAN DATA DAN TELEKOMUNIKASI","7","PEKERJA PENGOLAHAN, KERAJINAN, DAN YBDI","7 > 74 > 742 > 7422 > 7422.01","tidak","903"
"7422.02","742202","6","Jabatan","7422","PEMASANG PERALATAN KOMPUTER","7","PEKERJA PENGOLAHAN, KERAJINAN, DAN YBDI","7 > 74 > 742 > 7422 > 7422.02","tidak","904"
"7422.03","742203","6","Jabatan","7422","TEKNISI PERALATAN KOMUNIKASI","7","PEKERJA PENGOLAHAN, KERAJINAN, DAN YBDI","7 > 74 > 742 > 7422 > 7422.03","tidak","904"
"7422.04","742204","6","Jabatan","7422","TEKNISI PERANGKAT KERAS","7","PEKERJA PENGOLAHAN, KERAJINAN, DAN YBDI","7 > 74 > 742 > 7422 > 7422.04","tidak","904"
"7422.99","742299","6","Jabatan","7422","PEKERJA INSTALASI DAN SERVIS PERALATAN TEKNOLOGI INFORMASI DAN KOMUNIKASI LAINNYA YTDL","7","PEKERJA PENGOLAHAN, KERAJINAN, DAN YBDI","7 > 74 > 742 > 7422 > 7422.99","ya","904"
"75","75","2","Subgolongan pokok","7","PEKERJA PENGOLAHAN MAKANAN, KAYU, GARMEN, DAN YBDI","7","PEKERJA PENGOLAHAN, KERAJINAN, DAN YBDI","7 > 75","tidak","904"
"751","751","3","Golongan","75","PEKERJA PENGOLAHAN MAKANAN DAN YBDI","7","PEKERJA PENGOLAHAN, KERAJINAN, DAN YBDI","7 > 75 > 751","tidak","905"
"7511","7511","4","Subgolongan","751","PEMOTONG HEWAN, PENJUAL IKAN SEGAR, DAN PENGOLAH MAKANAN YBDI","7","PEKERJA PENGOLAHAN, KERAJINAN, DAN YBDI","7 > 75 > 751 > 7511","tidak","905"
"7511.01","751101","6","Jabatan","7511","PEMOTONG DAGING","7","PEKERJA PENGOLAHAN, KERAJINAN, DAN YBDI","7 > 75 > 751 > 7511 > 7511.01","tidak","906"
"7511.02","751102","6","Jabatan","7511","PENYEMBELIH HEWAN","7","PEKERJA PENGOLAHAN, KERAJINAN, DAN YBDI","7 > 75 > 751 > 7511 > 7511.02","tidak","906"
"7511.03","751103","6","Jabatan","7511","TUKANG FILLET IKAN","7","PEKERJA PENGOLAHAN, KERAJINAN, DAN YBDI","7 > 75 > 751 > 7511 > 7511.03","tidak","906"
"7511.04","751104","6","Jabatan","7511","PENJUAL IKAN SEGAR","7","PEKERJA PENGOLAHAN, KERAJINAN, DAN YBDI","7 > 75 > 751 > 7511 > 7511.04","tidak","906"
"7511.05","751105","6","Jabatan","7511","PENGAWET DAGING DAN IKAN","7","PEKERJA PENGOLAHAN, KERAJINAN, DAN YBDI","7 > 75 > 751 > 7511 > 7511.05","tidak","906"
"7511.99","751199","6","Jabatan","7511","PEMOTONG HEWAN, PENJUAL IKAN SEGAR, DAN PENGOLAH MAKANAN YBDI LAINNYA","7","PEKERJA PENGOLAHAN, KERAJINAN, DAN YBDI","7 > 75 > 751 > 7511 > 7511.99","ya","906"
"7512","7512","4","Subgolongan","751","PEMBUAT ROTI, KUE, DAN KEMBANG GULA","7","PEKERJA PENGOLAHAN, KERAJINAN, DAN YBDI","7 > 75 > 751 > 7512","tidak","907"
"7512.01","751201","6","Jabatan","7512","PEMBUAT ROTI","7","PEKERJA PENGOLAHAN, KERAJINAN, DAN YBDI","7 > 75 > 751 > 7512 > 7512.01","tidak","907"
"7512.02","751202","6","Jabatan","7512","PEMBUAT KEMBANG GULA","7","PEKERJA PENGOLAHAN, KERAJINAN, DAN YBDI","7 > 75 > 751 > 7512 > 7512.02","tidak","907"
"7512.03","751203","6","Jabatan","7512","PEMBUAT COKELAT","7","PEKERJA PENGOLAHAN, KERAJINAN, DAN YBDI","7 > 75 > 751 > 7512 > 7512.03","tidak","908"
"7512.04","751204","6","Jabatan","7512","PEMBUAT KUE","7","PEKERJA PENGOLAHAN, KERAJINAN, DAN YBDI","7 > 75 > 751 > 7512 > 7512.04","tidak","908"
"7512.99","751299","6","Jabatan","7512","PEMBUAT ROTI, KUE, DAN KEMBANG GULA LAINNYA","7","PEKERJA PENGOLAHAN, KERAJINAN, DAN YBDI","7 > 75 > 751 > 7512 > 7512.99","ya","908"
"7513","7513","4","Subgolongan","751","PEMBUAT PRODUK SUSU","7","PEKERJA PENGOLAHAN, KERAJINAN, DAN YBDI","7 > 75 > 751 > 7513","tidak","908"
"7513.01","751301","6","Jabatan","7513","PEMBUAT YOGHURT","7","PEKERJA PENGOLAHAN, KERAJINAN, DAN YBDI","7 > 75 > 751 > 7513 > 7513.01","tidak","908"
"7513.02","751302","6","Jabatan","7513","PEMBUAT MENTEGA","7","PEKERJA PENGOLAHAN, KERAJINAN, DAN YBDI","7 > 75 > 751 > 7513 > 7513.02","tidak","909"
"7513.03","751303","6","Jabatan","7513","PEMBUAT KEJU","7","PEKERJA PENGOLAHAN, KERAJINAN, DAN YBDI","7 > 75 > 751 > 7513 > 7513.03","tidak","909"
"7513.99","751399","6","Jabatan","7513","PEMBUAT PRODUK SUSU LAINNYA","7","PEKERJA PENGOLAHAN, KERAJINAN, DAN YBDI","7 > 75 > 751 > 7513 > 7513.99","ya","909"
"7514","7514","4","Subgolongan","751","PENGAWET BUAH, SAYUR, DAN YBDI","7","PEKERJA PENGOLAHAN, KERAJINAN, DAN YBDI","7 > 75 > 751 > 7514","tidak","909"
"7514.01","751401","6","Jabatan","7514","PEMBUAT SARI BUAH","7","PEKERJA PENGOLAHAN, KERAJINAN, DAN YBDI","7 > 75 > 751 > 7514 > 7514.01","tidak","909"
"7514.02","751402","6","Jabatan","7514","PENGAWET BUAH","7","PEKERJA PENGOLAHAN, KERAJINAN, DAN YBDI","7 > 75 > 751 > 7514 > 7514.02","tidak","910"
"7514.03","751403","6","Jabatan","7514","PEMBUAT SELAI","7","PEKERJA PENGOLAHAN, KERAJINAN, DAN YBDI","7 > 75 > 751 > 7514 > 7514.03","tidak","910"
"7514.04","751404","6","Jabatan","7514","PENGEKSTRAK MINYAK","7","PEKERJA PENGOLAHAN, KERAJINAN, DAN YBDI","7 > 75 > 751 > 7514 > 7514.04","tidak","910"
"7514.05","751405","6","Jabatan","7514","PEMBUAT MANISAN BUAH-BUAHAN","7","PEKERJA PENGOLAHAN, KERAJINAN, DAN YBDI","7 > 75 > 751 > 7514 > 7514.05","tidak","910"
"7514.06","751406","6","Jabatan","7514","PENGAWET SAYURAN","7","PEKERJA PENGOLAHAN, KERAJINAN, DAN YBDI","7 > 75 > 751 > 7514 > 7514.06","tidak","910"
"7514.99","751499","6","Jabatan","7514","PENGAWET BUAH, SAYUR, DAN YBDI LAINNYA","7","PEKERJA PENGOLAHAN, KERAJINAN, DAN YBDI","7 > 75 > 751 > 7514 > 7514.99","ya","911"
"7515","7515","4","Subgolongan","751","AHLI PENCICIP DAN PENILAI KUALITAS MAKANAN DAN MINUMAN","7","PEKERJA PENGOLAHAN, KERAJINAN, DAN YBDI","7 > 75 > 751 > 7515","tidak","911"
"7515.01","751501","6","Jabatan","7515","PENILAI KUALITAS MAKANAN","7","PEKERJA PENGOLAHAN, KERAJINAN, DAN YBDI","7 > 75 > 751 > 7515 > 7515.01","tidak","911"
"7515.02","751502","6","Jabatan","7515","PENILAI KUALITAS MINUMAN","7","PEKERJA PENGOLAHAN, KERAJINAN, DAN YBDI","7 > 75 > 751 > 7515 > 7515.02","tidak","911"
"7515.03","751503","6","Jabatan","7515","AHLI PENCICIP MAKANAN","7","PEKERJA PENGOLAHAN, KERAJINAN, DAN YBDI","7 > 75 > 751 > 7515 > 7515.03","tidak","911"
"7515.04","751504","6","Jabatan","7515","AHLI PENCICIP MINUMAN KERAS","7","PEKERJA PENGOLAHAN, KERAJINAN, DAN YBDI","7 > 75 > 751 > 7515 > 7515.04","tidak","911"
"7515.05","751505","6","Jabatan","7515","AHLI PENCICIP MINUMAN TEH","7","PEKERJA PENGOLAHAN, KERAJINAN, DAN YBDI","7 > 75 > 751 > 7515 > 7515.05","tidak","912"
"7515.06","751506","6","Jabatan","7515","AHLI PENCICIP MINUMAN ANGGUR","7","PEKERJA PENGOLAHAN, KERAJINAN, DAN YBDI","7 > 75 > 751 > 7515 > 7515.06","tidak","912"
"7515.07","751507","6","Jabatan","7515","AHLI PENCICIP MINUMAN KOPI","7","PEKERJA PENGOLAHAN, KERAJINAN, DAN YBDI","7 > 75 > 751 > 7515 > 7515.07","tidak","912"
"7515.99","751599","6","Jabatan","7515","AHLI PENCICIP DAN PENILAI KUALITAS MAKANAN DAN MINUMAN LAINNYA","7","PEKERJA PENGOLAHAN, KERAJINAN, DAN YBDI","7 > 75 > 751 > 7515 > 7515.99","ya","912"
"7516","7516","4","Subgolongan","751","PENGOLAH TEMBAKAU DAN PEMBUAT PRODUK TEMBAKAU","7","PEKERJA PENGOLAHAN, KERAJINAN, DAN YBDI","7 > 75 > 751 > 7516","tidak","912"
"7516.01","751601","6","Jabatan","7516","PEMBUAT CERUTU","7","PEKERJA PENGOLAHAN, KERAJINAN, DAN YBDI","7 > 75 > 751 > 7516 > 7516.01","tidak","912"
"7516.02","751602","6","Jabatan","7516","PEMBUAT ROKOK","7","PEKERJA PENGOLAHAN, KERAJINAN, DAN YBDI","7 > 75 > 751 > 7516 > 7516.02","tidak","913"
"7516.03","751603","6","Jabatan","7516","PENILAI KUALITAS TEMBAKAU","7","PEKERJA PENGOLAHAN, KERAJINAN, DAN YBDI","7 > 75 > 751 > 7516 > 7516.03","tidak","913"
"7516.04","751604","6","Jabatan","7516","PENGOLAH DAUN TEMBAKAU","7","PEKERJA PENGOLAHAN, KERAJINAN, DAN YBDI","7 > 75 > 751 > 7516 > 7516.04","tidak","913"
"7516.99","751699","6","Jabatan","7516","PENGOLAH TEMBAKAU DAN PEMBUAT PRODUK TEMBAKAU LAINNYA","7","PEKERJA PENGOLAHAN, KERAJINAN, DAN YBDI","7 > 75 > 751 > 7516 > 7516.99","ya","913"
"752","752","3","Golongan","75","PEKERJA PENGOLAHAN KAYU, PEMBUAT FURNITUR, DAN YBDI","7","PEKERJA PENGOLAHAN, KERAJINAN, DAN YBDI","7 > 75 > 752","tidak","913"
"7521","7521","4","Subgolongan","752","PEKERJA PENGAWETAN KAYU","7","PEKERJA PENGOLAHAN, KERAJINAN, DAN YBDI","7 > 75 > 752 > 7521","tidak","914"
"7521.01","752101","6","Jabatan","7521","OPERATOR PENGERINGAN KAYU","7","PEKERJA PENGOLAHAN, KERAJINAN, DAN YBDI","7 > 75 > 752 > 7521 > 7521.01","tidak","914"
"7521.02","752102","6","Jabatan","7521","PEKERJA PENJEMURAN KAYU","7","PEKERJA PENGOLAHAN, KERAJINAN, DAN YBDI","7 > 75 > 752 > 7521 > 7521.02","tidak","915"
"7521.99","752199","6","Jabatan","7521","PEKERJA PENGAWETAN KAYU LAINNYA","7","PEKERJA PENGOLAHAN, KERAJINAN, DAN YBDI","7 > 75 > 752 > 7521 > 7521.99","ya","915"
"7522","7522","4","Subgolongan","752","PEMBUAT FURNITUR DAN YBDI","7","PEKERJA PENGOLAHAN, KERAJINAN, DAN YBDI","7 > 75 > 752 > 7522","tidak","915"
"7522.01","752201","6","Jabatan","7522","PEMBUAT LEMARI","7","PEKERJA PENGOLAHAN, KERAJINAN, DAN YBDI","7 > 75 > 752 > 7522 > 7522.01","tidak","915"
"7522.02","752202","6","Jabatan","7522","PEMBUAT FURNITUR","7","PEKERJA PENGOLAHAN, KERAJINAN, DAN YBDI","7 > 75 > 752 > 7522 > 7522.02","tidak","916"
"7522.03","752203","6","Jabatan","7522","PEMBUAT PEDATI","7","PEKERJA PENGOLAHAN, KERAJINAN, DAN YBDI","7 > 75 > 752 > 7522 > 7522.03","tidak","916"
"7522.99","752299","6","Jabatan","7522","PEMBUAT FURNITUR DAN YBDI LAINNYA","7","PEKERJA PENGOLAHAN, KERAJINAN, DAN YBDI","7 > 75 > 752 > 7522 > 7522.99","ya","916"
"7523","7523","4","Subgolongan","752","PENYETEL DAN OPERATOR MESIN PERKAKAS PENGOLAHAN KAYU","7","PEKERJA PENGOLAHAN, KERAJINAN, DAN YBDI","7 > 75 > 752 > 7523","tidak","916"
"7523.01","752301","6","Jabatan","7523","OPERATOR MESIN PERKAKAS PENGUKIR KAYU","7","PEKERJA PENGOLAHAN, KERAJINAN, DAN YBDI","7 > 75 > 752 > 7523 > 7523.01","tidak","917"
"7523.02","752302","6","Jabatan","7523","OPERATOR MESIN PERKAKAS PEMBUATAN FURNITUR","7","PEKERJA PENGOLAHAN, KERAJINAN, DAN YBDI","7 > 75 > 752 > 7523 > 7523.02","tidak","917"
"7523.03","752303","6","Jabatan","7523","OPERATOR MESIN PERKAKAS GERGAJI KAYU","7","PEKERJA PENGOLAHAN, KERAJINAN, DAN YBDI","7 > 75 > 752 > 7523 > 7523.03","tidak","917"
"7523.04","752304","6","Jabatan","7523","OPERATOR MESIN PERKAKAS PEMBUATAN PRODUK KAYU","7","PEKERJA PENGOLAHAN, KERAJINAN, DAN YBDI","7 > 75 > 752 > 7523 > 7523.04","tidak","917"
"7523.05","752305","6","Jabatan","7523","OPERATOR MESIN PERKAKAS BUBUT KAYU","7","PEKERJA PENGOLAHAN, KERAJINAN, DAN YBDI","7 > 75 > 752 > 7523 > 7523.05","tidak","917"
"7523.99","752399","6","Jabatan","7523","PENYETEL DAN OPERATOR MESIN PENGOLAHAN KAYU LAINNYA","7","PEKERJA PENGOLAHAN, KERAJINAN, DAN YBDI","7 > 75 > 752 > 7523 > 7523.99","ya","918"
"753","753","3","Golongan","75","PEKERJA GARMEN DAN YBDI","7","PEKERJA PENGOLAHAN, KERAJINAN, DAN YBDI","7 > 75 > 753","tidak","918"
"7531","7531","4","Subgolongan","753","PEMBUAT PAKAIAN, PAKAIAN DARI KULIT, DAN PENUTUP KEPALA","7","PEKERJA PENGOLAHAN, KERAJINAN, DAN YBDI","7 > 75 > 753 > 7531","tidak","918"
"7531.01","753101","6","Jabatan","7531","PEMBUAT PAKAIAN","7","PEKERJA PENGOLAHAN, KERAJINAN, DAN YBDI","7 > 75 > 753 > 7531 > 7531.01","tidak","919"
"7531.02","753102","6","Jabatan","7531","PEMBUAT PAKAIAN DARI KULIT","7","PEKERJA PENGOLAHAN, KERAJINAN, DAN YBDI","7 > 75 > 753 > 7531 > 7531.02","tidak","919"
"7531.03","753103","6","Jabatan","7531","PEMBUAT PENUTUP KEPALA","7","PEKERJA PENGOLAHAN, KERAJINAN, DAN YBDI","7 > 75 > 753 > 7531 > 7531.03","tidak","919"
"7531.99","753199","6","Jabatan","7531","PEMBUAT PAKAIAN, PAKAIAN DARI KULIT, DAN PENUTUP KEPALA LAINNYA","7","PEKERJA PENGOLAHAN, KERAJINAN, DAN YBDI","7 > 75 > 753 > 7531 > 7531.99","ya","920"
"7532","7532","4","Subgolongan","753","PEMBUAT DAN PEMOTONG POLA GARMEN DAN YBDI","7","PEKERJA PENGOLAHAN, KERAJINAN, DAN YBDI","7 > 75 > 753 > 7532","tidak","920"
"7532.01","753201","6","Jabatan","7532","PEMOTONG GARMEN","7","PEKERJA PENGOLAHAN, KERAJINAN, DAN YBDI","7 > 75 > 753 > 7532 > 7532.01","tidak","920"
"7532.02","753202","6","Jabatan","7532","PEMOTONG SARUNG TANGAN","7","PEKERJA PENGOLAHAN, KERAJINAN, DAN YBDI","7 > 75 > 753 > 7532 > 7532.02","tidak","921"
"7532.03","753203","6","Jabatan","7532","PEMBUAT POLA BAHAN BULU","7","PEKERJA PENGOLAHAN, KERAJINAN, DAN YBDI","7 > 75 > 753 > 7532 > 7532.03","tidak","921"
"7532.04","753204","6","Jabatan","7532","PEMBUAT POLA GARMEN","7","PEKERJA PENGOLAHAN, KERAJINAN, DAN YBDI","7 > 75 > 753 > 7532 > 7532.04","tidak","921"
"7532.99","753299","6","Jabatan","7532","PEMBUAT DAN PEMOTONG POLA GARMEN DAN YBDI LAINNYA","7","PEKERJA PENGOLAHAN, KERAJINAN, DAN YBDI","7 > 75 > 753 > 7532 > 7532.99","ya","921"
"7533","7533","4","Subgolongan","753","TUKANG JAHIT, PENYULAM, DAN YBDI","7","PEKERJA PENGOLAHAN, KERAJINAN, DAN YBDI","7 > 75 > 753 > 7533","tidak","921"
"7533.01","753301","6","Jabatan","7533","PENYULAM","7","PEKERJA PENGOLAHAN, KERAJINAN, DAN YBDI","7 > 75 > 753 > 7533 > 7533.01","tidak","922"
"7533.02","753302","6","Jabatan","7533","TUKANG JAHIT","7","PEKERJA PENGOLAHAN, KERAJINAN, DAN YBDI","7 > 75 > 753 > 7533 > 7533.02","tidak","922"
"7533.03","753303","6","Jabatan","7533","TUKANG JAHIT PAYUNG","7","PEKERJA PENGOLAHAN, KERAJINAN, DAN YBDI","7 > 75 > 753 > 7533 > 7533.03","tidak","922"
"7533.99","753399","6","Jabatan","7533","PENJAHIT, PENYULAM, DAN YBDI LAINNYA","7","PEKERJA PENGOLAHAN, KERAJINAN, DAN YBDI","7 > 75 > 753 > 7533 > 7533.99","ya","923"
"7534","7534","4","Subgolongan","753","PELAPIS FURNITUR (UPHOLSTER) DAN YBDI","7","PEKERJA PENGOLAHAN, KERAJINAN, DAN YBDI","7 > 75 > 753 > 7534","tidak","923"
"7534.01","753401","6","Jabatan","7534","PEMBUAT KASUR","7","PEKERJA PENGOLAHAN, KERAJINAN, DAN YBDI","7 > 75 > 753 > 7534 > 7534.01","tidak","923"
"7534.02","753402","6","Jabatan","7534","PELAPIS PERABOTAN RUMAH","7","PEKERJA PENGOLAHAN, KERAJINAN, DAN YBDI","7 > 75 > 753 > 7534 > 7534.02","tidak","923"
"7534.03","753403","6","Jabatan","7534","PELAPIS FURNITUR KENDARAAN","7","PEKERJA PENGOLAHAN, KERAJINAN, DAN YBDI","7 > 75 > 753 > 7534 > 7534.03","tidak","924"
"7534.99","753499","6","Jabatan","7534","PELAPIS FURNITUR (UPHOLSTER) DAN YBDI LAINNYA","7","PEKERJA PENGOLAHAN, KERAJINAN, DAN YBDI","7 > 75 > 753 > 7534 > 7534.99","ya","924"
"7535","7535","4","Subgolongan","753","PEMBERSIH KULIT, PENYAMAK KULIT, DAN PEWARNA KULIT","7","PEKERJA PENGOLAHAN, KERAJINAN, DAN YBDI","7 > 75 > 753 > 7535","tidak","924"
"7535.01","753501","6","Jabatan","7535","PEMBERSIH KULIT","7","PEKERJA PENGOLAHAN, KERAJINAN, DAN YBDI","7 > 75 > 753 > 7535 > 7535.01","tidak","925"
"7535.02","753502","6","Jabatan","7535","PENGUJI KUALITAS KULIT","7","PEKERJA PENGOLAHAN, KERAJINAN, DAN YBDI","7 > 75 > 753 > 7535 > 7535.02","tidak","925"
"7535.03","753503","6","Jabatan","7535","PENYAMAK KULIT","7","PEKERJA PENGOLAHAN, KERAJINAN, DAN YBDI","7 > 75 > 753 > 7535 > 7535.03","tidak","925"
"7535.99","753599","6","Jabatan","7535","PEMBERSIH KULIT, PENYAMAK KULIT, DAN PEWARNA KULIT LAINNYA","7","PEKERJA PENGOLAHAN, KERAJINAN, DAN YBDI","7 > 75 > 753 > 7535 > 7535.99","ya","925"
"7536","7536","4","Subgolongan","753","PEMBUAT SEPATU DAN YBDI","7","PEKERJA PENGOLAHAN, KERAJINAN, DAN YBDI","7 > 75 > 753 > 7536","tidak","925"
"7536.01","753601","6","Jabatan","7536","PEMBUAT SEPATU","7","PEKERJA PENGOLAHAN, KERAJINAN, DAN YBDI","7 > 75 > 753 > 7536 > 7536.01","tidak","926"
"7536.02","753602","6","Jabatan","7536","TUKANG REPARASI SEPATU","7","PEKERJA PENGOLAHAN, KERAJINAN, DAN YBDI","7 > 75 > 753 > 7536 > 7536.02","tidak","926"
"7536.03","753603","6","Jabatan","7536","PEMBUAT SEPATU ORTOPEDIK","7","PEKERJA PENGOLAHAN, KERAJINAN, DAN YBDI","7 > 75 > 753 > 7536 > 7536.03","tidak","926"
"7536.04","753604","6","Jabatan","7536","PEMBUAT PELANA","7","PEKERJA PENGOLAHAN, KERAJINAN, DAN YBDI","7 > 75 > 753 > 7536 > 7536.04","tidak","926"
"7536.99","753699","6","Jabatan","7536","PEMBUAT SEPATU DAN YBDI LAINNYA","7","PEKERJA PENGOLAHAN, KERAJINAN, DAN YBDI","7 > 75 > 753 > 7536 > 7536.99","ya","927"
"754","754","3","Golongan","75","PEKERJA PENGOLAHAN LAINNYA DAN YBDI","7","PEKERJA PENGOLAHAN, KERAJINAN, DAN YBDI","7 > 75 > 754","tidak","927"
"7541","7541","4","Subgolongan","754","PEKERJA BAWAH AIR","7","PEKERJA PENGOLAHAN, KERAJINAN, DAN YBDI","7 > 75 > 754 > 7541","tidak","927"
"7541.01","754101","6","Jabatan","7541","PETUGAS PENYELAMAT BAWAH AIR","7","PEKERJA PENGOLAHAN, KERAJINAN, DAN YBDI","7 > 75 > 754 > 7541 > 7541.01","tidak","928"
"7541.02","754102","6","Jabatan","7541","PEKERJA BAWAH AIR PERKAPALAN","7","PEKERJA PENGOLAHAN, KERAJINAN, DAN YBDI","7 > 75 > 754 > 7541 > 7541.02","tidak","928"
"7541.03","754103","6","Jabatan","7541","PEKERJA BAWAH AIR PERTAMBANGAN","7","PEKERJA PENGOLAHAN, KERAJINAN, DAN YBDI","7 > 75 > 754 > 7541 > 7541.03","tidak","928"
"7541.04","754104","6","Jabatan","7541","PEKERJA BAWAH AIR KONSTRUKSI","7","PEKERJA PENGOLAHAN, KERAJINAN, DAN YBDI","7 > 75 > 754 > 7541 > 7541.04","tidak","928"
"7541.05","754105","6","Jabatan","7541","PEKERJA BAWAH AIR PERIKANAN","7","PEKERJA PENGOLAHAN, KERAJINAN, DAN YBDI","7 > 75 > 754 > 7541 > 7541.05","tidak","929"
"7541.99","754199","6","Jabatan","7541","PEKERJA BAWAH AIR LAINNYA","7","PEKERJA PENGOLAHAN, KERAJINAN, DAN YBDI","7 > 75 > 754 > 7541 > 7541.99","ya","929"
"7542","7542","4","Subgolongan","754","JURU LEDAK DAN JURU TEMBAK","7","PEKERJA PENGOLAHAN, KERAJINAN, DAN YBDI","7 > 75 > 754 > 7542","tidak","929"
"7542.01","754201","6","Jabatan","7542","PEKERJA JURU LEDAK TAMBANG","7","PEKERJA PENGOLAHAN, KERAJINAN, DAN YBDI","7 > 75 > 754 > 7542 > 7542.01","tidak","929"
"7542.02","754202","6","Jabatan","7542","JURU LEDAK SEISMIK","7","PEKERJA PENGOLAHAN, KERAJINAN, DAN YBDI","7 > 75 > 754 > 7542 > 7542.02","tidak","930"
"7542.99","754299","6","Jabatan","7542","JURU LEDAK DAN JURU TEMBAK LAINNYA","7","PEKERJA PENGOLAHAN, KERAJINAN, DAN YBDI","7 > 75 > 754 > 7542 > 7542.99","ya","930"
"7543","7543","4","Subgolongan","754","PENGUJI DAN PENILAI KUALITAS PRODUK (SELAIN PRODUK MAKANAN DAN MINUMAN)","7","PEKERJA PENGOLAHAN, KERAJINAN, DAN YBDI","7 > 75 > 754 > 7543","tidak","930"
"7543.01","754301","6","Jabatan","7543","PENGUJI KUALITAS PRODUK (SELAIN PRODUK MAKANAN DAN MINUMAN)","7","PEKERJA PENGOLAHAN, KERAJINAN, DAN YBDI","7 > 75 > 754 > 7543 > 7543.01","tidak","930"
"7543.02","754302","6","Jabatan","7543","PENILAI KUALITAS PRODUK (SELAIN PRODUK MAKANAN DAN MINUMAN)","7","PEKERJA PENGOLAHAN, KERAJINAN, DAN YBDI","7 > 75 > 754 > 7543 > 7543.02","tidak","931"
"7543.03","754303","6","Jabatan","7543","PENGUJI KUALITAS PRODUK JASA","7","PEKERJA PENGOLAHAN, KERAJINAN, DAN YBDI","7 > 75 > 754 > 7543 > 7543.03","tidak","931"
"7543.99","754399","6","Jabatan","7543","PENGUJI DAN PENILAI KUALITAS PRODUK (SELAIN PRODUK MAKANAN DAN MINUMAN) LAINNYA","7","PEKERJA PENGOLAHAN, KERAJINAN, DAN YBDI","7 > 75 > 754 > 7543 > 7543.99","ya","931"
"7544","7544","4","Subgolongan","754","PENGENDALI DAN PEMBASMI HAMA DAN GULMA","7","PEKERJA PENGOLAHAN, KERAJINAN, DAN YBDI","7 > 75 > 754 > 7544","tidak","931"
"7544.01","754401","6","Jabatan","7544","PEKERJA PENGASAPAN DESINFEKTAN","7","PEKERJA PENGOLAHAN, KERAJINAN, DAN YBDI","7 > 75 > 754 > 7544 > 7544.01","tidak","932"
"7544.02","754402","6","Jabatan","7544","PENGENDALI HAMA","7","PEKERJA PENGOLAHAN, KERAJINAN, DAN YBDI","7 > 75 > 754 > 7544 > 7544.02","tidak","932"
"7544.03","754403","6","Jabatan","7544","PENGENDALI GULMA","7","PEKERJA PENGOLAHAN, KERAJINAN, DAN YBDI","7 > 75 > 754 > 7544 > 7544.03","tidak","932"
"7544.99","754499","6","Jabatan","7544","PENGENDALI DAN PEMBASMI HAMA DAN GULMA LAINNYA","7","PEKERJA PENGOLAHAN, KERAJINAN, DAN YBDI","7 > 75 > 754 > 7544 > 7544.99","ya","932"
"7549","7549","4","Subgolongan","754","PEKERJA PENGOLAHAN LAINNYA YTDL","7","PEKERJA PENGOLAHAN, KERAJINAN, DAN YBDI","7 > 75 > 754 > 7549","ya","932"
"7549.01","754901","6","Jabatan","7549","PEKERJA PEMBENTUK LENSA OPTIK","7","PEKERJA PENGOLAHAN, KERAJINAN, DAN YBDI","7 > 75 > 754 > 7549 > 7549.01","tidak","933"
"7549.02","754902","6","Jabatan","7549","PEKERJA PENYELESAIAN LENSA OPTIK","7","PEKERJA PENGOLAHAN, KERAJINAN, DAN YBDI","7 > 75 > 754 > 7549 > 7549.02","tidak","933"
"7549.99","754999","6","Jabatan","7549","PEKERJA PENGOLAHAN LAINNYA YTDL","7","PEKERJA PENGOLAHAN, KERAJINAN, DAN YBDI","7 > 75 > 754 > 7549 > 7549.99","ya","933"
"8","8","1","Golongan pokok","","OPERATOR DAN PERAKIT MESIN","8","OPERATOR DAN PERAKIT MESIN","8","tidak","937"
"81","81","2","Subgolongan pokok","8","OPERATOR MESIN STASIONER DAN YBDI","8","OPERATOR DAN PERAKIT MESIN","8 > 81","tidak","937"
"811","811","3","Golongan","81","OPERATOR MESIN PENGOLAHAN BAHAN TAMBANG DAN MINERAL","8","OPERATOR DAN PERAKIT MESIN","8 > 81 > 811","tidak","938"
"8111","8111","4","Subgolongan","811","PEKERJA TAMBANG DAN PEKERJA PENGGALIAN","8","OPERATOR DAN PERAKIT MESIN","8 > 81 > 811 > 8111","tidak","938"
"8111.01","811101","6","Jabatan","8111","PEKERJA TAMBANG","8","OPERATOR DAN PERAKIT MESIN","8 > 81 > 811 > 8111 > 8111.01","tidak","939"
"8111.02","811102","6","Jabatan","8111","PEKERJA PENGGALIAN","8","OPERATOR DAN PERAKIT MESIN","8 > 81 > 811 > 8111 > 8111.02","tidak","939"
"8111.03","811103","6","Jabatan","8111","OPERATOR MESIN PERTAMBANGAN","8","OPERATOR DAN PERAKIT MESIN","8 > 81 > 811 > 8111 > 8111.03","tidak","940"
"8111.04","811104","6","Jabatan","8111","OPERATOR MESIN PERTAMBANGAN KONTINU","8","OPERATOR DAN PERAKIT MESIN","8 > 81 > 811 > 8111 > 8111.04","tidak","940"
"8111.05","811105","6","Jabatan","8111","OPERATOR BOGGER","8","OPERATOR DAN PERAKIT MESIN","8 > 81 > 811 > 8111 > 8111.05","tidak","940"
"8111.06","811106","6","Jabatan","8111","OPERATOR DRAGLINE","8","OPERATOR DAN PERAKIT MESIN","8 > 81 > 811 > 8111 > 8111.06","tidak","941"
"8111.07","811107","6","Jabatan","8111","ROOF BOLTER","8","OPERATOR DAN PERAKIT MESIN","8 > 81 > 811 > 8111 > 8111.07","tidak","941"
"8111.08","811108","6","Jabatan","8111","JURU UKUR TAMBANG","8","OPERATOR DAN PERAKIT MESIN","8 > 81 > 811 > 8111 > 8111.08","tidak","941"
"8111.09","811109","6","Jabatan","8111","OPERATOR VENTILASI TAMBANG","8","OPERATOR DAN PERAKIT MESIN","8 > 81 > 811 > 8111 > 8111.09","tidak","941"
"8111.10","811110","6","Jabatan","8111","OPERATOR PENYALIRAN TAMBANG","8","OPERATOR DAN PERAKIT MESIN","8 > 81 > 811 > 8111 > 8111.10","tidak","941"
"8111.99","811199","6","Jabatan","8111","PEKERJA TAMBANG DAN PEKERJA PENGGALIAN LAINNYA","8","OPERATOR DAN PERAKIT MESIN","8 > 81 > 811 > 8111 > 8111.99","ya","942"
"8112","8112","4","Subgolongan","811","OPERATOR MESIN PENGOLAHAN BIJIH MINERAL DAN BATU","8","OPERATOR DAN PERAKIT MESIN","8 > 81 > 811 > 8112","tidak","942"
"8112.01","811201","6","Jabatan","8112","OPERATOR MESIN PEMECAH MINERAL DAN BATU","8","OPERATOR DAN PERAKIT MESIN","8 > 81 > 811 > 8112 > 8112.01","tidak","942"
"8112.02","811202","6","Jabatan","8112","PEKERJA FLOTASI","8","OPERATOR DAN PERAKIT MESIN","8 > 81 > 811 > 8112 > 8112.02","tidak","943"
"8112.03","811203","6","Jabatan","8112","PENAMBANG EMAS","8","OPERATOR DAN PERAKIT MESIN","8 > 81 > 811 > 8112 > 8112.03","tidak","943"
"8112.04","811204","6","Jabatan","8112","OPERATOR MESIN PEMOTONG DAN PENGOLAH BATU","8","OPERATOR DAN PERAKIT MESIN","8 > 81 > 811 > 8112 > 8112.04","tidak","943"
"8112.05","811205","6","Jabatan","8112","OPERATOR MESIN PENGGILING MINERAL","8","OPERATOR DAN PERAKIT MESIN","8 > 81 > 811 > 8112 > 8112.05","tidak","943"
"8112.99","811299","6","Jabatan","8112","OPERATOR MESIN PENGOLAHAN BIJIH MINERAL DAN BATU LAINNYA","8","OPERATOR DAN PERAKIT MESIN","8 > 81 > 811 > 8112 > 8112.99","ya","944"
"8113","8113","4","Subgolongan","811","PEKERJA PENGEBORAN DAN PENGGALIAN SUMUR YBDI","8","OPERATOR DAN PERAKIT MESIN","8 > 81 > 811 > 8113","tidak","944"
"8113.01","811301","6","Jabatan","8113","OPERATOR PERALATAN PENGEBORAN","8","OPERATOR DAN PERAKIT MESIN","8 > 81 > 811 > 8113 > 8113.01","tidak","945"
"8113.02","811302","6","Jabatan","8113","PEKERJA BOR","8","OPERATOR DAN PERAKIT MESIN","8 > 81 > 811 > 8113 > 8113.02","tidak","945"
"8113.03","811303","6","Jabatan","8113","PEKERJA DEREK","8","OPERATOR DAN PERAKIT MESIN","8 > 81 > 811 > 8113 > 8113.03","tidak","945"
"8113.04","811304","6","Jabatan","8113","OPERATOR PERAWATAN SUMUR","8","OPERATOR DAN PERAKIT MESIN","8 > 81 > 811 > 8113 > 8113.04","tidak","946"
"8113.05","811305","6","Jabatan","8113","OPERATOR PENGUJIAN SUMUR","8","OPERATOR DAN PERAKIT MESIN","8 > 81 > 811 > 8113 > 8113.05","tidak","946"
"8113.99","811399","6","Jabatan","8113","PEKERJA PENGEBORAN DAN PENGGALIAN SUMUR YBDI LAINNYA","8","OPERATOR DAN PERAKIT MESIN","8 > 81 > 811 > 8113 > 8113.99","ya","946"
"8114","8114","4","Subgolongan","811","OPERATOR MESIN PENGOLAHAN SEMEN, BATU, DAN MINERAL LAINNYA","8","OPERATOR DAN PERAKIT MESIN","8 > 81 > 811 > 8114","tidak","946"
"8114.01","811401","6","Jabatan","8114","OPERATOR MESIN PRODUKSI BETON","8","OPERATOR DAN PERAKIT MESIN","8 > 81 > 811 > 8114 > 8114.01","tidak","947"
"8114.02","811402","6","Jabatan","8114","OPERATOR MESIN PRODUKSI BATU CETAK","8","OPERATOR DAN PERAKIT MESIN","8 > 81 > 811 > 8114 > 8114.02","tidak","948"
"8114.03","811403","6","Jabatan","8114","OPERATOR MESIN INDUSTRI PEMOLESAN INTAN","8","OPERATOR DAN PERAKIT MESIN","8 > 81 > 811 > 8114 > 8114.03","tidak","948"
"8114.04","811404","6","Jabatan","8114","OPERATOR KILN (MESIN PEMBAKARAN) PRODUK SEMEN","8","OPERATOR DAN PERAKIT MESIN","8 > 81 > 811 > 8114 > 8114.04","tidak","948"
"8114.05","811405","6","Jabatan","8114","OPERATOR MESIN PENCAMPUR ASPAL","8","OPERATOR DAN PERAKIT MESIN","8 > 81 > 811 > 8114 > 8114.05","tidak","948"
"8114.06","811406","6","Jabatan","8114","OPERATOR MESIN PEMOLESAN BATU","8","OPERATOR DAN PERAKIT MESIN","8 > 81 > 811 > 8114 > 8114.06","tidak","948"
"8114.99","811499","6","Jabatan","8114","OPERATOR MESIN PENGOLAHAN SEMEN, BATU, DAN MINERAL LAINNYA YTDL","8","OPERATOR DAN PERAKIT MESIN","8 > 81 > 811 > 8114 > 8114.99","ya","949"
"812","812","3","Golongan","81","OPERATOR MESIN PENGOLAHAN LOGAM","8","OPERATOR DAN PERAKIT MESIN","8 > 81 > 812","tidak","949"
"8121","8121","4","Subgolongan","812","OPERATOR MESIN PENGOLAHAN LOGAM","8","OPERATOR DAN PERAKIT MESIN","8 > 81 > 812 > 8121","tidak","949"
"8121.01","812101","6","Jabatan","8121","OPERATOR MESIN PENUANG (LADLE POURER)","8","OPERATOR DAN PERAKIT MESIN","8 > 81 > 812 > 8121 > 8121.01","tidak","950"
"8121.02","812102","6","Jabatan","8121","PEKERJA PENGGULUNG BAJA","8","OPERATOR DAN PERAKIT MESIN","8 > 81 > 812 > 8121 > 8121.02","tidak","950"
"8121.03","812103","6","Jabatan","8121","OPERATOR MESIN PENGOLAHAN PANAS LOGAM","8","OPERATOR DAN PERAKIT MESIN","8 > 81 > 812 > 8121 > 8121.03","tidak","951"
"8121.04","812104","6","Jabatan","8121","OPERATOR MESIN PENGEKSTRUSI LOGAM","8","OPERATOR DAN PERAKIT MESIN","8 > 81 > 812 > 8121 > 8121.04","tidak","951"
"8121.05","812105","6","Jabatan","8121","OPERATOR MESIN PEMURNIAN LOGAM","8","OPERATOR DAN PERAKIT MESIN","8 > 81 > 812 > 8121 > 8121.05","tidak","951"
"8121.99","812199","6","Jabatan","8121","OPERATOR MESIN PENGOLAHAN LOGAM LAINNYA","8","OPERATOR DAN PERAKIT MESIN","8 > 81 > 812 > 8121 > 8121.99","ya","951"
"8122","8122","4","Subgolongan","812","OPERATOR MESIN PENYELESAIAN, PENYEPUHAN, DAN PELAPISAN LOGAM","8","OPERATOR DAN PERAKIT MESIN","8 > 81 > 812 > 8122","tidak","951"
"8122.01","812201","6","Jabatan","8122","OPERATOR MESIN PELAPIS LOGAM/SEPUH (LISTRIK)","8","OPERATOR DAN PERAKIT MESIN","8 > 81 > 812 > 8122 > 8122.01","tidak","952"
"8122.02","812202","6","Jabatan","8122","OPERATOR MESIN PELAPIS LOGAM/SEPUH (CELUP)","8","OPERATOR DAN PERAKIT MESIN","8 > 81 > 812 > 8122 > 8122.02","tidak","952"
"8122.03","812203","6","Jabatan","8122","OPERATOR MESIN PELAPIS LOGAM/SEMPROT LOGAM","8","OPERATOR DAN PERAKIT MESIN","8 > 81 > 812 > 8122 > 8122.03","tidak","953"
"8122.99","812299","6","Jabatan","8122","OPERATOR MESIN PENYELESAIAN, PENYEPUHAN, DAN PELAPISAN LOGAM LAINNYA","8","OPERATOR DAN PERAKIT MESIN","8 > 81 > 812 > 8122 > 8122.99","ya","953"
"813","813","3","Golongan","81","OPERATOR MESIN PENGOLAHAN BAHAN KIMIA DAN FOTOGRAFI","8","OPERATOR DAN PERAKIT MESIN","8 > 81 > 813","tidak","953"
"8131","8131","4","Subgolongan","813","OPERATOR MESIN PENGOLAHAN BAHAN KIMIA","8","OPERATOR DAN PERAKIT MESIN","8 > 81 > 813 > 8131","tidak","954"
"8131.01","813101","6","Jabatan","8131","OPERATOR MESIN BLENDER","8","OPERATOR DAN PERAKIT MESIN","8 > 81 > 813 > 8131 > 8131.01","tidak","954"
"8131.02","813102","6","Jabatan","8131","OPERATOR MESIN PENYULINGAN MINYAK BUMI DAN GAS ALAM","8","OPERATOR DAN PERAKIT MESIN","8 > 81 > 813 > 8131 > 8131.02","tidak","955"
"8131.03","813103","6","Jabatan","8131","OPERATOR MESIN PENYULINGAN SELAIN MINYAK BUMI DAN GAS ALAM","8","OPERATOR DAN PERAKIT MESIN","8 > 81 > 813 > 8131 > 8131.03","tidak","955"
"8131.04","813104","6","Jabatan","8131","OPERATOR MESIN FARMASI DAN KEPERLUAN KEBERSIHAN PRIBADI","8","OPERATOR DAN PERAKIT MESIN","8 > 81 > 813 > 8131 > 8131.04","tidak","955"
"8131.05","813105","6","Jabatan","8131","OPERATOR MESIN PRODUKSI LILIN","8","OPERATOR DAN PERAKIT MESIN","8 > 81 > 813 > 8131 > 8131.05","tidak","956"
"8131.06","813106","6","Jabatan","8131","OPERATOR MESIN PRODUKSI BAHAN PELEDAK","8","OPERATOR DAN PERAKIT MESIN","8 > 81 > 813 > 8131 > 8131.06","tidak","956"
"8131.07","813107","6","Jabatan","8131","OPERATOR MESIN SPINNER PENGOLAHAN SAMPAH","8","OPERATOR DAN PERAKIT MESIN","8 > 81 > 813 > 8131 > 8131.07","tidak","956"
"8131.99","813199","6","Jabatan","8131","OPERATOR MESIN PENGOLAHAN BAHAN KIMIA LAINNYA","8","OPERATOR DAN PERAKIT MESIN","8 > 81 > 813 > 8131 > 8131.99","ya","956"
"8132","8132","4","Subgolongan","813","OPERATOR MESIN PENGOLAHAN PRODUK FOTOGRAFI","8","OPERATOR DAN PERAKIT MESIN","8 > 81 > 813 > 8132","tidak","957"
"8132.01","813201","6","Jabatan","8132","TEKNISI KAMAR GELAP","8","OPERATOR DAN PERAKIT MESIN","8 > 81 > 813 > 8132 > 8132.01","tidak","957"
"8132.02","813202","6","Jabatan","8132","JURU PEMROSES FOTOGRAFI","8","OPERATOR DAN PERAKIT MESIN","8 > 81 > 813 > 8132 > 8132.02","tidak","957"
"8132.03","813203","6","Jabatan","8132","OPERATOR MESIN FOTOGRAFI","8","OPERATOR DAN PERAKIT MESIN","8 > 81 > 813 > 8132 > 8132.03","tidak","958"
"8132.04","813204","6","Jabatan","8132","JURU PENCETAK FOTOGRAFI","8","OPERATOR DAN PERAKIT MESIN","8 > 81 > 813 > 8132 > 8132.04","tidak","958"
"8132.05","813205","6","Jabatan","8132","OPERATOR MESIN PEMBUAT KERTAS DAN FILM FOTOGRAFI","8","OPERATOR DAN PERAKIT MESIN","8 > 81 > 813 > 8132 > 8132.05","tidak","958"
"8132.99","813299","6","Jabatan","8132","OPERATOR MESIN PENGOLAHAN PRODUK FOTOGRAFI LAINNYA","8","OPERATOR DAN PERAKIT MESIN","8 > 81 > 813 > 8132 > 8132.99","ya","958"
"814","814","3","Golongan","81","OPERATOR MESIN PENGOLAHAN KARET, PLASTIK, DAN KERTAS","8","OPERATOR DAN PERAKIT MESIN","8 > 81 > 814","tidak","958"
"8141","8141","4","Subgolongan","814","OPERATOR MESIN PENGOLAHAN KARET","8","OPERATOR DAN PERAKIT MESIN","8 > 81 > 814 > 8141","tidak","959"
"8141.01","814101","6","Jabatan","8141","OPERATOR MESIN EKSTRUSI KARET","8","OPERATOR DAN PERAKIT MESIN","8 > 81 > 814 > 8141 > 8141.01","tidak","960"
"8141.02","814102","6","Jabatan","8141","OPERATOR MESIN PENGGILINGAN KARET","8","OPERATOR DAN PERAKIT MESIN","8 > 81 > 814 > 8141 > 8141.02","tidak","960"
"8141.03","814103","6","Jabatan","8141","OPERATOR MESIN PENCETAK KARET","8","OPERATOR DAN PERAKIT MESIN","8 > 81 > 814 > 8141 > 8141.03","tidak","960"
"8141.04","814104","6","Jabatan","8141","OPERATOR MESIN PRODUK KARET","8","OPERATOR DAN PERAKIT MESIN","8 > 81 > 814 > 8141 > 8141.04","tidak","960"
"8141.05","814105","6","Jabatan","8141","OPERATOR MESIN PEMBUAT BAN","8","OPERATOR DAN PERAKIT MESIN","8 > 81 > 814 > 8141 > 8141.05","tidak","961"
"8141.06","814106","6","Jabatan","8141","JURU VULKANISIR BAN","8","OPERATOR DAN PERAKIT MESIN","8 > 81 > 814 > 8141 > 8141.06","tidak","961"
"8141.99","814199","6","Jabatan","8141","OPERATOR MESIN PENGOLAHAN KARET LAINNYA","8","OPERATOR DAN PERAKIT MESIN","8 > 81 > 814 > 8141 > 8141.99","ya","961"
"8142","8142","4","Subgolongan","814","OPERATOR MESIN PENGOLAHAN PLASTIK","8","OPERATOR DAN PERAKIT MESIN","8 > 81 > 814 > 8142","tidak","961"
"8142.01","814201","6","Jabatan","8142","OPERATOR MESIN PENIUP BOTOL PLASTIK","8","OPERATOR DAN PERAKIT MESIN","8 > 81 > 814 > 8142 > 8142.01","tidak","962"
"8142.02","814202","6","Jabatan","8142","OPERATOR MESIN PRES LAMINASI PLASTIK","8","OPERATOR DAN PERAKIT MESIN","8 > 81 > 814 > 8142 > 8142.02","tidak","962"
"8142.03","814203","6","Jabatan","8142","OPERATOR MESIN EKSTRUSI PLASTIK","8","OPERATOR DAN PERAKIT MESIN","8 > 81 > 814 > 8142 > 8142.03","tidak","962"
"8142.04","814204","6","Jabatan","8142","OPERATOR MESIN PRODUK PLASTIK","8","OPERATOR DAN PERAKIT MESIN","8 > 81 > 814 > 8142 > 8142.04","tidak","963"
"8142.05","814205","6","Jabatan","8142","OPERATOR MESIN PENGHANCUR PLASTIK","8","OPERATOR DAN PERAKIT MESIN","8 > 81 > 814 > 8142 > 8142.05","tidak","963"
"8142.99","814299","6","Jabatan","8142","OPERATOR MESIN PRODUK PLASTIK LAINNYA","8","OPERATOR DAN PERAKIT MESIN","8 > 81 > 814 > 8142 > 8142.99","ya","963"
"8143","8143","4","Subgolongan","814","OPERATOR MESIN PENGOLAHAN KERTAS","8","OPERATOR DAN PERAKIT MESIN","8 > 81 > 814 > 8143","tidak","963"
"8143.01","814301","6","Jabatan","8143","OPERATOR MESIN PRODUK KARTON","8","OPERATOR DAN PERAKIT MESIN","8 > 81 > 814 > 8143 > 8143.01","tidak","964"
"8143.02","814302","6","Jabatan","8143","OPERATOR MESIN PRODUK KOTAK KERTAS","8","OPERATOR DAN PERAKIT MESIN","8 > 81 > 814 > 8143 > 8143.02","tidak","964"
"8143.03","814303","6","Jabatan","8143","OPERATOR MESIN PRODUK AMPLOP DAN KANTONG KERTAS","8","OPERATOR DAN PERAKIT MESIN","8 > 81 > 814 > 8143 > 8143.03","tidak","964"
"8143.04","814304","6","Jabatan","8143","OPERATOR MESIN PRODUK KERTAS","8","OPERATOR DAN PERAKIT MESIN","8 > 81 > 814 > 8143 > 8143.04","tidak","964"
"8143.05","814305","6","Jabatan","8143","PENGHANCUR BUBUR KERTAS","8","OPERATOR DAN PERAKIT MESIN","8 > 81 > 814 > 8143 > 8143.05","tidak","965"
"8143.99","814399","6","Jabatan","8143","OPERATOR MESIN PENGOLAHAN KERTAS LAINNYA","8","OPERATOR DAN PERAKIT MESIN","8 > 81 > 814 > 8143 > 8143.99","ya","965"
"815","815","3","Golongan","81","OPERATOR MESIN PENGOLAHAN TEKSTIL, KULIT, DAN BULU","8","OPERATOR DAN PERAKIT MESIN","8 > 81 > 815","tidak","965"
"8151","8151","4","Subgolongan","815","OPERATOR MESIN PENYIAPAN, PEMINTALAN, DAN PENGGULUNGAN SERAT","8","OPERATOR DAN PERAKIT MESIN","8 > 81 > 815 > 8151","tidak","966"
"8151.01","815101","6","Jabatan","8151","OPERATOR MESIN PENYIAPAN SERAT","8","OPERATOR DAN PERAKIT MESIN","8 > 81 > 815 > 8151 > 8151.01","tidak","967"
"8151.02","815102","6","Jabatan","8151","OPERATOR MESIN PEMINTALAN BENANG","8","OPERATOR DAN PERAKIT MESIN","8 > 81 > 815 > 8151 > 8151.02","tidak","967"
"8151.03","815103","6","Jabatan","8151","OPERATOR MESIN PEMILINAN BENANG","8","OPERATOR DAN PERAKIT MESIN","8 > 81 > 815 > 8151 > 8151.03","tidak","967"
"8151.04","815104","6","Jabatan","8151","OPERATOR MESIN PENGGULUNGAN BENANG","8","OPERATOR DAN PERAKIT MESIN","8 > 81 > 815 > 8151 > 8151.04","tidak","967"
"8151.99","815199","6","Jabatan","8151","OPERATOR MESIN PENYIAPAN, PEMINTALAN, DAN PENGGULUNGAN SERAT LAINNYA","8","OPERATOR DAN PERAKIT MESIN","8 > 81 > 815 > 8151 > 8151.99","ya","968"
"8152","8152","4","Subgolongan","815","OPERATOR MESIN TENUN DAN RAJUT","8","OPERATOR DAN PERAKIT MESIN","8 > 81 > 815 > 8152","tidak","968"
"8152.01","815201","6","Jabatan","8152","OPERATOR MESIN RAJUT","8","OPERATOR DAN PERAKIT MESIN","8 > 81 > 815 > 8152 > 8152.01","tidak","968"
"8152.02","815202","6","Jabatan","8152","OPERATOR MESIN PRODUKSI JARING","8","OPERATOR DAN PERAKIT MESIN","8 > 81 > 815 > 8152 > 8152.02","tidak","969"
"8152.03","815203","6","Jabatan","8152","OPERATOR MESIN TENUN","8","OPERATOR DAN PERAKIT MESIN","8 > 81 > 815 > 8152 > 8152.03","tidak","969"
"8152.99","815299","6","Jabatan","8152","OPERATOR MESIN TENUN DAN RAJUT LAINNYA","8","OPERATOR DAN PERAKIT MESIN","8 > 81 > 815 > 8152 > 8152.99","ya","969"
"8153","8153","4","Subgolongan","815","OPERATOR MESIN JAHIT","8","OPERATOR DAN PERAKIT MESIN","8 > 81 > 815 > 8153","tidak","969"
"8153.01","815301","6","Jabatan","8153","OPERATOR MESIN OBRAS","8","OPERATOR DAN PERAKIT MESIN","8 > 81 > 815 > 8153 > 8153.01","tidak","970"
"8153.02","815302","6","Jabatan","8153","OPERATOR MESIN SULAM ATAU BORDIR","8","OPERATOR DAN PERAKIT MESIN","8 > 81 > 815 > 8153 > 8153.02","tidak","970"
"8153.99","815399","6","Jabatan","8153","OPERATOR MESIN JAHIT LAINNYA","8","OPERATOR DAN PERAKIT MESIN","8 > 81 > 815 > 8153 > 8153.99","ya","971"
"8154","8154","4","Subgolongan","815","OPERATOR MESIN PEMUTIHAN, PENCELUPAN, DAN PEMBERSIHAN KAIN","8","OPERATOR DAN PERAKIT MESIN","8 > 81 > 815 > 8154","tidak","971"
"8154.01","815401","6","Jabatan","8154","OPERATOR MESIN PEMUTIHAN KAIN","8","OPERATOR DAN PERAKIT MESIN","8 > 81 > 815 > 8154 > 8154.01","tidak","971"
"8154.02","815402","6","Jabatan","8154","OPERATOR MESIN PENCELUPAN TEKSTIL","8","OPERATOR DAN PERAKIT MESIN","8 > 81 > 815 > 8154 > 8154.02","tidak","972"
"8154.99","815499","6","Jabatan","8154","OPERATOR MESIN PEMUTIHAN, PENCELUPAN, DAN PEMBERSIHAN KAIN LAINNYA","8","OPERATOR DAN PERAKIT MESIN","8 > 81 > 815 > 8154 > 8154.99","ya","972"
"8155","8155","4","Subgolongan","815","OPERATOR MESIN PENYIAPAN BULU DAN KULIT","8","OPERATOR DAN PERAKIT MESIN","8 > 81 > 815 > 8155","tidak","972"
"8155.01","815501","6","Jabatan","8155","OPERATOR MESIN PEMBERSIHAN BULU JANGAT","8","OPERATOR DAN PERAKIT MESIN","8 > 81 > 815 > 8155 > 8155.01","tidak","973"
"8155.02","815502","6","Jabatan","8155","OPERATOR MESIN PEWARNAAN KULIT","8","OPERATOR DAN PERAKIT MESIN","8 > 81 > 815 > 8155 > 8155.02","tidak","973"
"8155.03","815503","6","Jabatan","8155","OPERATOR MESIN PENYAMAKAN KULIT","8","OPERATOR DAN PERAKIT MESIN","8 > 81 > 815 > 8155 > 8155.03","tidak","973"
"8155.99","815599","6","Jabatan","8155","OPERATOR MESIN PENYIAPAN BULU DAN KULIT LAINNYA","8","OPERATOR DAN PERAKIT MESIN","8 > 81 > 815 > 8155 > 8155.99","ya","974"
"8156","8156","4","Subgolongan","815","OPERATOR MESIN PEMBUAT SEPATU DAN YBDI","8","OPERATOR DAN PERAKIT MESIN","8 > 81 > 815 > 8156","tidak","974"
"8156.00","815600","6","Jabatan","8156","OPERATOR MESIN PEMBUAT SEPATU DAN YBDI","8","OPERATOR DAN PERAKIT MESIN","8 > 81 > 815 > 8156 > 8156.00","tidak","974"
"8157","8157","4","Subgolongan","815","OPERATOR MESIN PENATU","8","OPERATOR DAN PERAKIT MESIN","8 > 81 > 815 > 8157","tidak","974"
"8157.01","815701","6","Jabatan","8157","OPERATOR MESIN CUCI KERING","8","OPERATOR DAN PERAKIT MESIN","8 > 81 > 815 > 8157 > 8157.01","tidak","975"
"8157.02","815702","6","Jabatan","8157","OPERATOR MESIN LAUNDRY","8","OPERATOR DAN PERAKIT MESIN","8 > 81 > 815 > 8157 > 8157.02","tidak","975"
"8157.03","815703","6","Jabatan","8157","OPERATOR MESIN PRES","8","OPERATOR DAN PERAKIT MESIN","8 > 81 > 815 > 8157 > 8157.03","tidak","976"
"8157.99","815799","6","Jabatan","8157","OPERATOR MESIN PENATU LAINNYA","8","OPERATOR DAN PERAKIT MESIN","8 > 81 > 815 > 8157 > 8157.99","ya","976"
"8159","8159","4","Subgolongan","815","OPERATOR MESIN PENGOLAHAN TEKSTIL, BULU, DAN KULIT YTDL","8","OPERATOR DAN PERAKIT MESIN","8 > 81 > 815 > 8159","ya","976"
"8159.01","815901","6","Jabatan","8159","OPERATOR MESIN PEMBUAT TOPI","8","OPERATOR DAN PERAKIT MESIN","8 > 81 > 815 > 8159 > 8159.01","tidak","976"
"8159.02","815902","6","Jabatan","8159","OPERATOR MESIN PEMBUAT POLA TEKSTIL","8","OPERATOR DAN PERAKIT MESIN","8 > 81 > 815 > 8159 > 8159.02","tidak","977"
"8159.99","815999","6","Jabatan","8159","OPERATOR MESIN PENGOLAHAN TEKSTIL, BULU, DAN KULIT YTDL LAINNYA","8","OPERATOR DAN PERAKIT MESIN","8 > 81 > 815 > 8159 > 8159.99","ya","977"
"816","816","3","Golongan","81","OPERATOR MESIN PENGOLAHAN MAKANAN DAN YBDI","8","OPERATOR DAN PERAKIT MESIN","8 > 81 > 816","tidak","977"
"8160","8160","4","Subgolongan","816","OPERATOR MESIN PENGOLAHAN MAKANAN DAN YBDI","8","OPERATOR DAN PERAKIT MESIN","8 > 81 > 816 > 8160","tidak","978"
"8160.01","816001","6","Jabatan","8160","OPERATOR MESIN PEMBUATAN ROTI DAN KUE","8","OPERATOR DAN PERAKIT MESIN","8 > 81 > 816 > 8160 > 8160.01","tidak","979"
"8160.02","816002","6","Jabatan","8160","OPERATOR MESIN PEMBUATAN COKELAT","8","OPERATOR DAN PERAKIT MESIN","8 > 81 > 816 > 8160 > 8160.02","tidak","979"
"8160.03","816003","6","Jabatan","8160","OPERATOR MESIN PEMBUATAN PRODUK SUSU","8","OPERATOR DAN PERAKIT MESIN","8 > 81 > 816 > 8160 > 8160.03","tidak","979"
"8160.04","816004","6","Jabatan","8160","OPERATOR MESIN PENGOLAHAN IKAN","8","OPERATOR DAN PERAKIT MESIN","8 > 81 > 816 > 8160 > 8160.04","tidak","979"
"8160.05","816005","6","Jabatan","8160","OPERATOR MESIN PENGOLAHAN DAGING","8","OPERATOR DAN PERAKIT MESIN","8 > 81 > 816 > 8160 > 8160.05","tidak","980"
"8160.06","816006","6","Jabatan","8160","OPERATOR MESIN PENGOLAHAN SUSU","8","OPERATOR DAN PERAKIT MESIN","8 > 81 > 816 > 8160 > 8160.06","tidak","980"
"8160.07","816007","6","Jabatan","8160","OPERATOR MESIN PRODUKSI ROKOK DAN CERUTU","8","OPERATOR DAN PERAKIT MESIN","8 > 81 > 816 > 8160 > 8160.07","tidak","980"
"8160.08","816008","6","Jabatan","8160","OPERATOR MESIN PENYANGRAI KOPI","8","OPERATOR DAN PERAKIT MESIN","8 > 81 > 816 > 8160 > 8160.08","tidak","980"
"8160.99","816099","6","Jabatan","8160","OPERATOR MESIN PENGOLAHAN MAKANAN, TEMBAKAU, DAN YBDI LAINNYA","8","OPERATOR DAN PERAKIT MESIN","8 > 81 > 816 > 8160 > 8160.99","ya","981"
"817","817","3","Golongan","81","OPERATOR MESIN PENGOLAHAN KAYU DAN PEMBUATAN KERTAS","8","OPERATOR DAN PERAKIT MESIN","8 > 81 > 817","tidak","981"
"8171","8171","4","Subgolongan","817","OPERATOR MESIN PENGOLAHAN BUBUR KERTAS DAN PEMBUATAN KERTAS","8","OPERATOR DAN PERAKIT MESIN","8 > 81 > 817 > 8171","tidak","981"
"8171.01","817101","6","Jabatan","8171","PEKERJA PEMBUATAN BUBUR KERTAS","8","OPERATOR DAN PERAKIT MESIN","8 > 81 > 817 > 8171 > 8171.01","tidak","981"
"8171.02","817102","6","Jabatan","8171","OPERATOR PEMUTIHAN BUBUR KERTAS","8","OPERATOR DAN PERAKIT MESIN","8 > 81 > 817 > 8171 > 8171.02","tidak","982"
"8171.03","817103","6","Jabatan","8171","OPERATOR PENYARING BUBUR KERTAS","8","OPERATOR DAN PERAKIT MESIN","8 > 81 > 817 > 8171 > 8171.03","tidak","982"
"8171.04","817104","6","Jabatan","8171","TEKNISI MESIN BUBUR KERTAS","8","OPERATOR DAN PERAKIT MESIN","8 > 81 > 817 > 8171 > 8171.04","tidak","982"
"8171.05","817105","6","Jabatan","8171","OPERATOR MESIN PRODUKSI KERTAS","8","OPERATOR DAN PERAKIT MESIN","8 > 81 > 817 > 8171 > 8171.05","tidak","982"
"8171.99","817199","6","Jabatan","8171","OPERATOR MESIN PENGOLAHAN BUBUR KERTAS DAN PEMBUATAN KERTAS LAINNYA","8","OPERATOR DAN PERAKIT MESIN","8 > 81 > 817 > 8171 > 8171.99","ya","983"
"8172","8172","4","Subgolongan","817","OPERATOR MESIN PENGOLAHAN KAYU","8","OPERATOR DAN PERAKIT MESIN","8 > 81 > 817 > 8172","tidak","983"
"8172.01","817201","6","Jabatan","8172","OPERATOR MESIN GERGAJI SIRKULAR","8","OPERATOR DAN PERAKIT MESIN","8 > 81 > 817 > 8172 > 8172.01","tidak","983"
"8172.02","817202","6","Jabatan","8172","OPERATOR MESIN PEMOTONGAN KAYU GELONDONGAN","8","OPERATOR DAN PERAKIT MESIN","8 > 81 > 817 > 8172 > 8172.02","tidak","984"
"8172.03","817203","6","Jabatan","8172","OPERATOR MESIN PRES KAYU LAPIS/PLYWOOD","8","OPERATOR DAN PERAKIT MESIN","8 > 81 > 817 > 8172 > 8172.03","tidak","984"
"8172.04","817204","6","Jabatan","8172","OPERATOR PENGGERGAJIAN KAYU","8","OPERATOR DAN PERAKIT MESIN","8 > 81 > 817 > 8172 > 8172.04","tidak","984"
"8172.99","817299","6","Jabatan","8172","OPERATOR MESIN PENGOLAHAN KAYU LAINNYA","8","OPERATOR DAN PERAKIT MESIN","8 > 81 > 817 > 8172 > 8172.99","ya","984"
"818","818","3","Golongan","81","OPERATOR MESIN STASIONER LAINNYA","8","OPERATOR DAN PERAKIT MESIN","8 > 81 > 818","tidak","985"
"8181","8181","4","Subgolongan","818","OPERATOR MESIN PENGOLAHAN KACA DAN KERAMIK","8","OPERATOR DAN PERAKIT MESIN","8 > 81 > 818 > 8181","tidak","985"
"8181.01","818101","6","Jabatan","8181","OPERATOR TUNGKU PRODUKSI KACA","8","OPERATOR DAN PERAKIT MESIN","8 > 81 > 818 > 8181 > 8181.01","tidak","986"
"8181.02","818102","6","Jabatan","8181","OPERATOR KILN (MESIN PEMBAKARAN) BATU BATA, UBIN, DAN GENTENG","8","OPERATOR DAN PERAKIT MESIN","8 > 81 > 818 > 8181 > 8181.02","tidak","986"
"8181.03","818103","6","Jabatan","8181","OPERATOR KILN (MESIN PEMBAKARAN) TEMBIKAR DAN PORSELEN","8","OPERATOR DAN PERAKIT MESIN","8 > 81 > 818 > 8181 > 8181.03","tidak","987"
"8181.04","818104","6","Jabatan","8181","OPERATOR MESIN PENIUP KACA","8","OPERATOR DAN PERAKIT MESIN","8 > 81 > 818 > 8181 > 8181.04","tidak","987"
"8181.05","818105","6","Jabatan","8181","OPERATOR MESIN PENCAMPUR TANAH LIAT","8","OPERATOR DAN PERAKIT MESIN","8 > 81 > 818 > 8181 > 8181.05","tidak","987"
"8181.06","818106","6","Jabatan","8181","OPERATOR MESIN PENCAMPUR BAHAN KACA","8","OPERATOR DAN PERAKIT MESIN","8 > 81 > 818 > 8181 > 8181.06","tidak","987"
"8181.99","818199","6","Jabatan","8181","OPERATOR MESIN PENGOLAHAN KACA DAN KERAMIK LAINNYA","8","OPERATOR DAN PERAKIT MESIN","8 > 81 > 818 > 8181 > 8181.99","ya","988"
"8182","8182","4","Subgolongan","818","OPERATOR MESIN UAP DAN KETEL UAP","8","OPERATOR DAN PERAKIT MESIN","8 > 81 > 818 > 8182","tidak","988"
"8182.01","818201","6","Jabatan","8182","OPERATOR KETEL UAP","8","OPERATOR DAN PERAKIT MESIN","8 > 81 > 818 > 8182 > 8182.01","tidak","989"
"8182.02","818202","6","Jabatan","8182","OPERATOR KETEL UAP KAPAL","8","OPERATOR DAN PERAKIT MESIN","8 > 81 > 818 > 8182 > 8182.02","tidak","989"
"8182.03","818203","6","Jabatan","8182","OPERATOR MESIN UAP","8","OPERATOR DAN PERAKIT MESIN","8 > 81 > 818 > 8182 > 8182.03","tidak","990"
"8182.04","818204","6","Jabatan","8182","JURU API","8","OPERATOR DAN PERAKIT MESIN","8 > 81 > 818 > 8182 > 8182.04","tidak","990"
"8182.05","818205","6","Jabatan","8182","OPERATOR MESIN PEMBANGKIT TENAGA PANAS","8","OPERATOR DAN PERAKIT MESIN","8 > 81 > 818 > 8182 > 8182.05","tidak","990"
"8182.99","818299","6","Jabatan","8182","OPERATOR MESIN UAP DAN KETEL UAP LAINNYA","8","OPERATOR DAN PERAKIT MESIN","8 > 81 > 818 > 8182 > 8182.99","ya","990"
"8183","8183","4","Subgolongan","818","OPERATOR MESIN PENGISIAN BOTOL, PELABELAN, DAN PENGEMASAN","8","OPERATOR DAN PERAKIT MESIN","8 > 81 > 818 > 8183","tidak","991"
"8183.01","818301","6","Jabatan","8183","OPERATOR MESIN PENGISIAN BOTOL","8","OPERATOR DAN PERAKIT MESIN","8 > 81 > 818 > 8183 > 8183.01","tidak","991"
"8183.02","818302","6","Jabatan","8183","OPERATOR MESIN PELABELAN","8","OPERATOR DAN PERAKIT MESIN","8 > 81 > 818 > 8183 > 8183.02","tidak","991"
"8183.03","818303","6","Jabatan","8183","OPERATOR MESIN PENGEMASAN","8","OPERATOR DAN PERAKIT MESIN","8 > 81 > 818 > 8183 > 8183.03","tidak","992"
"8183.04","818304","6","Jabatan","8183","OPERATOR MESIN PEMBUNGKUSAN","8","OPERATOR DAN PERAKIT MESIN","8 > 81 > 818 > 8183 > 8183.04","tidak","992"
"8183.99","818399","6","Jabatan","8183","OPERATOR MESIN PENGISIAN BOTOL, PELABELAN, DAN PENGEMASAN LAINNYA","8","OPERATOR DAN PERAKIT MESIN","8 > 81 > 818 > 8183 > 8183.99","ya","992"
"8189","8189","4","Subgolongan","818","OPERATOR MESIN STASIONER YTDL","8","OPERATOR DAN PERAKIT MESIN","8 > 81 > 818 > 8189","ya","992"
"8189.01","818901","6","Jabatan","8189","OPERATOR MESIN PRODUKSI CIP SILIKON","8","OPERATOR DAN PERAKIT MESIN","8 > 81 > 818 > 8189 > 8189.01","tidak","993"
"8189.02","818902","6","Jabatan","8189","OPERATOR MESIN PENYAMBUNGAN KABEL DAN TALI TEMALI","8","OPERATOR DAN PERAKIT MESIN","8 > 81 > 818 > 8189 > 8189.02","tidak","993"
"8189.99","818999","6","Jabatan","8189","OPERATOR MESIN STASIONER YTDL LAINNYA","8","OPERATOR DAN PERAKIT MESIN","8 > 81 > 818 > 8189 > 8189.99","ya","993"
"82","82","2","Subgolongan pokok","8","PERAKIT","8","OPERATOR DAN PERAKIT MESIN","8 > 82","tidak","993"
"821","821","3","Golongan","82","PERAKIT","8","OPERATOR DAN PERAKIT MESIN","8 > 82 > 821","tidak","993"
"8211","8211","4","Subgolongan","821","PERAKIT MESIN MEKANIK","8","OPERATOR DAN PERAKIT MESIN","8 > 82 > 821 > 8211","tidak","994"
"8211.01","821101","6","Jabatan","8211","PERAKIT GEARBOX","8","OPERATOR DAN PERAKIT MESIN","8 > 82 > 821 > 8211 > 8211.01","tidak","994"
"8211.02","821102","6","Jabatan","8211","PERAKIT MESIN PENGGERAK","8","OPERATOR DAN PERAKIT MESIN","8 > 82 > 821 > 8211 > 8211.02","tidak","995"
"8211.03","821103","6","Jabatan","8211","PEMASANG/PENGINSTALASI MESIN PENGGERAK","8","OPERATOR DAN PERAKIT MESIN","8 > 82 > 821 > 8211 > 8211.03","tidak","995"
"8211.04","821104","6","Jabatan","8211","PERAKIT KENDARAAN","8","OPERATOR DAN PERAKIT MESIN","8 > 82 > 821 > 8211 > 8211.04","tidak","995"
"8211.05","821105","6","Jabatan","8211","BENCH FITTER","8","OPERATOR DAN PERAKIT MESIN","8 > 82 > 821 > 8211 > 8211.05","tidak","995"
"8211.06","821106","6","Jabatan","8211","PERAKIT PESAWAT TERBANG","8","OPERATOR DAN PERAKIT MESIN","8 > 82 > 821 > 8211 > 8211.06","tidak","996"
"8211.07","821107","6","Jabatan","8211","PERAKIT TURBIN","8","OPERATOR DAN PERAKIT MESIN","8 > 82 > 821 > 8211 > 8211.07","tidak","996"
"8211.99","821199","6","Jabatan","8211","PERAKIT MESIN MEKANIK LAINNYA","8","OPERATOR DAN PERAKIT MESIN","8 > 82 > 821 > 8211 > 8211.99","ya","996"
"8212","8212","4","Subgolongan","821","PERAKIT PERALATAN LISTRIK DAN ELEKTRONIK","8","OPERATOR DAN PERAKIT MESIN","8 > 82 > 821 > 8212","tidak","996"
"8212.01","821201","6","Jabatan","8212","PERAKIT PERALATAN ELEKTRONIK","8","OPERATOR DAN PERAKIT MESIN","8 > 82 > 821 > 8212 > 8212.01","tidak","997"
"8212.02","821202","6","Jabatan","8212","PERAKIT PERALATAN LISTRIK","8","OPERATOR DAN PERAKIT MESIN","8 > 82 > 821 > 8212 > 8212.02","tidak","997"
"8212.03","821203","6","Jabatan","8212","PERAKIT PERALATAN ELEKTRO-MEKANIK","8","OPERATOR DAN PERAKIT MESIN","8 > 82 > 821 > 8212 > 8212.03","tidak","997"
"8212.99","821299","6","Jabatan","8212","PERAKIT PERALATAN LISTRIK DAN ELEKTRONIK LAINNYA","8","OPERATOR DAN PERAKIT MESIN","8 > 82 > 821 > 8212 > 8212.99","ya","997"
"8219","8219","4","Subgolongan","821","PERAKIT YTDL","8","OPERATOR DAN PERAKIT MESIN","8 > 82 > 821 > 8219","ya","998"
"8219.01","821901","6","Jabatan","8219","PERAKIT PRODUK LOGAM (KECUALI MESIN MEKANIK)","8","OPERATOR DAN PERAKIT MESIN","8 > 82 > 821 > 8219 > 8219.01","tidak","999"
"8219.02","821902","6","Jabatan","8219","PERAKIT PRODUK PLASTIK","8","OPERATOR DAN PERAKIT MESIN","8 > 82 > 821 > 8219 > 8219.02","tidak","999"
"8219.03","821903","6","Jabatan","8219","PERAKIT PRODUK KARET","8","OPERATOR DAN PERAKIT MESIN","8 > 82 > 821 > 8219 > 8219.03","tidak","999"
"8219.04","821904","6","Jabatan","8219","PERAKIT PRODUK KAYU","8","OPERATOR DAN PERAKIT MESIN","8 > 82 > 821 > 8219 > 8219.04","tidak","999"
"8219.05","821905","6","Jabatan","8219","PERAKIT PINTU","8","OPERATOR DAN PERAKIT MESIN","8 > 82 > 821 > 8219 > 8219.05","tidak","1000"
"8219.06","821906","6","Jabatan","8219","PERAKIT PERHIASAN","8","OPERATOR DAN PERAKIT MESIN","8 > 82 > 821 > 8219 > 8219.06","tidak","1000"
"8219.07","821907","6","Jabatan","8219","PERAKIT PRODUK DARI KULIT","8","OPERATOR DAN PERAKIT MESIN","8 > 82 > 821 > 8219 > 8219.07","tidak","1000"
"8219.08","821908","6","Jabatan","8219","PERAKIT PRODUK DARI KARTON","8","OPERATOR DAN PERAKIT MESIN","8 > 82 > 821 > 8219 > 8219.08","tidak","1001"
"8219.09","821909","6","Jabatan","8219","PEMBUAT PAYUNG","8","OPERATOR DAN PERAKIT MESIN","8 > 82 > 821 > 8219 > 8219.09","tidak","1001"
"8219.99","821999","6","Jabatan","8219","PERAKIT YTDL LAINNYA","8","OPERATOR DAN PERAKIT MESIN","8 > 82 > 821 > 8219 > 8219.99","ya","1001"
"83","83","2","Subgolongan pokok","8","PENGEMUDI DAN OPERATOR MESIN BERGERAK","8","OPERATOR DAN PERAKIT MESIN","8 > 83","tidak","1001"
"831","831","3","Golongan","83","MASINIS MESIN LOKOMOTIF DAN YBDI","8","OPERATOR DAN PERAKIT MESIN","8 > 83 > 831","tidak","1002"
"8311","8311","4","Subgolongan","831","MASINIS MESIN LOKOMOTIF","8","OPERATOR DAN PERAKIT MESIN","8 > 83 > 831 > 8311","tidak","1002"
"8311.01","831101","6","Jabatan","8311","MASINIS LOKOMOTIF","8","OPERATOR DAN PERAKIT MESIN","8 > 83 > 831 > 8311 > 8311.01","tidak","1003"
"8311.02","831102","6","Jabatan","8311","MASINIS KERETA API","8","OPERATOR DAN PERAKIT MESIN","8 > 83 > 831 > 8311 > 8311.02","tidak","1003"
"8311.99","831199","6","Jabatan","8311","MASINIS MESIN LOKOMOTIF LAINNYA","8","OPERATOR DAN PERAKIT MESIN","8 > 83 > 831 > 8311 > 8311.99","ya","1003"
"8312","8312","4","Subgolongan","831","OPERATOR REM, SINYAL, DAN LANGSIR KERETA API","8","OPERATOR DAN PERAKIT MESIN","8 > 83 > 831 > 8312","tidak","1003"
"8312.01","831201","6","Jabatan","8312","OPERATOR/JURU REM KERETA API","8","OPERATOR DAN PERAKIT MESIN","8 > 83 > 831 > 8312 > 8312.01","tidak","1004"
"8312.02","831202","6","Jabatan","8312","OPERATOR/JURU LANGSIR KERETA API","8","OPERATOR DAN PERAKIT MESIN","8 > 83 > 831 > 8312 > 8312.02","tidak","1004"
"8312.03","831203","6","Jabatan","8312","OPERATOR/JURU SINYAL KERETA API","8","OPERATOR DAN PERAKIT MESIN","8 > 83 > 831 > 8312 > 8312.03","tidak","1005"
"8312.04","831204","6","Jabatan","8312","YARDMASTER & TRAIN CONDUCTOR","8","OPERATOR DAN PERAKIT MESIN","8 > 83 > 831 > 8312 > 8312.04","tidak","1005"
"8312.99","831299","6","Jabatan","8312","OPERATOR REM, SINYAL, DAN LANGSIR KERETA API LAINNYA","8","OPERATOR DAN PERAKIT MESIN","8 > 83 > 831 > 8312 > 8312.99","ya","1005"
"832","832","3","Golongan","83","PENGEMUDI MOBIL, VAN, DAN SEPEDA MOTOR","8","OPERATOR DAN PERAKIT MESIN","8 > 83 > 832","tidak","1005"
"8321","8321","4","Subgolongan","832","PENGEMUDI SEPEDA MOTOR","8","OPERATOR DAN PERAKIT MESIN","8 > 83 > 832 > 8321","tidak","1005"
"8321.01","832101","6","Jabatan","8321","PENGEMUDI SEPEDA MOTOR PENGIRIMAN BARANG/PESANAN","8","OPERATOR DAN PERAKIT MESIN","8 > 83 > 832 > 8321 > 8321.01","tidak","1006"
"8321.02","832102","6","Jabatan","8321","PENGEMUDI BECAK BERMOTOR","8","OPERATOR DAN PERAKIT MESIN","8 > 83 > 832 > 8321 > 8321.02","tidak","1006"
"8321.03","832103","6","Jabatan","8321","PENGEMUDI KENDARAAN BERMOTOR RODA TIGA","8","OPERATOR DAN PERAKIT MESIN","8 > 83 > 832 > 8321 > 8321.03","tidak","1006"
"8321.04","832104","6","Jabatan","8321","PENGEMUDI SEPEDA MOTOR RODA DUA","8","OPERATOR DAN PERAKIT MESIN","8 > 83 > 832 > 8321 > 8321.04","tidak","1006"
"8321.99","832199","6","Jabatan","8321","PENGEMUDI SEPEDA MOTOR LAINNYA","8","OPERATOR DAN PERAKIT MESIN","8 > 83 > 832 > 8321 > 8321.99","ya","1007"
"8322","8322","4","Subgolongan","832","PENGEMUDI MOBIL, TAKSI, DAN VAN","8","OPERATOR DAN PERAKIT MESIN","8 > 83 > 832 > 8322","tidak","1007"
"8322.01","832201","6","Jabatan","8322","PENGEMUDI MOBIL","8","OPERATOR DAN PERAKIT MESIN","8 > 83 > 832 > 8322 > 8322.01","tidak","1007"
"8322.02","832202","6","Jabatan","8322","PENGEMUDI TAKSI","8","OPERATOR DAN PERAKIT MESIN","8 > 83 > 832 > 8322 > 8322.02","tidak","1007"
"8322.03","832203","6","Jabatan","8322","PENGEMUDI VAN/MOBIL BOKS","8","OPERATOR DAN PERAKIT MESIN","8 > 83 > 832 > 8322 > 8322.03","tidak","1008"
"8322.99","832299","6","Jabatan","8322","PENGEMUDI MOBIL, TAKSI, DAN VAN LAINNYA","8","OPERATOR DAN PERAKIT MESIN","8 > 83 > 832 > 8322 > 8322.99","ya","1008"
"833","833","3","Golongan","83","PENGEMUDI TRUK BERAT DAN BUS","8","OPERATOR DAN PERAKIT MESIN","8 > 83 > 833","tidak","1008"
"8331","8331","4","Subgolongan","833","PENGEMUDI BUS DAN TREM","8","OPERATOR DAN PERAKIT MESIN","8 > 83 > 833 > 8331","tidak","1008"
"8331.01","833101","6","Jabatan","8331","PENGEMUDI BUS","8","OPERATOR DAN PERAKIT MESIN","8 > 83 > 833 > 8331 > 8331.01","tidak","1009"
"8331.02","833102","6","Jabatan","8331","PENGEMUDI BUS WISATA","8","OPERATOR DAN PERAKIT MESIN","8 > 83 > 833 > 8331 > 8331.02","tidak","1009"
"8331.03","833103","6","Jabatan","8331","PENGEMUDI TREM","8","OPERATOR DAN PERAKIT MESIN","8 > 83 > 833 > 8331 > 8331.03","tidak","1009"
"8331.99","833199","6","Jabatan","8331","PENGEMUDI BUS DAN TREM LAINNYA","8","OPERATOR DAN PERAKIT MESIN","8 > 83 > 833 > 8331 > 8331.99","ya","1009"
"8332","8332","4","Subgolongan","833","PENGEMUDI TRUK BERAT DAN TRUK KONTAINER","8","OPERATOR DAN PERAKIT MESIN","8 > 83 > 833 > 8332","tidak","1009"
"8332.01","833201","6","Jabatan","8332","PENGEMUDI TRUK BERAT","8","OPERATOR DAN PERAKIT MESIN","8 > 83 > 833 > 8332 > 8332.01","tidak","1010"
"8332.02","833202","6","Jabatan","8332","PENGEMUDI KENDARAAN PENCAMPUR BETON","8","OPERATOR DAN PERAKIT MESIN","8 > 83 > 833 > 8332 > 8332.02","tidak","1010"
"8332.03","833203","6","Jabatan","8332","PENGEMUDI TRUK KONTAINER","8","OPERATOR DAN PERAKIT MESIN","8 > 83 > 833 > 8332 > 8332.03","tidak","1010"
"8332.99","833299","6","Jabatan","8332","PENGEMUDI TRUK BERAT DAN TRUK KONTAINER LAINNYA","8","OPERATOR DAN PERAKIT MESIN","8 > 83 > 833 > 8332 > 8332.99","ya","1011"
"834","834","3","Golongan","83","OPERATOR MESIN BERGERAK","8","OPERATOR DAN PERAKIT MESIN","8 > 83 > 834","tidak","1011"
"8341","8341","4","Subgolongan","834","OPERATOR MESIN BERGERAK PERTANIAN DAN KEHUTANAN","8","OPERATOR DAN PERAKIT MESIN","8 > 83 > 834 > 8341","tidak","1011"
"8341.01","834101","6","Jabatan","8341","OPERATOR MESIN PEMANEN","8","OPERATOR DAN PERAKIT MESIN","8 > 83 > 834 > 8341 > 8341.01","tidak","1012"
"8341.02","834102","6","Jabatan","8341","OPERATOR MESIN PEMOTONG KAYU","8","OPERATOR DAN PERAKIT MESIN","8 > 83 > 834 > 8341 > 8341.02","tidak","1012"
"8341.03","834103","6","Jabatan","8341","OPERATOR PENGANGKUT HASIL HUTAN KAYU","8","OPERATOR DAN PERAKIT MESIN","8 > 83 > 834 > 8341 > 8341.03","tidak","1012"
"8341.04","834104","6","Jabatan","8341","OPERATOR TRAKTOR","8","OPERATOR DAN PERAKIT MESIN","8 > 83 > 834 > 8341 > 8341.04","tidak","1013"
"8341.05","834105","6","Jabatan","8341","OPERATOR MESIN PENEBANG POHON","8","OPERATOR DAN PERAKIT MESIN","8 > 83 > 834 > 8341 > 8341.05","tidak","1013"
"8341.99","834199","6","Jabatan","8341","OPERATOR MESIN BERGERAK PERTANIAN DAN KEHUTANAN LAINNYA","8","OPERATOR DAN PERAKIT MESIN","8 > 83 > 834 > 8341 > 8341.99","ya","1013"
"8342","8342","4","Subgolongan","834","OPERATOR MESIN PENGERUK TANAH DAN YBDI","8","OPERATOR DAN PERAKIT MESIN","8 > 83 > 834 > 8342","tidak","1013"
"8342.01","834201","6","Jabatan","8342","OPERATOR BULDOZER","8","OPERATOR DAN PERAKIT MESIN","8 > 83 > 834 > 8342 > 8342.01","tidak","1014"
"8342.02","834202","6","Jabatan","8342","OPERATOR EKSKAVATOR","8","OPERATOR DAN PERAKIT MESIN","8 > 83 > 834 > 8342 > 8342.02","tidak","1014"
"8342.03","834203","6","Jabatan","8342","OPERATOR MESIN PEMANCANG TIANG","8","OPERATOR DAN PERAKIT MESIN","8 > 83 > 834 > 8342 > 8342.03","tidak","1015"
"8342.04","834204","6","Jabatan","8342","OPERATOR MESIN PENGHALUS JALAN","8","OPERATOR DAN PERAKIT MESIN","8 > 83 > 834 > 8342 > 8342.04","tidak","1015"
"8342.05","834205","6","Jabatan","8342","OPERATOR FRONT-END LOADER","8","OPERATOR DAN PERAKIT MESIN","8 > 83 > 834 > 8342 > 8342.05","tidak","1015"
"8342.06","834206","6","Jabatan","8342","OPERATOR TRENCHER","8","OPERATOR DAN PERAKIT MESIN","8 > 83 > 834 > 8342 > 8342.06","tidak","1016"
"8342.07","834207","6","Jabatan","8342","OPERATOR MESIN PENGIKIS","8","OPERATOR DAN PERAKIT MESIN","8 > 83 > 834 > 8342 > 8342.07","tidak","1016"
"8342.08","834208","6","Jabatan","8342","OPERATOR MESIN PELAPIS","8","OPERATOR DAN PERAKIT MESIN","8 > 83 > 834 > 8342 > 8342.08","tidak","1016"
"8342.09","834209","6","Jabatan","8342","OPERATOR MESIN PENEBARAN PASIR, BATU, DAN SEJENISNYA","8","OPERATOR DAN PERAKIT MESIN","8 > 83 > 834 > 8342 > 8342.09","tidak","1016"
"8342.10","834210","6","Jabatan","8342","OPERATOR DREDGER (KAPAL KERUK)","8","OPERATOR DAN PERAKIT MESIN","8 > 83 > 834 > 8342 > 8342.10","tidak","1017"
"8342.99","834299","6","Jabatan","8342","OPERATOR MESIN PENGERUK TANAH DAN YBDI LAINNYA","8","OPERATOR DAN PERAKIT MESIN","8 > 83 > 834 > 8342 > 8342.99","ya","1017"
"8343","8343","4","Subgolongan","834","OPERATOR MESIN DEREK/CRANE, PENGEREK/HOIST, DAN YBDI","8","OPERATOR DAN PERAKIT MESIN","8 > 83 > 834 > 8343","tidak","1017"
"8343.01","834301","6","Jabatan","8343","OPERATOR CRANE STASIONER","8","OPERATOR DAN PERAKIT MESIN","8 > 83 > 834 > 8343 > 8343.01","tidak","1017"
"8343.02","834302","6","Jabatan","8343","OPERATOR MESIN PENGGEREK/HOIST","8","OPERATOR DAN PERAKIT MESIN","8 > 83 > 834 > 8343 > 8343.02","tidak","1018"
"8343.03","834303","6","Jabatan","8343","OPERATOR MESIN DEREK/CRANE BERGERAK","8","OPERATOR DAN PERAKIT MESIN","8 > 83 > 834 > 8343 > 8343.03","tidak","1018"
"8343.04","834304","6","Jabatan","8343","OPERATOR CRANE MENARA","8","OPERATOR DAN PERAKIT MESIN","8 > 83 > 834 > 8343 > 8343.04","tidak","1018"
"8343.05","834305","6","Jabatan","8343","OPERATOR MESIN PEMASANGAN REL KERETA","8","OPERATOR DAN PERAKIT MESIN","8 > 83 > 834 > 8343 > 8343.05","tidak","1019"
"8343.99","834399","6","Jabatan","8343","OPERATOR MESIN DEREK/CRANE, PENGEREK/HOIST, DAN YBDI LAINNYA","8","OPERATOR DAN PERAKIT MESIN","8 > 83 > 834 > 8343 > 8343.99","ya","1019"
"8344","8344","4","Subgolongan","834","OPERATOR FORKLIFT","8","OPERATOR DAN PERAKIT MESIN","8 > 83 > 834 > 8344","tidak","1019"
"8344.00","834400","6","Jabatan","8344","OPERATOR FORKLIFT","8","OPERATOR DAN PERAKIT MESIN","8 > 83 > 834 > 8344 > 8344.00","tidak","1020"
"835","835","3","Golongan","83","AWAK GELADAK KAPAL DAN YBDI","8","OPERATOR DAN PERAKIT MESIN","8 > 83 > 835","tidak","1020"
"8350","8350","4","Subgolongan","835","AWAK GELADAK KAPAL DAN YBDI","8","OPERATOR DAN PERAKIT MESIN","8 > 83 > 835 > 8350","tidak","1020"
"8350.01","835001","6","Jabatan","8350","KEPALA KELASI (BOATSWAIN)","8","OPERATOR DAN PERAKIT MESIN","8 > 83 > 835 > 8350 > 8350.01","tidak","1021"
"8350.02","835002","6","Jabatan","8350","PEKERJA KAPAL TUNDA","8","OPERATOR DAN PERAKIT MESIN","8 > 83 > 835 > 8350 > 8350.02","tidak","1021"
"8350.03","835003","6","Jabatan","8350","ANAK BUAH KAPAL","8","OPERATOR DAN PERAKIT MESIN","8 > 83 > 835 > 8350 > 8350.03","tidak","1021"
"8350.99","835099","6","Jabatan","8350","AWAK GELADAK KAPAL DAN YBDI LAINNYA","8","OPERATOR DAN PERAKIT MESIN","8 > 83 > 835 > 8350 > 8350.99","ya","1021"
"9","9","1","Golongan pokok","","PEKERJA KASAR","9","PEKERJA KASAR","9","tidak","1025"
"91","91","2","Subgolongan pokok","9","TENAGA KEBERSIHAN DAN JURU BANTU","9","PEKERJA KASAR","9 > 91","tidak","1025"
"911","911","3","Golongan","91","TENAGA KEBERSIHAN DAN JURU BANTU RUMAH TANGGA, HOTEL, DAN KANTOR","9","PEKERJA KASAR","9 > 91 > 911","tidak","1026"
"9111","9111","4","Subgolongan","911","TENAGA KEBERSIHAN DAN JURU BANTU RUMAH TANGGA","9","PEKERJA KASAR","9 > 91 > 911 > 9111","tidak","1026"
"9111.01","911101","6","Jabatan","9111","ASISTEN RUMAH TANGGA","9","PEKERJA KASAR","9 > 91 > 911 > 9111 > 9111.01","tidak","1027"
"9111.02","911102","6","Jabatan","9111","JURU BERSIH RUMAH TANGGA","9","PEKERJA KASAR","9 > 91 > 911 > 9111 > 9111.02","tidak","1027"
"9111.99","911199","6","Jabatan","9111","TENAGA KEBERSIHAN DAN JURU BANTU RUMAH TANGGA LAINNYA","9","PEKERJA KASAR","9 > 91 > 911 > 9111 > 9111.99","ya","1027"
"9112","9112","4","Subgolongan","911","TENAGA KEBERSIHAN DAN JURU BANTU DI KANTOR, HOTEL, DAN TEMPAT LAINNYA","9","PEKERJA KASAR","9 > 91 > 911 > 9112","tidak","1027"
"9112.01","911201","6","Jabatan","9112","TENAGA KEBERSIHAN PESAWAT TERBANG","9","PEKERJA KASAR","9 > 91 > 911 > 9112 > 9112.01","tidak","1028"
"9112.02","911202","6","Jabatan","9112","TENAGA KEBERSIHAN HOTEL","9","PEKERJA KASAR","9 > 91 > 911 > 9112 > 9112.02","tidak","1028"
"9112.03","911203","6","Jabatan","9112","TENAGA KEBERSIHAN KANTOR","9","PEKERJA KASAR","9 > 91 > 911 > 9112 > 9112.03","tidak","1029"
"9112.04","911204","6","Jabatan","9112","JURU BERSIH TOILET","9","PEKERJA KASAR","9 > 91 > 911 > 9112 > 9112.04","tidak","1029"
"9112.99","911299","6","Jabatan","9112","TENAGA KEBERSIHAN DAN JURU BANTU DI KANTOR, HOTEL, DAN TEMPAT LAINNYA YTDL","9","PEKERJA KASAR","9 > 91 > 911 > 9112 > 9112.99","ya","1029"
"912","912","3","Golongan","91","TENAGA CUCI KENDARAAN, JENDELA, BINATU, DAN TENAGA KEBERSIHAN DENGAN TANGAN LAINNYA","9","PEKERJA KASAR","9 > 91 > 912","tidak","1029"
"9121","9121","4","Subgolongan","912","TENAGA CUCI DAN SETRIKA DENGAN TANGAN","9","PEKERJA KASAR","9 > 91 > 912 > 9121","tidak","1030"
"9121.01","912101","6","Jabatan","9121","TENAGA CUCI KIMIA (DRY CLEANER) DENGAN TANGAN","9","PEKERJA KASAR","9 > 91 > 912 > 9121 > 9121.01","tidak","1030"
"9121.02","912102","6","Jabatan","9121","TENAGA CUCI DENGAN TANGAN","9","PEKERJA KASAR","9 > 91 > 912 > 9121 > 9121.02","tidak","1030"
"9121.03","912103","6","Jabatan","9121","TENAGA SETRIKA DENGAN TANGAN","9","PEKERJA KASAR","9 > 91 > 912 > 9121 > 9121.03","tidak","1031"
"9121.99","912199","6","Jabatan","9121","TENAGA CUCI DAN SETRIKA DENGAN TANGAN LAINNYA","9","PEKERJA KASAR","9 > 91 > 912 > 9121 > 9121.99","ya","1031"
"9122","9122","4","Subgolongan","912","TENAGA CUCI KENDARAAN","9","PEKERJA KASAR","9 > 91 > 912 > 9122","tidak","1031"
"9122.01","912201","6","Jabatan","9122","TENAGA CUCI KENDARAAN (DENGAN TANGAN)","9","PEKERJA KASAR","9 > 91 > 912 > 9122 > 9122.01","tidak","1031"
"9122.02","912202","6","Jabatan","9122","TENAGA CUCI DETAIL KENDARAAN","9","PEKERJA KASAR","9 > 91 > 912 > 9122 > 9122.02","tidak","1032"
"9122.99","912299","6","Jabatan","9122","TENAGA CUCI KENDARAAN LAINNYA","9","PEKERJA KASAR","9 > 91 > 912 > 9122 > 9122.99","ya","1032"
"9123","9123","4","Subgolongan","912","TENAGA PEMBERSIH JENDELA","9","PEKERJA KASAR","9 > 91 > 912 > 9123","tidak","1032"
"9123.00","912300","6","Jabatan","9123","TENAGA PEMBERSIH JENDELA","9","PEKERJA KASAR","9 > 91 > 912 > 9123 > 9123.00","tidak","1032"
"9129","9129","4","Subgolongan","912","TENAGA KEBERSIHAN LAINNYA","9","PEKERJA KASAR","9 > 91 > 912 > 9129","ya","1032"
"9129.01","912901","6","Jabatan","9129","PEMBERSIH KARPET","9","PEKERJA KASAR","9 > 91 > 912 > 9129 > 9129.01","tidak","1033"
"9129.02","912902","6","Jabatan","9129","PEMBERSIH MENARA PENDINGIN","9","PEKERJA KASAR","9 > 91 > 912 > 9129 > 9129.02","tidak","1033"
"9129.03","912903","6","Jabatan","9129","PEMBERSIH GRAFITI","9","PEKERJA KASAR","9 > 91 > 912 > 9129 > 9129.03","tidak","1033"
"9129.04","912904","6","Jabatan","9129","PEMBERSIH KOLAM RENANG","9","PEKERJA KASAR","9 > 91 > 912 > 9129 > 9129.04","tidak","1033"
"9129.99","912999","6","Jabatan","9129","TENAGA KEBERSIHAN LAINNYA YTDL","9","PEKERJA KASAR","9 > 91 > 912 > 9129 > 9129.99","ya","1034"
"92","92","2","Subgolongan pokok","9","BURUH PERTANIAN, KEHUTANAN, DAN PERIKANAN","9","PEKERJA KASAR","9 > 92","tidak","1034"
"921","921","3","Golongan","92","BURUH PERTANIAN, KEHUTANAN, DAN PERIKANAN","9","PEKERJA KASAR","9 > 92 > 921","tidak","1034"
"9211","9211","4","Subgolongan","921","BURUH PERTANIAN","9","PEKERJA KASAR","9 > 92 > 921 > 9211","tidak","1035"
"9211.01","921101","6","Jabatan","9211","BURUH TANI PADI","9","PEKERJA KASAR","9 > 92 > 921 > 9211 > 9211.01","tidak","1035"
"9211.02","921102","6","Jabatan","9211","PEMETIK SAYURAN","9","PEKERJA KASAR","9 > 92 > 921 > 9211 > 9211.02","tidak","1036"
"9211.03","921103","6","Jabatan","9211","PEMETIK BUAH","9","PEKERJA KASAR","9 > 92 > 921 > 9211 > 9211.03","tidak","1036"
"9211.04","921104","6","Jabatan","9211","BURUH TANAM TEBU","9","PEKERJA KASAR","9 > 92 > 921 > 9211 > 9211.04","tidak","1037"
"9211.05","921105","6","Jabatan","9211","BURUH PERKEBUNAN KOPI","9","PEKERJA KASAR","9 > 92 > 921 > 9211 > 9211.05","tidak","1037"
"9211.06","921106","6","Jabatan","9211","BURUH PERKEBUNAN TEH","9","PEKERJA KASAR","9 > 92 > 921 > 9211 > 9211.06","tidak","1037"
"9211.07","921107","6","Jabatan","9211","BURUH PERKEBUNAN KELAPA SAWIT","9","PEKERJA KASAR","9 > 92 > 921 > 9211 > 9211.07","tidak","1037"
"9211.99","921199","6","Jabatan","9211","BURUH PERTANIAN LAINNYA","9","PEKERJA KASAR","9 > 92 > 921 > 9211 > 9211.99","ya","1037"
"9212","9212","4","Subgolongan","921","BURUH PETERNAKAN","9","PEKERJA KASAR","9 > 92 > 921 > 9212","tidak","1038"
"9212.00","921200","6","Jabatan","9212","BURUH PETERNAKAN","9","PEKERJA KASAR","9 > 92 > 921 > 9212 > 9212.00","tidak","1038"
"9213","9213","4","Subgolongan","921","BURUH CAMPURAN PERTANIAN DAN PETERNAKAN","9","PEKERJA KASAR","9 > 92 > 921 > 9213","tidak","1039"
"9213.00","921300","6","Jabatan","9213","BURUH CAMPURAN PERTANIAN DAN PETERNAKAN","9","PEKERJA KASAR","9 > 92 > 921 > 9213 > 9213.00","tidak","1039"
"9214","9214","4","Subgolongan","921","BURUH KEBUN BIBIT DAN TAMAN","9","PEKERJA KASAR","9 > 92 > 921 > 9214","tidak","1040"
"9214.01","921401","6","Jabatan","9214","BURUH KEBUN BIBIT","9","PEKERJA KASAR","9 > 92 > 921 > 9214 > 9214.01","tidak","1040"
"9214.02","921402","6","Jabatan","9214","BURUH TAMAN","9","PEKERJA KASAR","9 > 92 > 921 > 9214 > 9214.02","tidak","1040"
"9214.03","921403","6","Jabatan","9214","PEMOTONG RUMPUT","9","PEKERJA KASAR","9 > 92 > 921 > 9214 > 9214.03","tidak","1041"
"9214.99","921499","6","Jabatan","9214","BURUH KEBUN BIBIT DAN TAMAN LAINNYA","9","PEKERJA KASAR","9 > 92 > 921 > 9214 > 9214.99","ya","1041"
"9215","9215","4","Subgolongan","921","BURUH KEHUTANAN","9","PEKERJA KASAR","9 > 92 > 921 > 9215","tidak","1041"
"9215.01","921501","6","Jabatan","9215","BURUH TANAM POHON","9","PEKERJA KASAR","9 > 92 > 921 > 9215 > 9215.01","tidak","1041"
"9215.02","921502","6","Jabatan","9215","PENEBANG POHON DENGAN KAPAK","9","PEKERJA KASAR","9 > 92 > 921 > 9215 > 9215.02","tidak","1042"
"9215.99","921599","6","Jabatan","9215","BURUH KEHUTANAN LAINNYA","9","PEKERJA KASAR","9 > 92 > 921 > 9215 > 9215.99","ya","1042"
"9216","9216","4","Subgolongan","921","BURUH PENANGKAPAN DAN BUDIDAYA PERIKANAN","9","PEKERJA KASAR","9 > 92 > 921 > 9216","tidak","1042"
"9216.01","921601","6","Jabatan","9216","BURUH PENANGKAPAN IKAN","9","PEKERJA KASAR","9 > 92 > 921 > 9216 > 9216.01","tidak","1042"
"9216.02","921602","6","Jabatan","9216","BURUH BUDIDAYA IKAN","9","PEKERJA KASAR","9 > 92 > 921 > 9216 > 9216.02","tidak","1043"
"9216.99","921699","6","Jabatan","9216","BURUH PENANGKAPAN DAN BUDIDAYA PERIKANAN LAINNYA","9","PEKERJA KASAR","9 > 92 > 921 > 9216 > 9216.99","ya","1043"
"93","93","2","Subgolongan pokok","9","BURUH PERTAMBANGAN, KONSTRUKSI, INDUSTRI PENGOLAHAN, DAN TRANSPORTASI","9","PEKERJA KASAR","9 > 93","tidak","1043"
"931","931","3","Golongan","93","BURUH PERTAMBANGAN DAN KONSTRUKSI","9","PEKERJA KASAR","9 > 93 > 931","tidak","1044"
"9311","9311","4","Subgolongan","931","BURUH PERTAMBANGAN DAN PENGGALIAN","9","PEKERJA KASAR","9 > 93 > 931 > 9311","tidak","1044"
"9311.01","931101","6","Jabatan","9311","BURUH PERTAMBANGAN","9","PEKERJA KASAR","9 > 93 > 931 > 9311 > 9311.01","tidak","1045"
"9311.02","931102","6","Jabatan","9311","BURUH PENGGALIAN","9","PEKERJA KASAR","9 > 93 > 931 > 9311 > 9311.02","tidak","1045"
"9311.99","931199","6","Jabatan","9311","BURUH PERTAMBANGAN DAN PENGGALIAN LAINNYA","9","PEKERJA KASAR","9 > 93 > 931 > 9311 > 9311.99","ya","1045"
"9312","9312","4","Subgolongan","931","BURUH TEKNIK SIPIL","9","PEKERJA KASAR","9 > 93 > 931 > 9312","tidak","1045"
"9312.01","931201","6","Jabatan","9312","BURUH KONSTRUKSI BANGUNAN SIPIL","9","PEKERJA KASAR","9 > 93 > 931 > 9312 > 9312.01","tidak","1046"
"9312.02","931202","6","Jabatan","9312","BURUH PEMELIHARAAN BANGUNAN SIPIL","9","PEKERJA KASAR","9 > 93 > 931 > 9312 > 9312.02","tidak","1046"
"9312.03","931203","6","Jabatan","9312","BURUH PENGERUKAN","9","PEKERJA KASAR","9 > 93 > 931 > 9312 > 9312.03","tidak","1046"
"9312.04","931204","6","Jabatan","9312","BURUH PEKERJAAN SURVEI TEKNIK SIPIL","9","PEKERJA KASAR","9 > 93 > 931 > 9312 > 9312.04","tidak","1046"
"9312.99","931299","6","Jabatan","9312","BURUH TEKNIK SIPIL LAINNYA","9","PEKERJA KASAR","9 > 93 > 931 > 9312 > 9312.99","ya","1046"
"9313","9313","4","Subgolongan","931","BURUH BANGUNAN","9","PEKERJA KASAR","9 > 93 > 931 > 9313","tidak","1046"
"9313.01","931301","6","Jabatan","9313","BURUH KONSTRUKSI BANGUNAN","9","PEKERJA KASAR","9 > 93 > 931 > 9313 > 9313.01","tidak","1047"
"9313.02","931302","6","Jabatan","9313","ASISTEN TUKANG BATU","9","PEKERJA KASAR","9 > 93 > 931 > 9313 > 9313.02","tidak","1047"
"9313.03","931303","6","Jabatan","9313","BURUH PEMBONGKARAN","9","PEKERJA KASAR","9 > 93 > 931 > 9313 > 9313.03","tidak","1047"
"9313.04","931304","6","Jabatan","9313","BURUH PENGANGKUTAN","9","PEKERJA KASAR","9 > 93 > 931 > 9313 > 9313.04","tidak","1048"
"9313.99","931399","6","Jabatan","9313","BURUH BANGUNAN LAINNYA","9","PEKERJA KASAR","9 > 93 > 931 > 9313 > 9313.99","ya","1048"
"932","932","3","Golongan","93","BURUH INDUSTRI PENGOLAHAN","9","PEKERJA KASAR","9 > 93 > 932","tidak","1048"
"9321","9321","4","Subgolongan","932","BURUH PENGEMASAN","9","PEKERJA KASAR","9 > 93 > 932 > 9321","tidak","1048"
"9321.01","932101","6","Jabatan","9321","BURUH PELABELAN DENGAN TANGAN","9","PEKERJA KASAR","9 > 93 > 932 > 9321 > 9321.01","tidak","1048"
"9321.02","932102","6","Jabatan","9321","BURUH PENGEPAKAN DENGAN TANGAN","9","PEKERJA KASAR","9 > 93 > 932 > 9321 > 9321.02","tidak","1049"
"9321.03","932103","6","Jabatan","9321","BURUH PEMBUNGKUS DENGAN TANGAN","9","PEKERJA KASAR","9 > 93 > 932 > 9321 > 9321.03","tidak","1050"
"9321.99","932199","6","Jabatan","9321","BURUH PENGEMASAN LAINNYA","9","PEKERJA KASAR","9 > 93 > 932 > 9321 > 9321.99","ya","1050"
"9329","9329","4","Subgolongan","932","BURUH INDUSTRI PENGOLAHAN YTDL","9","PEKERJA KASAR","9 > 93 > 932 > 9329","ya","1050"
"9329.01","932901","6","Jabatan","9329","PENYORTIR BOTOL","9","PEKERJA KASAR","9 > 93 > 932 > 9329 > 9329.01","tidak","1051"
"9329.02","932902","6","Jabatan","9329","BURUH PRODUKSI","9","PEKERJA KASAR","9 > 93 > 932 > 9329 > 9329.02","tidak","1051"
"9329.03","932903","6","Jabatan","9329","BURUH BONGKAR MUAT BARANG","9","PEKERJA KASAR","9 > 93 > 932 > 9329 > 9329.03","tidak","1051"
"9329.99","932999","6","Jabatan","9329","BURUH INDUSTRI PENGOLAHAN YTDL LAINNYA","9","PEKERJA KASAR","9 > 93 > 932 > 9329 > 9329.99","ya","1052"
"933","933","3","Golongan","93","BURUH TRANSPORTASI DAN PERGUDANGAN","9","PEKERJA KASAR","9 > 93 > 933","tidak","1052"
"9331","9331","4","Subgolongan","933","PENGEMUDI BECAK DAN KENDARAAN BERPEDAL","9","PEKERJA KASAR","9 > 93 > 933 > 9331","tidak","1052"
"9331.00","933100","6","Jabatan","9331","PENGEMUDI BECAK DAN KENDARAAN BERPEDAL","9","PEKERJA KASAR","9 > 93 > 933 > 9331 > 9331.00","tidak","1053"
"9332","9332","4","Subgolongan","933","PENGEMUDI KENDARAAN DAN PERALATAN YANG DITARIK HEWAN","9","PEKERJA KASAR","9 > 93 > 933 > 9332","tidak","1053"
"9332.01","933201","6","Jabatan","9332","PENGEMUDI PERALATAN YANG DITARIK HEWAN","9","PEKERJA KASAR","9 > 93 > 933 > 9332 > 9332.01","tidak","1053"
"9332.02","933202","6","Jabatan","9332","SAIS BENDI","9","PEKERJA KASAR","9 > 93 > 933 > 9332 > 9332.02","tidak","1054"
"9332.99","933299","6","Jabatan","9332","PENGEMUDI KENDARAAN DAN PERALATAN YANG DITARIK HEWAN LAINNYA","9","PEKERJA KASAR","9 > 93 > 933 > 9332 > 9332.99","ya","1054"
"9333","9333","4","Subgolongan","933","PEKERJA PENANGANAN KARGO","9","PEKERJA KASAR","9 > 93 > 933 > 9333","tidak","1054"
"9333.01","933301","6","Jabatan","9333","BURUH ANGKAT BARANG","9","PEKERJA KASAR","9 > 93 > 933 > 9333 > 9333.01","tidak","1055"
"9333.02","933302","6","Jabatan","9333","PEKERJA PENANGANAN BAHAN BAKAR","9","PEKERJA KASAR","9 > 93 > 933 > 9333 > 9333.02","tidak","1055"
"9333.99","933399","6","Jabatan","9333","PEKERJA PENANGANAN KARGO LAINNYA","9","PEKERJA KASAR","9 > 93 > 933 > 9333 > 9333.99","ya","1055"
"9334","9334","4","Subgolongan","933","BURUH PENATA BARANG","9","PEKERJA KASAR","9 > 93 > 933 > 9334","tidak","1056"
"9334.01","933401","6","Jabatan","9334","BURUH PENGISI BARANG","9","PEKERJA KASAR","9 > 93 > 933 > 9334 > 9334.01","tidak","1056"
"9334.02","933402","6","Jabatan","9334","BURUH PENGONTROL BARANG","9","PEKERJA KASAR","9 > 93 > 933 > 9334 > 9334.02","tidak","1056"
"9334.99","933499","6","Jabatan","9334","BURUH PENATA BARANG LAINNYA","9","PEKERJA KASAR","9 > 93 > 933 > 9334 > 9334.99","ya","1056"
"94","94","2","Subgolongan pokok","9","ASISTEN PENYIAPAN MAKANAN","9","PEKERJA KASAR","9 > 94","tidak","1056"
"941","941","3","Golongan","94","ASISTEN PENYIAPAN MAKANAN","9","PEKERJA KASAR","9 > 94 > 941","tidak","1057"
"9411","9411","4","Subgolongan","941","ASISTEN JURU MASAK","9","PEKERJA KASAR","9 > 94 > 941 > 9411","tidak","1057"
"9411.00","941100","6","Jabatan","9411","ASISTEN JURU MASAK","9","PEKERJA KASAR","9 > 94 > 941 > 9411 > 9411.00","tidak","1058"
"9412","9412","4","Subgolongan","941","JURU BANTU DAPUR","9","PEKERJA KASAR","9 > 94 > 941 > 9412","tidak","1058"
"9412.01","941201","6","Jabatan","9412","ASISTEN DAPUR","9","PEKERJA KASAR","9 > 94 > 941 > 9412 > 9412.01","tidak","1059"
"9412.02","941202","6","Jabatan","9412","PENCUCI PIRING","9","PEKERJA KASAR","9 > 94 > 941 > 9412 > 9412.02","tidak","1060"
"9412.03","941203","6","Jabatan","9412","JURU BERSIH DAPUR","9","PEKERJA KASAR","9 > 94 > 941 > 9412 > 9412.03","tidak","1060"
"9412.04","941204","6","Jabatan","9412","PORTER DAPUR (KULI)","9","PEKERJA KASAR","9 > 94 > 941 > 9412 > 9412.04","tidak","1060"
"9412.05","941205","6","Jabatan","9412","PELAYAN DAPUR","9","PEKERJA KASAR","9 > 94 > 941 > 9412 > 9412.05","tidak","1061"
"9412.99","941299","6","Jabatan","9412","JURU BANTU DAPUR LAINNYA","9","PEKERJA KASAR","9 > 94 > 941 > 9412 > 9412.99","ya","1061"
"95","95","2","Subgolongan pokok","9","PEDAGANG DAN PEKERJA JASA JALANAN","9","PEKERJA KASAR","9 > 95","tidak","1061"
"951","951","3","Golongan","95","PEKERJA JASA JALANAN DAN YBDI","9","PEKERJA KASAR","9 > 95 > 951","tidak","1062"
"9510","9510","4","Subgolongan","951","PEKERJA JASA JALANAN DAN YBDI","9","PEKERJA KASAR","9 > 95 > 951 > 9510","tidak","1062"
"9510.01","951001","6","Jabatan","9510","PESURUH","9","PEKERJA KASAR","9 > 95 > 951 > 9510 > 9510.01","tidak","1062"
"9510.02","951002","6","Jabatan","9510","PENYEMIR SEPATU","9","PEKERJA KASAR","9 > 95 > 951 > 9510 > 9510.02","tidak","1063"
"9510.03","951003","6","Jabatan","9510","PEMBERSIH KACA MOBIL","9","PEKERJA KASAR","9 > 95 > 951 > 9510 > 9510.03","tidak","1063"
"9510.04","951004","6","Jabatan","9510","TUKANG PARKIR JALANAN","9","PEKERJA KASAR","9 > 95 > 951 > 9510 > 9510.04","tidak","1063"
"9510.99","951099","6","Jabatan","9510","PEKERJA JASA JALANAN DAN YBDI LAINNYA","9","PEKERJA KASAR","9 > 95 > 951 > 9510 > 9510.99","ya","1064"
"952","952","3","Golongan","95","PEDAGANG KELILING DAN ASONGAN (SELAIN MAKANAN)","9","PEKERJA KASAR","9 > 95 > 952","tidak","1064"
"9520","9520","4","Subgolongan","952","PEDAGANG KELILING DAN ASONGAN (SELAIN MAKANAN)","9","PEKERJA KASAR","9 > 95 > 952 > 9520","tidak","1064"
"9520.01","952001","6","Jabatan","9520","PEDAGANG KELILING (SELAIN MAKANAN)","9","PEKERJA KASAR","9 > 95 > 952 > 9520 > 9520.01","tidak","1064"
"9520.02","952002","6","Jabatan","9520","PEDAGANG ASONGAN (SELAIN MAKANAN)","9","PEKERJA KASAR","9 > 95 > 952 > 9520 > 9520.02","tidak","1065"
"9520.99","952099","6","Jabatan","9520","PEDAGANG KELILING DAN ASONGAN (SELAIN MAKANAN) LAINNYA","9","PEKERJA KASAR","9 > 95 > 952 > 9520 > 9520.99","ya","1065"
"96","96","2","Subgolongan pokok","9","PEKERJA SAMPAH DAN PEKERJA KASAR LAINNYA","9","PEKERJA KASAR","9 > 96","tidak","1065"
"961","961","3","Golongan","96","PEKERJA SAMPAH","9","PEKERJA KASAR","9 > 96 > 961","tidak","1066"
"9611","9611","4","Subgolongan","961","PENGANGKUT SAMPAH","9","PEKERJA KASAR","9 > 96 > 961 > 9611","tidak","1066"
"9611.00","961100","6","Jabatan","9611","PENGANGKUT SAMPAH","9","PEKERJA KASAR","9 > 96 > 961 > 9611 > 9611.00","tidak","1066"
"9612","9612","4","Subgolongan","961","PENYORTIR SAMPAH","9","PEKERJA KASAR","9 > 96 > 961 > 9612","tidak","1067"
"9612.01","961201","6","Jabatan","9612","PEMILAH MATERIAL DAUR ULANG","9","PEKERJA KASAR","9 > 96 > 961 > 9612 > 9612.01","tidak","1067"
"9612.02","961202","6","Jabatan","9612","PENGEPUL MATERIAL DAUR ULANG","9","PEKERJA KASAR","9 > 96 > 961 > 9612 > 9612.02","tidak","1068"
"9612.03","961203","6","Jabatan","9612","PENGUMPUL MATERIAL DAUR ULANG","9","PEKERJA KASAR","9 > 96 > 961 > 9612 > 9612.03","tidak","1068"
"9612.04","961204","6","Jabatan","9612","PENGOLAH SAMPAH ORGANIK","9","PEKERJA KASAR","9 > 96 > 961 > 9612 > 9612.04","tidak","1068"
"9612.05","961205","6","Jabatan","9612","PEMBONGKAR PERANGKAT ELEKTRONIK BEKAS","9","PEKERJA KASAR","9 > 96 > 961 > 9612 > 9612.05","tidak","1068"
"9612.99","961299","6","Jabatan","9612","PEMILAH SAMPAH LAINNYA","9","PEKERJA KASAR","9 > 96 > 961 > 9612 > 9612.99","ya","1068"
"9613","9613","4","Subgolongan","961","TUKANG SAPU DAN YBDI","9","PEKERJA KASAR","9 > 96 > 961 > 9613","tidak","1069"
"9613.01","961301","6","Jabatan","9613","TUKANG SAPU TAMAN","9","PEKERJA KASAR","9 > 96 > 961 > 9613 > 9613.01","tidak","1069"
"9613.02","961302","6","Jabatan","9613","TUKANG SAPU JALANAN","9","PEKERJA KASAR","9 > 96 > 961 > 9613 > 9613.02","tidak","1069"
"9613.99","961399","6","Jabatan","9613","TUKANG SAPU DAN YBDI LAINNYA","9","PEKERJA KASAR","9 > 96 > 961 > 9613 > 9613.99","ya","1069"
"962","962","3","Golongan","96","PEKERJA KASAR LAINNYA","9","PEKERJA KASAR","9 > 96 > 962","tidak","1069"
"9621","9621","4","Subgolongan","962","KURIR, PENGANTAR PAKET, DAN KULI ANGKUT BARANG","9","PEKERJA KASAR","9 > 96 > 962 > 9621","tidak","1070"
"9621.01","962101","6","Jabatan","9621","LOPER/PENGANTAR KORAN","9","PEKERJA KASAR","9 > 96 > 962 > 9621 > 9621.01","tidak","1070"
"9621.02","962102","6","Jabatan","9621","PEMBAWA PESAN","9","PEKERJA KASAR","9 > 96 > 962 > 9621 > 9621.02","tidak","1070"
"9621.03","962103","6","Jabatan","9621","KULI ANGKUT BARANG (PORTER)","9","PEKERJA KASAR","9 > 96 > 962 > 9621 > 9621.03","tidak","1071"
"9621.04","962104","6","Jabatan","9621","PESURUH POS","9","PEKERJA KASAR","9 > 96 > 962 > 9621 > 9621.04","tidak","1071"
"9621.99","962199","6","Jabatan","9621","KURIR, PENGANTAR PAKET, DAN KULI ANGKUT BARANG LAINNYA","9","PEKERJA KASAR","9 > 96 > 962 > 9621 > 9621.99","ya","1071"
"9622","9622","4","Subgolongan","962","PEKERJA SERABUTAN","9","PEKERJA KASAR","9 > 96 > 962 > 9622","tidak","1071"
"9622.01","962201","6","Jabatan","9622","PEKERJA PEMELIHARAAN FASILITAS","9","PEKERJA KASAR","9 > 96 > 962 > 9622 > 9622.01","tidak","1072"
"9622.02","962202","6","Jabatan","9622","PEKERJA SERBAGUNA HOTEL","9","PEKERJA KASAR","9 > 96 > 962 > 9622 > 9622.02","tidak","1072"
"9622.99","962299","6","Jabatan","9622","PEKERJA SERABUTAN LAINNYA","9","PEKERJA KASAR","9 > 96 > 962 > 9622 > 9622.99","ya","1072"
"9623","9623","4","Subgolongan","962","PEMBACA METERAN DAN PENGUMPUL MESIN VENDING","9","PEKERJA KASAR","9 > 96 > 962 > 9623","tidak","1072"
"9623.01","962301","6","Jabatan","9623","PENGISI MESIN PENJUAL OTOMATIS","9","PEKERJA KASAR","9 > 96 > 962 > 9623 > 9623.01","tidak","1072"
"9623.02","962302","6","Jabatan","9623","PEMBACA METERAN","9","PEKERJA KASAR","9 > 96 > 962 > 9623 > 9623.02","tidak","1073"
"9623.99","962399","6","Jabatan","9623","PEMBACA METERAN DAN PENGUMPUL MESIN VENDING LAINNYA","9","PEKERJA KASAR","9 > 96 > 962 > 9623 > 9623.99","ya","1073"
"9624","9624","4","Subgolongan","962","PENGUMPUL AIR DAN KAYU BAKAR","9","PEKERJA KASAR","9 > 96 > 962 > 9624","tidak","1073"
"9624.01","962401","6","Jabatan","9624","PENGUMPUL KAYU BAKAR","9","PEKERJA KASAR","9 > 96 > 962 > 9624 > 9624.01","tidak","1074"
"9624.02","962402","6","Jabatan","9624","PENGUMPUL AIR","9","PEKERJA KASAR","9 > 96 > 962 > 9624 > 9624.02","tidak","1074"
"9624.99","962499","6","Jabatan","9624","PENGUMPUL AIR DAN KAYU BAKAR LAINNYA","9","PEKERJA KASAR","9 > 96 > 962 > 9624 > 9624.99","ya","1074"
"9629","9629","4","Subgolongan","962","PEKERJA KASAR YTDL","9","PEKERJA KASAR","9 > 96 > 962 > 9629","ya","1074"
"9629.01","962901","6","Jabatan","9629","PENJAGA PINTU","9","PEKERJA KASAR","9 > 96 > 962 > 9629 > 9629.01","tidak","1075"
"9629.02","962902","6","Jabatan","9629","PETUGAS PARKIR","9","PEKERJA KASAR","9 > 96 > 962 > 9629 > 9629.02","tidak","1075"
"9629.03","962903","6","Jabatan","9629","PETUGAS RUANG PAMERAN","9","PEKERJA KASAR","9 > 96 > 962 > 9629 > 9629.03","tidak","1075"
"9629.04","962904","6","Jabatan","9629","PETUGAS RUANG MANTEL","9","PEKERJA KASAR","9 > 96 > 962 > 9629 > 9629.04","tidak","1075"
"9629.05","962905","6","Jabatan","9629","PENGUMPUL TIKET","9","PEKERJA KASAR","9 > 96 > 962 > 9629 > 9629.05","tidak","1076"
"9629.06","962906","6","Jabatan","9629","PETUGAS AREA REKREASI DAN OLAHRAGA","9","PEKERJA KASAR","9 > 96 > 962 > 9629 > 9629.06","tidak","1076"
"9629.99","962999","6","Jabatan","9629","PEKERJA KASAR YTDL LAINNYA","9","PEKERJA KASAR","9 > 96 > 962 > 9629 > 9629.99","ya","1076"
