"halaman_pdf","alasan","teks"
"103","margin_kepala_kaki","Tentara Nasional Indonesia (TNI) dan Kepolisian Negara Republik Indonesia (Polri)  |  71"
"103","teks_miring_watermark","https://www.bps.go.id"
"104","margin_kepala_kaki","72 | Klasifikasi Baku Jabatan Indonesia (KBJI) 2026"
"104","teks_miring_watermark","https://www.bps.go.id"
"105","margin_kepala_kaki","Tentara Nasional Indonesia (TNI) dan Kepolisian Negara Republik Indonesia (Polri)  |  73"
"105","teks_miring_watermark","https://www.bps.go.id"
"106","margin_kepala_kaki","74 | Klasifikasi Baku Jabatan Indonesia (KBJI) 2026"
"106","teks_miring_watermark","https://www.bps.go.id"
"107","margin_kepala_kaki","Tentara Nasional Indonesia (TNI) dan Kepolisian Negara Republik Indonesia (Polri)  |  75"
"107","teks_miring_watermark","https://www.bps.go.id"
"108","margin_kepala_kaki","76 | Klasifikasi Baku Jabatan Indonesia (KBJI) 2026"
"108","teks_miring_watermark","https://www.bps.go.id"
"109","margin_kepala_kaki","Tentara Nasional Indonesia (TNI) dan Kepolisian Negara Republik Indonesia (Polri)  |  77"
"109","teks_miring_watermark","https://www.bps.go.id"
"110","margin_kepala_kaki","78 | Klasifikasi Baku Jabatan Indonesia (KBJI) 2026"
"110","teks_miring_watermark","https://www.bps.go.id"
"111","margin_kepala_kaki","Tentara Nasional Indonesia (TNI) dan Kepolisian Negara Republik Indonesia (Polri)  |  79"
"111","teks_miring_watermark","https://www.bps.go.id"
"112","margin_kepala_kaki","80 | Klasifikasi Baku Jabatan Indonesia (KBJI) 2026"
"112","teks_miring_watermark","https://www.bps.go.id"
"113","margin_kepala_kaki","Tentara Nasional Indonesia (TNI) dan Kepolisian Negara Republik Indonesia (Polri)  |  81"
"113","teks_miring_watermark","https://www.bps.go.id"
"114","margin_kepala_kaki","82 | Klasifikasi Baku Jabatan Indonesia (KBJI) 2026"
"114","teks_miring_watermark","https://www.bps.go.id"
"115","margin_kepala_kaki","Tentara Nasional Indonesia (TNI) dan Kepolisian Negara Republik Indonesia (Polri)  |  83"
"115","teks_miring_watermark","https://www.bps.go.id"
"116","margin_kepala_kaki","84 | Klasifikasi Baku Jabatan Indonesia (KBJI) 2026"
"116","teks_miring_watermark","https://www.bps.go.id"
"117","margin_kepala_kaki","Tentara Nasional Indonesia (TNI) dan Kepolisian Negara Republik Indonesia (Polri)  |  85"
"117","teks_miring_watermark","https://www.bps.go.id"
"118","margin_kepala_kaki","86 | Klasifikasi Baku Jabatan Indonesia (KBJI) 2026"
"118","teks_miring_watermark","https://www.bps.go.id"
"119","margin_kepala_kaki","Tentara Nasional Indonesia (TNI) dan Kepolisian Negara Republik Indonesia (Polri)  |  87"
"119","teks_miring_watermark","https://www.bps.go.id"
"120","margin_kepala_kaki","88 | Klasifikasi Baku Jabatan Indonesia (KBJI) 2026"
"120","teks_miring_watermark","https://www.bps.go.id"
"121","margin_kepala_kaki","Tentara Nasional Indonesia (TNI) dan Kepolisian Negara Republik Indonesia (Polri)  |  89"
"121","teks_miring_watermark","https://www.bps.go.id"
"122","margin_kepala_kaki","90 | Klasifikasi Baku Jabatan Indonesia (KBJI) 2026"
"122","teks_miring_watermark","https://www.bps.go.id"
"123","margin_kepala_kaki","Tentara Nasional Indonesia (TNI) dan Kepolisian Negara Republik Indonesia (Polri)  |  91"
"123","teks_miring_watermark","https://www.bps.go.id"
"124","margin_kepala_kaki","92 | Klasifikasi Baku Jabatan Indonesia (KBJI) 2026"
"124","teks_miring_watermark","https://www.bps.go.id"
"125","margin_kepala_kaki","Tentara Nasional Indonesia (TNI) dan Kepolisian Negara Republik Indonesia (Polri)  |  93"
"125","teks_miring_watermark","https://www.bps.go.id"
"126","margin_kepala_kaki","94 | Klasifikasi Baku Jabatan Indonesia (KBJI) 2026"
"126","teks_miring_watermark","https://www.bps.go.id"
"127","margin_kepala_kaki","Tentara Nasional Indonesia (TNI) dan Kepolisian Negara Republik Indonesia (Polri)  |  95"
"127","teks_miring_watermark","https://www.bps.go.id"
"128","margin_kepala_kaki","96 | Klasifikasi Baku Jabatan Indonesia (KBJI) 2026"
"128","teks_miring_watermark","https://www.bps.go.id"
"129","margin_kepala_kaki","Tentara Nasional Indonesia (TNI) dan Kepolisian Negara Republik Indonesia (Polri)  |  97"
"129","teks_miring_watermark","https://www.bps.go.id"
"130","margin_kepala_kaki","98 | Klasifikasi Baku Jabatan Indonesia (KBJI) 2026"
"130","teks_miring_watermark","https://www.bps.go.id"
"131","margin_kepala_kaki","Tentara Nasional Indonesia (TNI) dan Kepolisian Negara Republik Indonesia (Polri)  |  99"
"131","teks_miring_watermark","https://www.bps.go.id"
"132","margin_kepala_kaki","100 | Klasifikasi Baku Jabatan Indonesia (KBJI) 2026"
"132","teks_miring_watermark","https://www.bps.go.id"
"133","margin_kepala_kaki","Tentara Nasional Indonesia (TNI) dan Kepolisian Negara Republik Indonesia (Polri)  |  101"
"133","teks_miring_watermark","https://www.bps.go.id"
"134","margin_kepala_kaki","102 | Klasifikasi Baku Jabatan Indonesia (KBJI) 2026"
"134","teks_miring_watermark","https://www.bps.go.id"
"135","margin_kepala_kaki","Tentara Nasional Indonesia (TNI) dan Kepolisian Negara Republik Indonesia (Polri)  |  103"
"135","teks_miring_watermark","https://www.bps.go.id"
"136","margin_kepala_kaki","104 | Klasifikasi Baku Jabatan Indonesia (KBJI) 2026"
"136","teks_miring_watermark","https://www.bps.go.id"
"137","margin_kepala_kaki","Tentara Nasional Indonesia (TNI) dan Kepolisian Negara Republik Indonesia (Polri)  |  105"
"137","teks_miring_watermark","https://www.bps.go.id"
"138","margin_kepala_kaki","106 | Klasifikasi Baku Jabatan Indonesia (KBJI) 2026"
"138","teks_miring_watermark","https://www.bps.go.id"
"139","margin_kepala_kaki","Tentara Nasional Indonesia (TNI) dan Kepolisian Negara Republik Indonesia (Polri)  |  107"
"139","teks_miring_watermark","https://www.bps.go.id"
"140","margin_kepala_kaki","108 | Klasifikasi Baku Jabatan Indonesia (KBJI) 2026"
"140","teks_miring_watermark","https://www.bps.go.id"
"141","margin_kepala_kaki","Tentara Nasional Indonesia (TNI) dan Kepolisian Negara Republik Indonesia (Polri)  |  109"
"141","teks_miring_watermark","https://www.bps.go.id"
"142","margin_kepala_kaki","110 | Klasifikasi Baku Jabatan Indonesia (KBJI) 2026"
"142","teks_miring_watermark","https://www.bps.go.id"
"143","margin_kepala_kaki","Tentara Nasional Indonesia (TNI) dan Kepolisian Negara Republik Indonesia (Polri)  |  111"
"143","teks_miring_watermark","https://www.bps.go.id"
"144","margin_kepala_kaki","112 | Klasifikasi Baku Jabatan Indonesia (KBJI) 2026"
"144","teks_miring_watermark","https://www.bps.go.id"
"145","margin_kepala_kaki","Tentara Nasional Indonesia (TNI) dan Kepolisian Negara Republik Indonesia (Polri)  |  113"
"145","teks_miring_watermark","https://www.bps.go.id"
"146","margin_kepala_kaki","114 | Klasifikasi Baku Jabatan Indonesia (KBJI) 2026"
"146","teks_miring_watermark","https://www.bps.go.id"
"147","margin_kepala_kaki","Tentara Nasional Indonesia (TNI) dan Kepolisian Negara Republik Indonesia (Polri)  |  115"
"147","teks_miring_watermark","https://www.bps.go.id"
"148","margin_kepala_kaki","116 | Klasifikasi Baku Jabatan Indonesia (KBJI) 2026"
"148","teks_miring_watermark","https://www.bps.go.id"
"149","margin_kepala_kaki","Tentara Nasional Indonesia (TNI) dan Kepolisian Negara Republik Indonesia (Polri)  |  117"
"149","teks_miring_watermark","https://www.bps.go.id"
"150","margin_kepala_kaki","118 | Klasifikasi Baku Jabatan Indonesia (KBJI) 2026"
"150","teks_miring_watermark","https://www.bps.go.id"
"151","margin_kepala_kaki","Tentara Nasional Indonesia (TNI) dan Kepolisian Negara Republik Indonesia (Polri)  |  119"
"151","teks_miring_watermark","https://www.bps.go.id"
"152","margin_kepala_kaki","120 | Klasifikasi Baku Jabatan Indonesia (KBJI) 2026"
"152","teks_miring_watermark","https://www.bps.go.id"
"153","margin_kepala_kaki","Tentara Nasional Indonesia (TNI) dan Kepolisian Negara Republik Indonesia (Polri)  |  121"
"153","teks_miring_watermark","https://www.bps.go.id"
"154","margin_kepala_kaki","122 | Klasifikasi Baku Jabatan Indonesia (KBJI) 2026"
"154","teks_miring_watermark","https://www.bps.go.id"
"155","margin_kepala_kaki","Tentara Nasional Indonesia (TNI) dan Kepolisian Negara Republik Indonesia (Polri)  |  123"
"155","teks_miring_watermark","https://www.bps.go.id"
"156","margin_kepala_kaki","124 | Klasifikasi Baku Jabatan Indonesia (KBJI) 2026"
"156","teks_miring_watermark","https://www.bps.go.id"
"157","margin_kepala_kaki","Tentara Nasional Indonesia (TNI) dan Kepolisian Negara Republik Indonesia (Polri)  |  125"
"157","teks_miring_watermark","https://www.bps.go.id"
"158","margin_kepala_kaki","126 | Klasifikasi Baku Jabatan Indonesia (KBJI) 2026"
"158","teks_miring_watermark","https://www.bps.go.id"
"159","margin_kepala_kaki","Tentara Nasional Indonesia (TNI) dan Kepolisian Negara Republik Indonesia (Polri)  |  127"
"159","teks_miring_watermark","https://www.bps.go.id"
"160","teks_miring_watermark","https://www.bps.go.id"
"161","margin_kepala_kaki","Manajer  |  129"
"161","teks_miring_watermark","https://www.bps.go.id"
"162","margin_kepala_kaki","130  |  Klasifikasi Baku Jabatan Indonesia (KBJI) 2026"
"162","teks_miring_watermark","https://www.bps.go.id"
"163","margin_kepala_kaki","Manajer  |  131"
"163","teks_miring_watermark","https://www.bps.go.id"
"164","margin_kepala_kaki","132  |  Klasifikasi Baku Jabatan Indonesia (KBJI) 2026"
"164","teks_miring_watermark","https://www.bps.go.id"
"165","margin_kepala_kaki","Manajer  |  133"
"165","teks_miring_watermark","https://www.bps.go.id"
"166","margin_kepala_kaki","134  |  Klasifikasi Baku Jabatan Indonesia (KBJI) 2026"
"166","teks_miring_watermark","https://www.bps.go.id"
"167","margin_kepala_kaki","Manajer  |  135"
"167","teks_miring_watermark","https://www.bps.go.id"
"168","margin_kepala_kaki","136  |  Klasifikasi Baku Jabatan Indonesia (KBJI) 2026"
"168","teks_miring_watermark","https://www.bps.go.id"
"169","margin_kepala_kaki","Manajer  |  137"
"169","teks_miring_watermark","https://www.bps.go.id"
"170","margin_kepala_kaki","138  |  Klasifikasi Baku Jabatan Indonesia (KBJI) 2026"
"170","teks_miring_watermark","https://www.bps.go.id"
"171","margin_kepala_kaki","Manajer  |  139"
"171","teks_miring_watermark","https://www.bps.go.id"
"172","margin_kepala_kaki","140  |  Klasifikasi Baku Jabatan Indonesia (KBJI) 2026"
"172","teks_miring_watermark","https://www.bps.go.id"
"173","margin_kepala_kaki","Manajer  |  141"
"173","teks_miring_watermark","https://www.bps.go.id"
"174","margin_kepala_kaki","142  |  Klasifikasi Baku Jabatan Indonesia (KBJI) 2026"
"174","teks_miring_watermark","https://www.bps.go.id"
"175","margin_kepala_kaki","Manajer  |  143"
"175","teks_miring_watermark","https://www.bps.go.id"
"176","margin_kepala_kaki","144  |  Klasifikasi Baku Jabatan Indonesia (KBJI) 2026"
"176","teks_miring_watermark","https://www.bps.go.id"
"177","margin_kepala_kaki","Manajer  |  145"
"177","teks_miring_watermark","https://www.bps.go.id"
"178","margin_kepala_kaki","146  |  Klasifikasi Baku Jabatan Indonesia (KBJI) 2026"
"178","teks_miring_watermark","https://www.bps.go.id"
"179","margin_kepala_kaki","Manajer  |  147"
"179","teks_miring_watermark","https://www.bps.go.id"
"180","margin_kepala_kaki","148  |  Klasifikasi Baku Jabatan Indonesia (KBJI) 2026"
"180","teks_miring_watermark","https://www.bps.go.id"
"181","margin_kepala_kaki","Manajer  |  149"
"181","teks_miring_watermark","https://www.bps.go.id"
"182","margin_kepala_kaki","150  |  Klasifikasi Baku Jabatan Indonesia (KBJI) 2026"
"182","teks_miring_watermark","https://www.bps.go.id"
"183","margin_kepala_kaki","Manajer  |  151"
"183","teks_miring_watermark","https://www.bps.go.id"
"184","margin_kepala_kaki","152  |  Klasifikasi Baku Jabatan Indonesia (KBJI) 2026"
"184","teks_miring_watermark","https://www.bps.go.id"
"185","margin_kepala_kaki","Manajer  |  153"
"185","teks_miring_watermark","https://www.bps.go.id"
"186","margin_kepala_kaki","154  |  Klasifikasi Baku Jabatan Indonesia (KBJI) 2026"
"186","teks_miring_watermark","https://www.bps.go.id"
"187","margin_kepala_kaki","Manajer  |  155"
"187","teks_miring_watermark","https://www.bps.go.id"
"188","margin_kepala_kaki","156  |  Klasifikasi Baku Jabatan Indonesia (KBJI) 2026"
"188","teks_miring_watermark","https://www.bps.go.id"
"189","margin_kepala_kaki","Manajer  |  157"
"189","teks_miring_watermark","https://www.bps.go.id"
"190","margin_kepala_kaki","158  |  Klasifikasi Baku Jabatan Indonesia (KBJI) 2026"
"190","teks_miring_watermark","https://www.bps.go.id"
"191","margin_kepala_kaki","Manajer  |  159"
"191","teks_miring_watermark","https://www.bps.go.id"
"192","margin_kepala_kaki","160  |  Klasifikasi Baku Jabatan Indonesia (KBJI) 2026"
"192","teks_miring_watermark","https://www.bps.go.id"
"193","margin_kepala_kaki","Manajer  |  161"
"193","teks_miring_watermark","https://www.bps.go.id"
"194","margin_kepala_kaki","162  |  Klasifikasi Baku Jabatan Indonesia (KBJI) 2026"
"194","teks_miring_watermark","https://www.bps.go.id"
"195","margin_kepala_kaki","Manajer  |  163"
"195","teks_miring_watermark","https://www.bps.go.id"
"196","margin_kepala_kaki","164  |  Klasifikasi Baku Jabatan Indonesia (KBJI) 2026"
"196","teks_miring_watermark","https://www.bps.go.id"
"197","margin_kepala_kaki","Manajer  |  165"
"197","teks_miring_watermark","https://www.bps.go.id"
"198","margin_kepala_kaki","166  |  Klasifikasi Baku Jabatan Indonesia (KBJI) 2026"
"198","teks_miring_watermark","https://www.bps.go.id"
"199","margin_kepala_kaki","Manajer  |  167"
"199","teks_miring_watermark","https://www.bps.go.id"
"200","margin_kepala_kaki","168  |  Klasifikasi Baku Jabatan Indonesia (KBJI) 2026"
"200","teks_miring_watermark","https://www.bps.go.id"
"201","margin_kepala_kaki","Manajer  |  169"
"201","teks_miring_watermark","https://www.bps.go.id"
"202","margin_kepala_kaki","170  |  Klasifikasi Baku Jabatan Indonesia (KBJI) 2026"
"202","teks_miring_watermark","https://www.bps.go.id"
"203","margin_kepala_kaki","Manajer  |  171"
"203","teks_miring_watermark","https://www.bps.go.id"
"204","margin_kepala_kaki","172  |  Klasifikasi Baku Jabatan Indonesia (KBJI) 2026"
"204","teks_miring_watermark","https://www.bps.go.id"
"205","margin_kepala_kaki","Manajer  |  173"
"205","teks_miring_watermark","https://www.bps.go.id"
"206","margin_kepala_kaki","174  |  Klasifikasi Baku Jabatan Indonesia (KBJI) 2026"
"206","teks_miring_watermark","https://www.bps.go.id"
"207","margin_kepala_kaki","Manajer  |  175"
"207","teks_miring_watermark","https://www.bps.go.id"
"208","margin_kepala_kaki","176  |  Klasifikasi Baku Jabatan Indonesia (KBJI) 2026"
"208","teks_miring_watermark","https://www.bps.go.id"
"209","margin_kepala_kaki","Manajer  |  177"
"209","teks_miring_watermark","https://www.bps.go.id"
"210","margin_kepala_kaki","178  |  Klasifikasi Baku Jabatan Indonesia (KBJI) 2026"
"210","teks_miring_watermark","https://www.bps.go.id"
"211","margin_kepala_kaki","Manajer  |  179"
"211","teks_miring_watermark","https://www.bps.go.id"
"212","margin_kepala_kaki","180  |  Klasifikasi Baku Jabatan Indonesia (KBJI) 2026"
"212","teks_miring_watermark","https://www.bps.go.id"
"213","margin_kepala_kaki","Manajer  |  181"
"213","teks_miring_watermark","https://www.bps.go.id"
"214","margin_kepala_kaki","182  |  Klasifikasi Baku Jabatan Indonesia (KBJI) 2026"
"214","teks_miring_watermark","https://www.bps.go.id"
"215","margin_kepala_kaki","Manajer  |  183"
"215","teks_miring_watermark","https://www.bps.go.id"
"216","margin_kepala_kaki","184  |  Klasifikasi Baku Jabatan Indonesia (KBJI) 2026"
"216","teks_miring_watermark","https://www.bps.go.id"
"217","margin_kepala_kaki","Manajer  |  185"
"217","teks_miring_watermark","https://www.bps.go.id"
"218","margin_kepala_kaki","186  |  Klasifikasi Baku Jabatan Indonesia (KBJI) 2026"
"218","teks_miring_watermark","https://www.bps.go.id"
"219","margin_kepala_kaki","Manajer  |  187"
"219","teks_miring_watermark","https://www.bps.go.id"
"220","margin_kepala_kaki","188  |  Klasifikasi Baku Jabatan Indonesia (KBJI) 2026"
"220","teks_miring_watermark","https://www.bps.go.id"
"221","margin_kepala_kaki","Manajer  |  189"
"221","teks_miring_watermark","https://www.bps.go.id"
"222","margin_kepala_kaki","190  |  Klasifikasi Baku Jabatan Indonesia (KBJI) 2026"
"222","teks_miring_watermark","https://www.bps.go.id"
"223","margin_kepala_kaki","Manajer  |  191"
"223","teks_miring_watermark","https://www.bps.go.id"
"224","margin_kepala_kaki","192  |  Klasifikasi Baku Jabatan Indonesia (KBJI) 2026"
"224","teks_miring_watermark","https://www.bps.go.id"
"225","margin_kepala_kaki","Manajer  |  193"
"225","teks_miring_watermark","https://www.bps.go.id"
"226","margin_kepala_kaki","194  |  Klasifikasi Baku Jabatan Indonesia (KBJI) 2026"
"226","teks_miring_watermark","https://www.bps.go.id"
"227","margin_kepala_kaki","Manajer  |  195"
"227","teks_miring_watermark","https://www.bps.go.id"
"228","margin_kepala_kaki","196  |  Klasifikasi Baku Jabatan Indonesia (KBJI) 2026"
"228","teks_miring_watermark","https://www.bps.go.id"
"229","margin_kepala_kaki","Manajer  |  197"
"229","teks_miring_watermark","https://www.bps.go.id"
"230","margin_kepala_kaki","198  |  Klasifikasi Baku Jabatan Indonesia (KBJI) 2026"
"230","teks_miring_watermark","https://www.bps.go.id"
"231","margin_kepala_kaki","Manajer  |  199"
"231","teks_miring_watermark","https://www.bps.go.id"
"232","margin_kepala_kaki","200  |  Klasifikasi Baku Jabatan Indonesia (KBJI) 2026"
"232","teks_miring_watermark","https://www.bps.go.id"
"233","margin_kepala_kaki","Manajer  |  201"
"233","teks_miring_watermark","https://www.bps.go.id"
"234","margin_kepala_kaki","202  |  Klasifikasi Baku Jabatan Indonesia (KBJI) 2026"
"234","teks_miring_watermark","https://www.bps.go.id"
"235","margin_kepala_kaki","Manajer  |  203"
"235","teks_miring_watermark","https://www.bps.go.id"
"236","margin_kepala_kaki","204  |  Klasifikasi Baku Jabatan Indonesia (KBJI) 2026"
"236","teks_miring_watermark","https://www.bps.go.id"
"237","margin_kepala_kaki","Manajer  |  205"
"237","teks_miring_watermark","https://www.bps.go.id"
"238","margin_kepala_kaki","206  |  Klasifikasi Baku Jabatan Indonesia (KBJI) 2026"
"238","teks_miring_watermark","https://www.bps.go.id"
"239","margin_kepala_kaki","Manajer  |  207"
"239","teks_miring_watermark","https://www.bps.go.id"
"240","margin_kepala_kaki","208  |  Klasifikasi Baku Jabatan Indonesia (KBJI) 2026"
"240","teks_miring_watermark","https://www.bps.go.id"
"241","margin_kepala_kaki","Manajer  |  209"
"241","teks_miring_watermark","https://www.bps.go.id"
"242","margin_kepala_kaki","210  |  Klasifikasi Baku Jabatan Indonesia (KBJI) 2026"
"242","teks_miring_watermark","https://www.bps.go.id"
"243","margin_kepala_kaki","Manajer  |  211"
"243","teks_miring_watermark","https://www.bps.go.id"
"244","margin_kepala_kaki","212  |  Klasifikasi Baku Jabatan Indonesia (KBJI) 2026"
"244","teks_miring_watermark","https://www.bps.go.id"
"245","margin_kepala_kaki","Manajer  |  213"
"245","teks_miring_watermark","https://www.bps.go.id"
"246","margin_kepala_kaki","214  |  Klasifikasi Baku Jabatan Indonesia (KBJI) 2026"
"246","teks_miring_watermark","https://www.bps.go.id"
"247","margin_kepala_kaki","Manajer  |  215"
"247","teks_miring_watermark","https://www.bps.go.id"
"248","margin_kepala_kaki","216  |  Klasifikasi Baku Jabatan Indonesia (KBJI) 2026"
"248","teks_miring_watermark","https://www.bps.go.id"
"249","margin_kepala_kaki","Manajer  |  217"
"249","teks_miring_watermark","https://www.bps.go.id"
"250","margin_kepala_kaki","218  |  Klasifikasi Baku Jabatan Indonesia (KBJI) 2026"
"250","teks_miring_watermark","https://www.bps.go.id"
"251","margin_kepala_kaki","Manajer  |  219"
"251","teks_miring_watermark","https://www.bps.go.id"
"252","margin_kepala_kaki","220  |  Klasifikasi Baku Jabatan Indonesia (KBJI) 2026"
"252","teks_miring_watermark","https://www.bps.go.id"
"253","margin_kepala_kaki","Manajer  |  221"
"253","teks_miring_watermark","https://www.bps.go.id"
"254","margin_kepala_kaki","222  |  Klasifikasi Baku Jabatan Indonesia (KBJI) 2026"
"254","teks_miring_watermark","https://www.bps.go.id"
"255","margin_kepala_kaki","Manajer  |  223"
"255","teks_miring_watermark","https://www.bps.go.id"
"256","margin_kepala_kaki","224  |  Klasifikasi Baku Jabatan Indonesia (KBJI) 2026"
"256","teks_miring_watermark","https://www.bps.go.id"
"257","margin_kepala_kaki","Manajer  |  225"
"257","teks_miring_watermark","https://www.bps.go.id"
"258","margin_kepala_kaki","226  |  Klasifikasi Baku Jabatan Indonesia (KBJI) 2026"
"258","teks_miring_watermark","https://www.bps.go.id"
"259","margin_kepala_kaki","Manajer  |  227"
"259","teks_miring_watermark","https://www.bps.go.id"
"260","teks_miring_watermark","https://www.bps.go.id"
"261","teks_miring_watermark","https://www.bps.go.id"
"262","teks_miring_watermark","https://www.bps.go.id"
"263","margin_kepala_kaki","Profesional  |  231"
"263","teks_miring_watermark","https://www.bps.go.id"
"264","margin_kepala_kaki","232  |  Klasifikasi Baku Jabatan Indonesia (KBJI) 2026"
"264","teks_miring_watermark","https://www.bps.go.id"
"265","margin_kepala_kaki","Profesional  |  233"
"265","teks_miring_watermark","https://www.bps.go.id"
"266","margin_kepala_kaki","234  |  Klasifikasi Baku Jabatan Indonesia (KBJI) 2026"
"266","teks_miring_watermark","https://www.bps.go.id"
"267","margin_kepala_kaki","Profesional  |  235"
"267","teks_miring_watermark","https://www.bps.go.id"
"268","margin_kepala_kaki","236  |  Klasifikasi Baku Jabatan Indonesia (KBJI) 2026"
"268","teks_miring_watermark","https://www.bps.go.id"
"269","margin_kepala_kaki","Profesional  |  237"
"269","teks_miring_watermark","https://www.bps.go.id"
"270","margin_kepala_kaki","238  |  Klasifikasi Baku Jabatan Indonesia (KBJI) 2026"
"270","teks_miring_watermark","https://www.bps.go.id"
"271","margin_kepala_kaki","Profesional  |  239"
"271","teks_miring_watermark","https://www.bps.go.id"
"272","margin_kepala_kaki","240  |  Klasifikasi Baku Jabatan Indonesia (KBJI) 2026"
"272","teks_miring_watermark","https://www.bps.go.id"
"273","margin_kepala_kaki","Profesional  |  241"
"273","teks_miring_watermark","https://www.bps.go.id"
"274","margin_kepala_kaki","242  |  Klasifikasi Baku Jabatan Indonesia (KBJI) 2026"
"274","teks_miring_watermark","https://www.bps.go.id"
"275","margin_kepala_kaki","Profesional  |  243"
"275","teks_miring_watermark","https://www.bps.go.id"
"276","margin_kepala_kaki","244  |  Klasifikasi Baku Jabatan Indonesia (KBJI) 2026"
"276","teks_miring_watermark","https://www.bps.go.id"
"277","margin_kepala_kaki","Profesional  |  245"
"277","teks_miring_watermark","https://www.bps.go.id"
"278","margin_kepala_kaki","246  |  Klasifikasi Baku Jabatan Indonesia (KBJI) 2026"
"278","teks_miring_watermark","https://www.bps.go.id"
"279","margin_kepala_kaki","Profesional  |  247"
"279","teks_miring_watermark","https://www.bps.go.id"
"280","margin_kepala_kaki","248  |  Klasifikasi Baku Jabatan Indonesia (KBJI) 2026"
"280","teks_miring_watermark","https://www.bps.go.id"
"281","margin_kepala_kaki","Profesional  |  249"
"281","teks_miring_watermark","https://www.bps.go.id"
"282","margin_kepala_kaki","250  |  Klasifikasi Baku Jabatan Indonesia (KBJI) 2026"
"282","teks_miring_watermark","https://www.bps.go.id"
"283","margin_kepala_kaki","Profesional  |  251"
"283","teks_miring_watermark","https://www.bps.go.id"
"284","margin_kepala_kaki","252  |  Klasifikasi Baku Jabatan Indonesia (KBJI) 2026"
"284","teks_miring_watermark","https://www.bps.go.id"
"285","margin_kepala_kaki","Profesional  |  253"
"285","teks_miring_watermark","https://www.bps.go.id"
"286","margin_kepala_kaki","254  |  Klasifikasi Baku Jabatan Indonesia (KBJI) 2026"
"286","teks_miring_watermark","https://www.bps.go.id"
"287","margin_kepala_kaki","Profesional  |  255"
"287","teks_miring_watermark","https://www.bps.go.id"
"288","margin_kepala_kaki","256  |  Klasifikasi Baku Jabatan Indonesia (KBJI) 2026"
"288","teks_miring_watermark","https://www.bps.go.id"
"289","margin_kepala_kaki","Profesional  |  257"
"289","teks_miring_watermark","https://www.bps.go.id"
"290","margin_kepala_kaki","258  |  Klasifikasi Baku Jabatan Indonesia (KBJI) 2026"
"290","teks_miring_watermark","https://www.bps.go.id"
"291","margin_kepala_kaki","Profesional  |  259"
"291","teks_miring_watermark","https://www.bps.go.id"
"292","margin_kepala_kaki","260  |  Klasifikasi Baku Jabatan Indonesia (KBJI) 2026"
"292","teks_miring_watermark","https://www.bps.go.id"
"293","margin_kepala_kaki","Profesional  |  261"
"293","teks_miring_watermark","https://www.bps.go.id"
"294","margin_kepala_kaki","262  |  Klasifikasi Baku Jabatan Indonesia (KBJI) 2026"
"294","teks_miring_watermark","https://www.bps.go.id"
"295","margin_kepala_kaki","Profesional  |  263"
"295","teks_miring_watermark","https://www.bps.go.id"
"296","margin_kepala_kaki","264  |  Klasifikasi Baku Jabatan Indonesia (KBJI) 2026"
"296","teks_miring_watermark","https://www.bps.go.id"
"297","margin_kepala_kaki","Profesional  |  265"
"297","teks_miring_watermark","https://www.bps.go.id"
"298","margin_kepala_kaki","266  |  Klasifikasi Baku Jabatan Indonesia (KBJI) 2026"
"298","teks_miring_watermark","https://www.bps.go.id"
"299","margin_kepala_kaki","Profesional  |  267"
"299","teks_miring_watermark","https://www.bps.go.id"
"300","margin_kepala_kaki","268  |  Klasifikasi Baku Jabatan Indonesia (KBJI) 2026"
"300","teks_miring_watermark","https://www.bps.go.id"
"301","margin_kepala_kaki","Profesional  |  269"
"301","teks_miring_watermark","https://www.bps.go.id"
"302","margin_kepala_kaki","270  |  Klasifikasi Baku Jabatan Indonesia (KBJI) 2026"
"302","teks_miring_watermark","https://www.bps.go.id"
"303","margin_kepala_kaki","Profesional  |  271"
"303","teks_miring_watermark","https://www.bps.go.id"
"304","margin_kepala_kaki","272  |  Klasifikasi Baku Jabatan Indonesia (KBJI) 2026"
"304","teks_miring_watermark","https://www.bps.go.id"
"305","margin_kepala_kaki","Profesional  |  273"
"305","teks_miring_watermark","https://www.bps.go.id"
"306","margin_kepala_kaki","274  |  Klasifikasi Baku Jabatan Indonesia (KBJI) 2026"
"306","teks_miring_watermark","https://www.bps.go.id"
"307","margin_kepala_kaki","Profesional  |  275"
"307","teks_miring_watermark","https://www.bps.go.id"
"308","margin_kepala_kaki","276  |  Klasifikasi Baku Jabatan Indonesia (KBJI) 2026"
"308","teks_miring_watermark","https://www.bps.go.id"
"309","margin_kepala_kaki","Profesional  |  277"
"309","teks_miring_watermark","https://www.bps.go.id"
"310","margin_kepala_kaki","278  |  Klasifikasi Baku Jabatan Indonesia (KBJI) 2026"
"310","teks_miring_watermark","https://www.bps.go.id"
"311","margin_kepala_kaki","Profesional  |  279"
"311","teks_miring_watermark","https://www.bps.go.id"
"312","margin_kepala_kaki","280  |  Klasifikasi Baku Jabatan Indonesia (KBJI) 2026"
"312","teks_miring_watermark","https://www.bps.go.id"
"313","margin_kepala_kaki","Profesional  |  281"
"313","teks_miring_watermark","https://www.bps.go.id"
"314","margin_kepala_kaki","282  |  Klasifikasi Baku Jabatan Indonesia (KBJI) 2026"
"314","teks_miring_watermark","https://www.bps.go.id"
"315","margin_kepala_kaki","Profesional  |  283"
"315","teks_miring_watermark","https://www.bps.go.id"
"316","margin_kepala_kaki","284  |  Klasifikasi Baku Jabatan Indonesia (KBJI) 2026"
"316","teks_miring_watermark","https://www.bps.go.id"
"317","margin_kepala_kaki","Profesional  |  285"
"317","teks_miring_watermark","https://www.bps.go.id"
"318","margin_kepala_kaki","286  |  Klasifikasi Baku Jabatan Indonesia (KBJI) 2026"
"318","teks_miring_watermark","https://www.bps.go.id"
"319","margin_kepala_kaki","Profesional  |  287"
"319","teks_miring_watermark","https://www.bps.go.id"
"320","margin_kepala_kaki","288  |  Klasifikasi Baku Jabatan Indonesia (KBJI) 2026"
"320","teks_miring_watermark","https://www.bps.go.id"
"321","margin_kepala_kaki","Profesional  |  289"
"321","teks_miring_watermark","https://www.bps.go.id"
"322","margin_kepala_kaki","290  |  Klasifikasi Baku Jabatan Indonesia (KBJI) 2026"
"322","teks_miring_watermark","https://www.bps.go.id"
"323","margin_kepala_kaki","Profesional  |  291"
"323","teks_miring_watermark","https://www.bps.go.id"
"324","margin_kepala_kaki","292  |  Klasifikasi Baku Jabatan Indonesia (KBJI) 2026"
"324","teks_miring_watermark","https://www.bps.go.id"
"325","margin_kepala_kaki","Profesional  |  293"
"325","teks_miring_watermark","https://www.bps.go.id"
"326","margin_kepala_kaki","294  |  Klasifikasi Baku Jabatan Indonesia (KBJI) 2026"
"326","teks_miring_watermark","https://www.bps.go.id"
"327","margin_kepala_kaki","Profesional  |  295"
"327","teks_miring_watermark","https://www.bps.go.id"
"328","margin_kepala_kaki","296  |  Klasifikasi Baku Jabatan Indonesia (KBJI) 2026"
"328","teks_miring_watermark","https://www.bps.go.id"
"329","margin_kepala_kaki","Profesional  |  297"
"329","teks_miring_watermark","https://www.bps.go.id"
"330","margin_kepala_kaki","298  |  Klasifikasi Baku Jabatan Indonesia (KBJI) 2026"
"330","teks_miring_watermark","https://www.bps.go.id"
"331","margin_kepala_kaki","Profesional  |  299"
"331","teks_miring_watermark","https://www.bps.go.id"
"332","margin_kepala_kaki","300  |  Klasifikasi Baku Jabatan Indonesia (KBJI) 2026"
"332","teks_miring_watermark","https://www.bps.go.id"
"333","margin_kepala_kaki","Profesional  |  301"
"333","teks_miring_watermark","https://www.bps.go.id"
"334","margin_kepala_kaki","302  |  Klasifikasi Baku Jabatan Indonesia (KBJI) 2026"
"334","teks_miring_watermark","https://www.bps.go.id"
"335","margin_kepala_kaki","Profesional  |  303"
"335","teks_miring_watermark","https://www.bps.go.id"
"336","margin_kepala_kaki","304  |  Klasifikasi Baku Jabatan Indonesia (KBJI) 2026"
"336","teks_miring_watermark","https://www.bps.go.id"
"337","margin_kepala_kaki","Profesional  |  305"
"337","teks_miring_watermark","https://www.bps.go.id"
"338","margin_kepala_kaki","306  |  Klasifikasi Baku Jabatan Indonesia (KBJI) 2026"
"338","teks_miring_watermark","https://www.bps.go.id"
"339","margin_kepala_kaki","Profesional  |  307"
"339","teks_miring_watermark","https://www.bps.go.id"
"340","margin_kepala_kaki","308  |  Klasifikasi Baku Jabatan Indonesia (KBJI) 2026"
"340","teks_miring_watermark","https://www.bps.go.id"
"341","margin_kepala_kaki","Profesional  |  309"
"341","teks_miring_watermark","https://www.bps.go.id"
"342","margin_kepala_kaki","310  |  Klasifikasi Baku Jabatan Indonesia (KBJI) 2026"
"342","teks_miring_watermark","https://www.bps.go.id"
"343","margin_kepala_kaki","Profesional  |  311"
"343","teks_miring_watermark","https://www.bps.go.id"
"344","margin_kepala_kaki","312  |  Klasifikasi Baku Jabatan Indonesia (KBJI) 2026"
"344","teks_miring_watermark","https://www.bps.go.id"
"345","margin_kepala_kaki","Profesional  |  313"
"345","teks_miring_watermark","https://www.bps.go.id"
"346","margin_kepala_kaki","314  |  Klasifikasi Baku Jabatan Indonesia (KBJI) 2026"
"346","teks_miring_watermark","https://www.bps.go.id"
"347","margin_kepala_kaki","Profesional  |  315"
"347","teks_miring_watermark","https://www.bps.go.id"
"348","margin_kepala_kaki","316  |  Klasifikasi Baku Jabatan Indonesia (KBJI) 2026"
"348","teks_miring_watermark","https://www.bps.go.id"
"349","margin_kepala_kaki","Profesional  |  317"
"349","teks_miring_watermark","https://www.bps.go.id"
"350","margin_kepala_kaki","318  |  Klasifikasi Baku Jabatan Indonesia (KBJI) 2026"
"350","teks_miring_watermark","https://www.bps.go.id"
"351","margin_kepala_kaki","Profesional  |  319"
"351","teks_miring_watermark","https://www.bps.go.id"
"352","margin_kepala_kaki","320  |  Klasifikasi Baku Jabatan Indonesia (KBJI) 2026"
"352","teks_miring_watermark","https://www.bps.go.id"
"353","margin_kepala_kaki","Profesional  |  321"
"353","teks_miring_watermark","https://www.bps.go.id"
"354","margin_kepala_kaki","322  |  Klasifikasi Baku Jabatan Indonesia (KBJI) 2026"
"354","teks_miring_watermark","https://www.bps.go.id"
"355","margin_kepala_kaki","Profesional  |  323"
"355","teks_miring_watermark","https://www.bps.go.id"
"356","margin_kepala_kaki","324  |  Klasifikasi Baku Jabatan Indonesia (KBJI) 2026"
"356","teks_miring_watermark","https://www.bps.go.id"
"357","margin_kepala_kaki","Profesional  |  325"
"357","teks_miring_watermark","https://www.bps.go.id"
"358","margin_kepala_kaki","326  |  Klasifikasi Baku Jabatan Indonesia (KBJI) 2026"
"358","teks_miring_watermark","https://www.bps.go.id"
"359","margin_kepala_kaki","Profesional  |  327"
"359","teks_miring_watermark","https://www.bps.go.id"
"360","margin_kepala_kaki","328  |  Klasifikasi Baku Jabatan Indonesia (KBJI) 2026"
"360","teks_miring_watermark","https://www.bps.go.id"
"361","margin_kepala_kaki","Profesional  |  329"
"361","teks_miring_watermark","https://www.bps.go.id"
"362","margin_kepala_kaki","330  |  Klasifikasi Baku Jabatan Indonesia (KBJI) 2026"
"362","teks_miring_watermark","https://www.bps.go.id"
"363","margin_kepala_kaki","Profesional  |  331"
"363","teks_miring_watermark","https://www.bps.go.id"
"364","margin_kepala_kaki","332  |  Klasifikasi Baku Jabatan Indonesia (KBJI) 2026"
"364","teks_miring_watermark","https://www.bps.go.id"
"365","margin_kepala_kaki","Profesional  |  333"
"365","teks_miring_watermark","https://www.bps.go.id"
"366","margin_kepala_kaki","334  |  Klasifikasi Baku Jabatan Indonesia (KBJI) 2026"
"366","teks_miring_watermark","https://www.bps.go.id"
"367","margin_kepala_kaki","Profesional  |  335"
"367","teks_miring_watermark","https://www.bps.go.id"
"368","margin_kepala_kaki","336  |  Klasifikasi Baku Jabatan Indonesia (KBJI) 2026"
"368","teks_miring_watermark","https://www.bps.go.id"
"369","margin_kepala_kaki","Profesional  |  337"
"369","teks_miring_watermark","https://www.bps.go.id"
"370","margin_kepala_kaki","338  |  Klasifikasi Baku Jabatan Indonesia (KBJI) 2026"
"370","teks_miring_watermark","https://www.bps.go.id"
"371","margin_kepala_kaki","Profesional  |  339"
"371","teks_miring_watermark","https://www.bps.go.id"
"372","margin_kepala_kaki","340  |  Klasifikasi Baku Jabatan Indonesia (KBJI) 2026"
"372","teks_miring_watermark","https://www.bps.go.id"
"373","margin_kepala_kaki","Profesional  |  341"
"373","teks_miring_watermark","https://www.bps.go.id"
"374","margin_kepala_kaki","342  |  Klasifikasi Baku Jabatan Indonesia (KBJI) 2026"
"374","teks_miring_watermark","https://www.bps.go.id"
"375","margin_kepala_kaki","Profesional  |  343"
"375","teks_miring_watermark","https://www.bps.go.id"
"376","margin_kepala_kaki","344  |  Klasifikasi Baku Jabatan Indonesia (KBJI) 2026"
"376","teks_miring_watermark","https://www.bps.go.id"
"377","margin_kepala_kaki","Profesional  |  345"
"377","teks_miring_watermark","https://www.bps.go.id"
"378","margin_kepala_kaki","346  |  Klasifikasi Baku Jabatan Indonesia (KBJI) 2026"
"378","teks_miring_watermark","https://www.bps.go.id"
"379","margin_kepala_kaki","Profesional  |  347"
"379","teks_miring_watermark","https://www.bps.go.id"
"380","margin_kepala_kaki","348  |  Klasifikasi Baku Jabatan Indonesia (KBJI) 2026"
"380","teks_miring_watermark","https://www.bps.go.id"
"381","margin_kepala_kaki","Profesional  |  349"
"381","teks_miring_watermark","https://www.bps.go.id"
"382","margin_kepala_kaki","350  |  Klasifikasi Baku Jabatan Indonesia (KBJI) 2026"
"382","teks_miring_watermark","https://www.bps.go.id"
"383","margin_kepala_kaki","Profesional  |  351"
"383","teks_miring_watermark","https://www.bps.go.id"
"384","margin_kepala_kaki","352  |  Klasifikasi Baku Jabatan Indonesia (KBJI) 2026"
"384","teks_miring_watermark","https://www.bps.go.id"
"385","margin_kepala_kaki","Profesional  |  353"
"385","teks_miring_watermark","https://www.bps.go.id"
"386","margin_kepala_kaki","354  |  Klasifikasi Baku Jabatan Indonesia (KBJI) 2026"
"386","teks_miring_watermark","https://www.bps.go.id"
"387","margin_kepala_kaki","Profesional  |  355"
"387","teks_miring_watermark","https://www.bps.go.id"
"388","margin_kepala_kaki","356  |  Klasifikasi Baku Jabatan Indonesia (KBJI) 2026"
"388","teks_miring_watermark","https://www.bps.go.id"
"389","margin_kepala_kaki","Profesional  |  357"
"389","teks_miring_watermark","https://www.bps.go.id"
"390","margin_kepala_kaki","358  |  Klasifikasi Baku Jabatan Indonesia (KBJI) 2026"
"390","teks_miring_watermark","https://www.bps.go.id"
"391","margin_kepala_kaki","Profesional  |  359"
"391","teks_miring_watermark","https://www.bps.go.id"
"392","margin_kepala_kaki","360  |  Klasifikasi Baku Jabatan Indonesia (KBJI) 2026"
"392","teks_miring_watermark","https://www.bps.go.id"
"393","margin_kepala_kaki","Profesional  |  361"
"393","teks_miring_watermark","https://www.bps.go.id"
"394","margin_kepala_kaki","362  |  Klasifikasi Baku Jabatan Indonesia (KBJI) 2026"
"394","teks_miring_watermark","https://www.bps.go.id"
"395","margin_kepala_kaki","Profesional  |  363"
"395","teks_miring_watermark","https://www.bps.go.id"
"396","margin_kepala_kaki","364  |  Klasifikasi Baku Jabatan Indonesia (KBJI) 2026"
"396","teks_miring_watermark","https://www.bps.go.id"
"397","margin_kepala_kaki","Profesional  |  365"
"397","teks_miring_watermark","https://www.bps.go.id"
"398","margin_kepala_kaki","366  |  Klasifikasi Baku Jabatan Indonesia (KBJI) 2026"
"398","teks_miring_watermark","https://www.bps.go.id"
"399","margin_kepala_kaki","Profesional  |  367"
"399","teks_miring_watermark","https://www.bps.go.id"
"400","margin_kepala_kaki","368  |  Klasifikasi Baku Jabatan Indonesia (KBJI) 2026"
"400","teks_miring_watermark","https://www.bps.go.id"
"401","margin_kepala_kaki","Profesional  |  369"
"401","teks_miring_watermark","https://www.bps.go.id"
"402","margin_kepala_kaki","370  |  Klasifikasi Baku Jabatan Indonesia (KBJI) 2026"
"402","teks_miring_watermark","https://www.bps.go.id"
"403","margin_kepala_kaki","Profesional  |  371"
"403","teks_miring_watermark","https://www.bps.go.id"
"404","margin_kepala_kaki","372  |  Klasifikasi Baku Jabatan Indonesia (KBJI) 2026"
"404","teks_miring_watermark","https://www.bps.go.id"
"405","margin_kepala_kaki","Profesional  |  373"
"405","teks_miring_watermark","https://www.bps.go.id"
"406","margin_kepala_kaki","374  |  Klasifikasi Baku Jabatan Indonesia (KBJI) 2026"
"406","teks_miring_watermark","https://www.bps.go.id"
"407","margin_kepala_kaki","Profesional  |  375"
"407","teks_miring_watermark","https://www.bps.go.id"
"408","margin_kepala_kaki","376  |  Klasifikasi Baku Jabatan Indonesia (KBJI) 2026"
"408","teks_miring_watermark","https://www.bps.go.id"
"409","margin_kepala_kaki","Profesional  |  377"
"409","teks_miring_watermark","https://www.bps.go.id"
"410","margin_kepala_kaki","378  |  Klasifikasi Baku Jabatan Indonesia (KBJI) 2026"
"410","teks_miring_watermark","https://www.bps.go.id"
"411","margin_kepala_kaki","Profesional  |  379"
"411","teks_miring_watermark","https://www.bps.go.id"
"412","margin_kepala_kaki","380  |  Klasifikasi Baku Jabatan Indonesia (KBJI) 2026"
"412","teks_miring_watermark","https://www.bps.go.id"
"413","margin_kepala_kaki","Profesional  |  381"
"413","teks_miring_watermark","https://www.bps.go.id"
"414","margin_kepala_kaki","382  |  Klasifikasi Baku Jabatan Indonesia (KBJI) 2026"
"414","teks_miring_watermark","https://www.bps.go.id"
"415","margin_kepala_kaki","Profesional  |  383"
"415","teks_miring_watermark","https://www.bps.go.id"
"416","margin_kepala_kaki","384  |  Klasifikasi Baku Jabatan Indonesia (KBJI) 2026"
"416","teks_miring_watermark","https://www.bps.go.id"
"417","margin_kepala_kaki","Profesional  |  385"
"417","teks_miring_watermark","https://www.bps.go.id"
"418","margin_kepala_kaki","386  |  Klasifikasi Baku Jabatan Indonesia (KBJI) 2026"
"418","teks_miring_watermark","https://www.bps.go.id"
"419","margin_kepala_kaki","Profesional  |  387"
"419","teks_miring_watermark","https://www.bps.go.id"
"420","margin_kepala_kaki","388  |  Klasifikasi Baku Jabatan Indonesia (KBJI) 2026"
"420","teks_miring_watermark","https://www.bps.go.id"
"421","margin_kepala_kaki","Profesional  |  389"
"421","teks_miring_watermark","https://www.bps.go.id"
"422","margin_kepala_kaki","390  |  Klasifikasi Baku Jabatan Indonesia (KBJI) 2026"
"422","teks_miring_watermark","https://www.bps.go.id"
"423","margin_kepala_kaki","Profesional  |  391"
"423","teks_miring_watermark","https://www.bps.go.id"
"424","margin_kepala_kaki","392  |  Klasifikasi Baku Jabatan Indonesia (KBJI) 2026"
"424","teks_miring_watermark","https://www.bps.go.id"
"425","margin_kepala_kaki","Profesional  |  393"
"425","teks_miring_watermark","https://www.bps.go.id"
"426","margin_kepala_kaki","394  |  Klasifikasi Baku Jabatan Indonesia (KBJI) 2026"
"426","teks_miring_watermark","https://www.bps.go.id"
"427","margin_kepala_kaki","Profesional  |  395"
"427","teks_miring_watermark","https://www.bps.go.id"
"428","margin_kepala_kaki","396  |  Klasifikasi Baku Jabatan Indonesia (KBJI) 2026"
"428","teks_miring_watermark","https://www.bps.go.id"
"429","margin_kepala_kaki","Profesional  |  397"
"429","teks_miring_watermark","https://www.bps.go.id"
"430","margin_kepala_kaki","398  |  Klasifikasi Baku Jabatan Indonesia (KBJI) 2026"
"430","teks_miring_watermark","https://www.bps.go.id"
"431","margin_kepala_kaki","Profesional  |  399"
"431","teks_miring_watermark","https://www.bps.go.id"
"432","margin_kepala_kaki","400  |  Klasifikasi Baku Jabatan Indonesia (KBJI) 2026"
"432","teks_miring_watermark","https://www.bps.go.id"
"433","margin_kepala_kaki","Profesional  |  401"
"433","teks_miring_watermark","https://www.bps.go.id"
"434","margin_kepala_kaki","402  |  Klasifikasi Baku Jabatan Indonesia (KBJI) 2026"
"434","teks_miring_watermark","https://www.bps.go.id"
"435","margin_kepala_kaki","Profesional  |  403"
"435","teks_miring_watermark","https://www.bps.go.id"
"436","margin_kepala_kaki","404  |  Klasifikasi Baku Jabatan Indonesia (KBJI) 2026"
"436","teks_miring_watermark","https://www.bps.go.id"
"437","margin_kepala_kaki","Profesional  |  405"
"437","teks_miring_watermark","https://www.bps.go.id"
"438","margin_kepala_kaki","406  |  Klasifikasi Baku Jabatan Indonesia (KBJI) 2026"
"438","teks_miring_watermark","https://www.bps.go.id"
"439","margin_kepala_kaki","Profesional  |  407"
"439","teks_miring_watermark","https://www.bps.go.id"
"440","margin_kepala_kaki","408  |  Klasifikasi Baku Jabatan Indonesia (KBJI) 2026"
"440","teks_miring_watermark","https://www.bps.go.id"
"441","margin_kepala_kaki","Profesional  |  409"
"441","teks_miring_watermark","https://www.bps.go.id"
"442","margin_kepala_kaki","410  |  Klasifikasi Baku Jabatan Indonesia (KBJI) 2026"
"442","teks_miring_watermark","https://www.bps.go.id"
"443","margin_kepala_kaki","Profesional  |  411"
"443","teks_miring_watermark","https://www.bps.go.id"
"444","margin_kepala_kaki","412  |  Klasifikasi Baku Jabatan Indonesia (KBJI) 2026"
"444","teks_miring_watermark","https://www.bps.go.id"
"445","margin_kepala_kaki","Profesional  |  413"
"445","teks_miring_watermark","https://www.bps.go.id"
"446","margin_kepala_kaki","414  |  Klasifikasi Baku Jabatan Indonesia (KBJI) 2026"
"446","teks_miring_watermark","https://www.bps.go.id"
"447","margin_kepala_kaki","Profesional  |  415"
"447","teks_miring_watermark","https://www.bps.go.id"
"448","margin_kepala_kaki","416  |  Klasifikasi Baku Jabatan Indonesia (KBJI) 2026"
"448","teks_miring_watermark","https://www.bps.go.id"
"449","margin_kepala_kaki","Profesional  |  417"
"449","teks_miring_watermark","https://www.bps.go.id"
"450","margin_kepala_kaki","418  |  Klasifikasi Baku Jabatan Indonesia (KBJI) 2026"
"450","teks_miring_watermark","https://www.bps.go.id"
"451","margin_kepala_kaki","Profesional  |  419"
"451","teks_miring_watermark","https://www.bps.go.id"
"452","margin_kepala_kaki","420  |  Klasifikasi Baku Jabatan Indonesia (KBJI) 2026"
"452","teks_miring_watermark","https://www.bps.go.id"
"453","margin_kepala_kaki","Profesional  |  421"
"453","teks_miring_watermark","https://www.bps.go.id"
"454","margin_kepala_kaki","422  |  Klasifikasi Baku Jabatan Indonesia (KBJI) 2026"
"454","teks_miring_watermark","https://www.bps.go.id"
"455","margin_kepala_kaki","Profesional  |  423"
"455","teks_miring_watermark","https://www.bps.go.id"
"456","margin_kepala_kaki","424  |  Klasifikasi Baku Jabatan Indonesia (KBJI) 2026"
"456","teks_miring_watermark","https://www.bps.go.id"
"457","margin_kepala_kaki","Profesional  |  425"
"457","teks_miring_watermark","https://www.bps.go.id"
"458","margin_kepala_kaki","426  |  Klasifikasi Baku Jabatan Indonesia (KBJI) 2026"
"458","teks_miring_watermark","https://www.bps.go.id"
"459","margin_kepala_kaki","Profesional  |  427"
"459","teks_miring_watermark","https://www.bps.go.id"
"460","margin_kepala_kaki","428  |  Klasifikasi Baku Jabatan Indonesia (KBJI) 2026"
"460","teks_miring_watermark","https://www.bps.go.id"
"461","margin_kepala_kaki","Profesional  |  429"
"461","teks_miring_watermark","https://www.bps.go.id"
"462","margin_kepala_kaki","430  |  Klasifikasi Baku Jabatan Indonesia (KBJI) 2026"
"462","teks_miring_watermark","https://www.bps.go.id"
"463","margin_kepala_kaki","Profesional  |  431"
"463","teks_miring_watermark","https://www.bps.go.id"
"464","margin_kepala_kaki","432  |  Klasifikasi Baku Jabatan Indonesia (KBJI) 2026"
"464","teks_miring_watermark","https://www.bps.go.id"
"465","margin_kepala_kaki","Profesional  |  433"
"465","teks_miring_watermark","https://www.bps.go.id"
"466","margin_kepala_kaki","434  |  Klasifikasi Baku Jabatan Indonesia (KBJI) 2026"
"466","teks_miring_watermark","https://www.bps.go.id"
"467","margin_kepala_kaki","Profesional  |  435"
"467","teks_miring_watermark","https://www.bps.go.id"
"468","margin_kepala_kaki","436  |  Klasifikasi Baku Jabatan Indonesia (KBJI) 2026"
"468","teks_miring_watermark","https://www.bps.go.id"
"469","margin_kepala_kaki","Profesional  |  437"
"469","teks_miring_watermark","https://www.bps.go.id"
"470","margin_kepala_kaki","438  |  Klasifikasi Baku Jabatan Indonesia (KBJI) 2026"
"470","teks_miring_watermark","https://www.bps.go.id"
"471","margin_kepala_kaki","Profesional  |  439"
"471","teks_miring_watermark","https://www.bps.go.id"
"472","margin_kepala_kaki","440  |  Klasifikasi Baku Jabatan Indonesia (KBJI) 2026"
"472","teks_miring_watermark","https://www.bps.go.id"
"473","margin_kepala_kaki","Profesional  |  441"
"473","teks_miring_watermark","https://www.bps.go.id"
"474","margin_kepala_kaki","442  |  Klasifikasi Baku Jabatan Indonesia (KBJI) 2026"
"474","teks_miring_watermark","https://www.bps.go.id"
"475","margin_kepala_kaki","Profesional  |  443"
"475","teks_miring_watermark","https://www.bps.go.id"
"476","margin_kepala_kaki","444  |  Klasifikasi Baku Jabatan Indonesia (KBJI) 2026"
"476","teks_miring_watermark","https://www.bps.go.id"
"477","margin_kepala_kaki","Profesional  |  445"
"477","teks_miring_watermark","https://www.bps.go.id"
"478","margin_kepala_kaki","446  |  Klasifikasi Baku Jabatan Indonesia (KBJI) 2026"
"478","teks_miring_watermark","https://www.bps.go.id"
"479","margin_kepala_kaki","Profesional  |  447"
"479","teks_miring_watermark","https://www.bps.go.id"
"480","margin_kepala_kaki","448  |  Klasifikasi Baku Jabatan Indonesia (KBJI) 2026"
"480","teks_miring_watermark","https://www.bps.go.id"
"481","margin_kepala_kaki","Profesional  |  449"
"481","teks_miring_watermark","https://www.bps.go.id"
"482","margin_kepala_kaki","450  |  Klasifikasi Baku Jabatan Indonesia (KBJI) 2026"
"482","teks_miring_watermark","https://www.bps.go.id"
"483","margin_kepala_kaki","Profesional  |  451"
"483","teks_miring_watermark","https://www.bps.go.id"
"484","margin_kepala_kaki","452  |  Klasifikasi Baku Jabatan Indonesia (KBJI) 2026"
"484","teks_miring_watermark","https://www.bps.go.id"
"485","margin_kepala_kaki","Profesional  |  453"
"485","teks_miring_watermark","https://www.bps.go.id"
"486","margin_kepala_kaki","454  |  Klasifikasi Baku Jabatan Indonesia (KBJI) 2026"
"486","teks_miring_watermark","https://www.bps.go.id"
"487","margin_kepala_kaki","Profesional  |  455"
"487","teks_miring_watermark","https://www.bps.go.id"
"488","margin_kepala_kaki","456  |  Klasifikasi Baku Jabatan Indonesia (KBJI) 2026"
"488","teks_miring_watermark","https://www.bps.go.id"
"489","margin_kepala_kaki","Profesional  |  457"
"489","teks_miring_watermark","https://www.bps.go.id"
"490","margin_kepala_kaki","458  |  Klasifikasi Baku Jabatan Indonesia (KBJI) 2026"
"490","teks_miring_watermark","https://www.bps.go.id"
"491","margin_kepala_kaki","Profesional  |  459"
"491","teks_miring_watermark","https://www.bps.go.id"
"492","margin_kepala_kaki","460  |  Klasifikasi Baku Jabatan Indonesia (KBJI) 2026"
"492","teks_miring_watermark","https://www.bps.go.id"
"493","margin_kepala_kaki","Profesional  |  461"
"493","teks_miring_watermark","https://www.bps.go.id"
"494","margin_kepala_kaki","462  |  Klasifikasi Baku Jabatan Indonesia (KBJI) 2026"
"494","teks_miring_watermark","https://www.bps.go.id"
"495","margin_kepala_kaki","Profesional  |  463"
"495","teks_miring_watermark","https://www.bps.go.id"
"496","margin_kepala_kaki","464  |  Klasifikasi Baku Jabatan Indonesia (KBJI) 2026"
"496","teks_miring_watermark","https://www.bps.go.id"
"497","margin_kepala_kaki","Profesional  |  465"
"497","teks_miring_watermark","https://www.bps.go.id"
"498","margin_kepala_kaki","466  |  Klasifikasi Baku Jabatan Indonesia (KBJI) 2026"
"498","teks_miring_watermark","https://www.bps.go.id"
"499","margin_kepala_kaki","Profesional  |  467"
"499","teks_miring_watermark","https://www.bps.go.id"
"500","margin_kepala_kaki","468  |  Klasifikasi Baku Jabatan Indonesia (KBJI) 2026"
"500","teks_miring_watermark","https://www.bps.go.id"
"501","margin_kepala_kaki","Profesional  |  469"
"501","teks_miring_watermark","https://www.bps.go.id"
"502","margin_kepala_kaki","470  |  Klasifikasi Baku Jabatan Indonesia (KBJI) 2026"
"502","teks_miring_watermark","https://www.bps.go.id"
"503","margin_kepala_kaki","Profesional  |  471"
"503","teks_miring_watermark","https://www.bps.go.id"
"504","margin_kepala_kaki","472  |  Klasifikasi Baku Jabatan Indonesia (KBJI) 2026"
"504","teks_miring_watermark","https://www.bps.go.id"
"505","margin_kepala_kaki","Profesional  |  473"
"505","teks_miring_watermark","https://www.bps.go.id"
"506","margin_kepala_kaki","474  |  Klasifikasi Baku Jabatan Indonesia (KBJI) 2026"
"506","teks_miring_watermark","https://www.bps.go.id"
"507","margin_kepala_kaki","Profesional  |  475"
"507","teks_miring_watermark","https://www.bps.go.id"
"508","margin_kepala_kaki","476  |  Klasifikasi Baku Jabatan Indonesia (KBJI) 2026"
"508","teks_miring_watermark","https://www.bps.go.id"
"509","teks_miring_watermark","https://www.bps.go.id"
"510","teks_miring_watermark","https://www.bps.go.id"
"511","margin_kepala_kaki","Teknisi dan Asisten Profesional  |  479"
"511","teks_miring_watermark","https://www.bps.go.id"
"512","margin_kepala_kaki","480  |  Klasifikasi Baku Jabatan Indonesia (KBJI) 2026"
"512","teks_miring_watermark","https://www.bps.go.id"
"513","margin_kepala_kaki","Teknisi dan Asisten Profesional  |  481"
"513","teks_miring_watermark","https://www.bps.go.id"
"514","margin_kepala_kaki","482  |  Klasifikasi Baku Jabatan Indonesia (KBJI) 2026"
"514","teks_miring_watermark","https://www.bps.go.id"
"515","margin_kepala_kaki","Teknisi dan Asisten Profesional  |  483"
"515","teks_miring_watermark","https://www.bps.go.id"
"516","margin_kepala_kaki","484  |  Klasifikasi Baku Jabatan Indonesia (KBJI) 2026"
"516","teks_miring_watermark","https://www.bps.go.id"
"517","margin_kepala_kaki","Teknisi dan Asisten Profesional  |  485"
"517","teks_miring_watermark","https://www.bps.go.id"
"518","margin_kepala_kaki","486  |  Klasifikasi Baku Jabatan Indonesia (KBJI) 2026"
"518","teks_miring_watermark","https://www.bps.go.id"
"519","margin_kepala_kaki","Teknisi dan Asisten Profesional  |  487"
"519","teks_miring_watermark","https://www.bps.go.id"
"520","margin_kepala_kaki","488  |  Klasifikasi Baku Jabatan Indonesia (KBJI) 2026"
"520","teks_miring_watermark","https://www.bps.go.id"
"521","margin_kepala_kaki","Teknisi dan Asisten Profesional  |  489"
"521","teks_miring_watermark","https://www.bps.go.id"
"522","margin_kepala_kaki","490  |  Klasifikasi Baku Jabatan Indonesia (KBJI) 2026"
"522","teks_miring_watermark","https://www.bps.go.id"
"523","margin_kepala_kaki","Teknisi dan Asisten Profesional  |  491"
"523","teks_miring_watermark","https://www.bps.go.id"
"524","margin_kepala_kaki","492  |  Klasifikasi Baku Jabatan Indonesia (KBJI) 2026"
"524","teks_miring_watermark","https://www.bps.go.id"
"525","margin_kepala_kaki","Teknisi dan Asisten Profesional  |  493"
"525","teks_miring_watermark","https://www.bps.go.id"
"526","margin_kepala_kaki","494  |  Klasifikasi Baku Jabatan Indonesia (KBJI) 2026"
"526","teks_miring_watermark","https://www.bps.go.id"
"527","margin_kepala_kaki","Teknisi dan Asisten Profesional  |  495"
"527","teks_miring_watermark","https://www.bps.go.id"
"528","margin_kepala_kaki","496  |  Klasifikasi Baku Jabatan Indonesia (KBJI) 2026"
"528","teks_miring_watermark","https://www.bps.go.id"
"529","margin_kepala_kaki","Teknisi dan Asisten Profesional  |  497"
"529","teks_miring_watermark","https://www.bps.go.id"
"530","margin_kepala_kaki","498  |  Klasifikasi Baku Jabatan Indonesia (KBJI) 2026"
"530","teks_miring_watermark","https://www.bps.go.id"
"531","margin_kepala_kaki","Teknisi dan Asisten Profesional  |  499"
"531","teks_miring_watermark","https://www.bps.go.id"
"532","margin_kepala_kaki","500  |  Klasifikasi Baku Jabatan Indonesia (KBJI) 2026"
"532","teks_miring_watermark","https://www.bps.go.id"
"533","margin_kepala_kaki","Teknisi dan Asisten Profesional  |  501"
"533","teks_miring_watermark","https://www.bps.go.id"
"534","margin_kepala_kaki","502  |  Klasifikasi Baku Jabatan Indonesia (KBJI) 2026"
"534","teks_miring_watermark","https://www.bps.go.id"
"535","margin_kepala_kaki","Teknisi dan Asisten Profesional  |  503"
"535","teks_miring_watermark","https://www.bps.go.id"
"536","margin_kepala_kaki","504  |  Klasifikasi Baku Jabatan Indonesia (KBJI) 2026"
"536","teks_miring_watermark","https://www.bps.go.id"
"537","margin_kepala_kaki","Teknisi dan Asisten Profesional  |  505"
"537","teks_miring_watermark","https://www.bps.go.id"
"538","margin_kepala_kaki","506  |  Klasifikasi Baku Jabatan Indonesia (KBJI) 2026"
"538","teks_miring_watermark","https://www.bps.go.id"
"539","margin_kepala_kaki","Teknisi dan Asisten Profesional  |  507"
"539","teks_miring_watermark","https://www.bps.go.id"
"540","margin_kepala_kaki","508  |  Klasifikasi Baku Jabatan Indonesia (KBJI) 2026"
"540","teks_miring_watermark","https://www.bps.go.id"
"541","margin_kepala_kaki","Teknisi dan Asisten Profesional  |  509"
"541","teks_miring_watermark","https://www.bps.go.id"
"542","margin_kepala_kaki","510  |  Klasifikasi Baku Jabatan Indonesia (KBJI) 2026"
"542","teks_miring_watermark","https://www.bps.go.id"
"543","margin_kepala_kaki","Teknisi dan Asisten Profesional  |  511"
"543","teks_miring_watermark","https://www.bps.go.id"
"544","margin_kepala_kaki","512  |  Klasifikasi Baku Jabatan Indonesia (KBJI) 2026"
"544","teks_miring_watermark","https://www.bps.go.id"
"545","margin_kepala_kaki","Teknisi dan Asisten Profesional  |  513"
"545","teks_miring_watermark","https://www.bps.go.id"
"546","margin_kepala_kaki","514  |  Klasifikasi Baku Jabatan Indonesia (KBJI) 2026"
"546","teks_miring_watermark","https://www.bps.go.id"
"547","margin_kepala_kaki","Teknisi dan Asisten Profesional  |  515"
"547","teks_miring_watermark","https://www.bps.go.id"
"548","margin_kepala_kaki","516  |  Klasifikasi Baku Jabatan Indonesia (KBJI) 2026"
"548","teks_miring_watermark","https://www.bps.go.id"
"549","margin_kepala_kaki","Teknisi dan Asisten Profesional  |  517"
"549","teks_miring_watermark","https://www.bps.go.id"
"550","margin_kepala_kaki","518  |  Klasifikasi Baku Jabatan Indonesia (KBJI) 2026"
"550","teks_miring_watermark","https://www.bps.go.id"
"551","margin_kepala_kaki","Teknisi dan Asisten Profesional  |  519"
"551","teks_miring_watermark","https://www.bps.go.id"
"552","margin_kepala_kaki","520  |  Klasifikasi Baku Jabatan Indonesia (KBJI) 2026"
"552","teks_miring_watermark","https://www.bps.go.id"
"553","margin_kepala_kaki","Teknisi dan Asisten Profesional  |  521"
"553","teks_miring_watermark","https://www.bps.go.id"
"554","margin_kepala_kaki","522  |  Klasifikasi Baku Jabatan Indonesia (KBJI) 2026"
"554","teks_miring_watermark","https://www.bps.go.id"
"555","margin_kepala_kaki","Teknisi dan Asisten Profesional  |  523"
"555","teks_miring_watermark","https://www.bps.go.id"
"556","margin_kepala_kaki","524  |  Klasifikasi Baku Jabatan Indonesia (KBJI) 2026"
"556","teks_miring_watermark","https://www.bps.go.id"
"557","margin_kepala_kaki","Teknisi dan Asisten Profesional  |  525"
"557","teks_miring_watermark","https://www.bps.go.id"
"558","margin_kepala_kaki","526  |  Klasifikasi Baku Jabatan Indonesia (KBJI) 2026"
"558","teks_miring_watermark","https://www.bps.go.id"
"559","margin_kepala_kaki","Teknisi dan Asisten Profesional  |  527"
"559","teks_miring_watermark","https://www.bps.go.id"
"560","margin_kepala_kaki","528  |  Klasifikasi Baku Jabatan Indonesia (KBJI) 2026"
"560","teks_miring_watermark","https://www.bps.go.id"
"561","margin_kepala_kaki","Teknisi dan Asisten Profesional  |  529"
"561","teks_miring_watermark","https://www.bps.go.id"
"562","margin_kepala_kaki","530  |  Klasifikasi Baku Jabatan Indonesia (KBJI) 2026"
"562","teks_miring_watermark","https://www.bps.go.id"
"563","margin_kepala_kaki","Teknisi dan Asisten Profesional  |  531"
"563","teks_miring_watermark","https://www.bps.go.id"
"564","margin_kepala_kaki","532  |  Klasifikasi Baku Jabatan Indonesia (KBJI) 2026"
"564","teks_miring_watermark","https://www.bps.go.id"
"565","margin_kepala_kaki","Teknisi dan Asisten Profesional  |  533"
"565","teks_miring_watermark","https://www.bps.go.id"
"566","margin_kepala_kaki","534  |  Klasifikasi Baku Jabatan Indonesia (KBJI) 2026"
"566","teks_miring_watermark","https://www.bps.go.id"
"567","margin_kepala_kaki","Teknisi dan Asisten Profesional  |  535"
"567","teks_miring_watermark","https://www.bps.go.id"
"568","margin_kepala_kaki","536  |  Klasifikasi Baku Jabatan Indonesia (KBJI) 2026"
"568","teks_miring_watermark","https://www.bps.go.id"
"569","margin_kepala_kaki","Teknisi dan Asisten Profesional  |  537"
"569","teks_miring_watermark","https://www.bps.go.id"
"570","margin_kepala_kaki","538  |  Klasifikasi Baku Jabatan Indonesia (KBJI) 2026"
"570","teks_miring_watermark","https://www.bps.go.id"
"571","margin_kepala_kaki","Teknisi dan Asisten Profesional  |  539"
"571","teks_miring_watermark","https://www.bps.go.id"
"572","margin_kepala_kaki","540  |  Klasifikasi Baku Jabatan Indonesia (KBJI) 2026"
"572","teks_miring_watermark","https://www.bps.go.id"
"573","margin_kepala_kaki","Teknisi dan Asisten Profesional  |  541"
"573","teks_miring_watermark","https://www.bps.go.id"
"574","margin_kepala_kaki","542  |  Klasifikasi Baku Jabatan Indonesia (KBJI) 2026"
"574","teks_miring_watermark","https://www.bps.go.id"
"575","margin_kepala_kaki","Teknisi dan Asisten Profesional  |  543"
"575","teks_miring_watermark","https://www.bps.go.id"
"576","margin_kepala_kaki","544  |  Klasifikasi Baku Jabatan Indonesia (KBJI) 2026"
"576","teks_miring_watermark","https://www.bps.go.id"
"577","margin_kepala_kaki","Teknisi dan Asisten Profesional  |  545"
"577","teks_miring_watermark","https://www.bps.go.id"
"578","margin_kepala_kaki","546  |  Klasifikasi Baku Jabatan Indonesia (KBJI) 2026"
"578","teks_miring_watermark","https://www.bps.go.id"
"579","margin_kepala_kaki","Teknisi dan Asisten Profesional  |  547"
"579","teks_miring_watermark","https://www.bps.go.id"
"580","margin_kepala_kaki","548  |  Klasifikasi Baku Jabatan Indonesia (KBJI) 2026"
"580","teks_miring_watermark","https://www.bps.go.id"
"581","margin_kepala_kaki","Teknisi dan Asisten Profesional  |  549"
"581","teks_miring_watermark","https://www.bps.go.id"
"582","margin_kepala_kaki","550  |  Klasifikasi Baku Jabatan Indonesia (KBJI) 2026"
"582","teks_miring_watermark","https://www.bps.go.id"
"583","margin_kepala_kaki","Teknisi dan Asisten Profesional  |  551"
"583","teks_miring_watermark","https://www.bps.go.id"
"584","margin_kepala_kaki","552  |  Klasifikasi Baku Jabatan Indonesia (KBJI) 2026"
"584","teks_miring_watermark","https://www.bps.go.id"
"585","margin_kepala_kaki","Teknisi dan Asisten Profesional  |  553"
"585","teks_miring_watermark","https://www.bps.go.id"
"586","margin_kepala_kaki","554  |  Klasifikasi Baku Jabatan Indonesia (KBJI) 2026"
"586","teks_miring_watermark","https://www.bps.go.id"
"587","margin_kepala_kaki","Teknisi dan Asisten Profesional  |  555"
"587","teks_miring_watermark","https://www.bps.go.id"
"588","margin_kepala_kaki","556  |  Klasifikasi Baku Jabatan Indonesia (KBJI) 2026"
"588","teks_miring_watermark","https://www.bps.go.id"
"589","margin_kepala_kaki","Teknisi dan Asisten Profesional  |  557"
"589","teks_miring_watermark","https://www.bps.go.id"
"590","margin_kepala_kaki","558  |  Klasifikasi Baku Jabatan Indonesia (KBJI) 2026"
"590","teks_miring_watermark","https://www.bps.go.id"
"591","margin_kepala_kaki","Teknisi dan Asisten Profesional  |  559"
"591","teks_miring_watermark","https://www.bps.go.id"
"592","margin_kepala_kaki","560  |  Klasifikasi Baku Jabatan Indonesia (KBJI) 2026"
"592","teks_miring_watermark","https://www.bps.go.id"
"593","margin_kepala_kaki","Teknisi dan Asisten Profesional  |  561"
"593","teks_miring_watermark","https://www.bps.go.id"
"594","margin_kepala_kaki","562  |  Klasifikasi Baku Jabatan Indonesia (KBJI) 2026"
"594","teks_miring_watermark","https://www.bps.go.id"
"595","margin_kepala_kaki","Teknisi dan Asisten Profesional  |  563"
"595","teks_miring_watermark","https://www.bps.go.id"
"596","margin_kepala_kaki","564  |  Klasifikasi Baku Jabatan Indonesia (KBJI) 2026"
"596","teks_miring_watermark","https://www.bps.go.id"
"597","margin_kepala_kaki","Teknisi dan Asisten Profesional  |  565"
"597","teks_miring_watermark","https://www.bps.go.id"
"598","margin_kepala_kaki","566  |  Klasifikasi Baku Jabatan Indonesia (KBJI) 2026"
"598","teks_miring_watermark","https://www.bps.go.id"
"599","margin_kepala_kaki","Teknisi dan Asisten Profesional  |  567"
"599","teks_miring_watermark","https://www.bps.go.id"
"600","margin_kepala_kaki","568  |  Klasifikasi Baku Jabatan Indonesia (KBJI) 2026"
"600","teks_miring_watermark","https://www.bps.go.id"
"601","margin_kepala_kaki","Teknisi dan Asisten Profesional  |  569"
"601","teks_miring_watermark","https://www.bps.go.id"
"602","margin_kepala_kaki","570  |  Klasifikasi Baku Jabatan Indonesia (KBJI) 2026"
"602","teks_miring_watermark","https://www.bps.go.id"
"603","margin_kepala_kaki","Teknisi dan Asisten Profesional  |  571"
"603","teks_miring_watermark","https://www.bps.go.id"
"604","margin_kepala_kaki","572  |  Klasifikasi Baku Jabatan Indonesia (KBJI) 2026"
"604","teks_miring_watermark","https://www.bps.go.id"
"605","margin_kepala_kaki","Teknisi dan Asisten Profesional  |  573"
"605","teks_miring_watermark","https://www.bps.go.id"
"606","margin_kepala_kaki","574  |  Klasifikasi Baku Jabatan Indonesia (KBJI) 2026"
"606","teks_miring_watermark","https://www.bps.go.id"
"607","margin_kepala_kaki","Teknisi dan Asisten Profesional  |  575"
"607","teks_miring_watermark","https://www.bps.go.id"
"608","margin_kepala_kaki","576  |  Klasifikasi Baku Jabatan Indonesia (KBJI) 2026"
"608","teks_miring_watermark","https://www.bps.go.id"
"609","margin_kepala_kaki","Teknisi dan Asisten Profesional  |  577"
"609","teks_miring_watermark","https://www.bps.go.id"
"610","margin_kepala_kaki","578  |  Klasifikasi Baku Jabatan Indonesia (KBJI) 2026"
"610","teks_miring_watermark","https://www.bps.go.id"
"611","margin_kepala_kaki","Teknisi dan Asisten Profesional  |  579"
"611","teks_miring_watermark","https://www.bps.go.id"
"612","margin_kepala_kaki","580  |  Klasifikasi Baku Jabatan Indonesia (KBJI) 2026"
"612","teks_miring_watermark","https://www.bps.go.id"
"613","margin_kepala_kaki","Teknisi dan Asisten Profesional  |  581"
"613","teks_miring_watermark","https://www.bps.go.id"
"614","margin_kepala_kaki","582  |  Klasifikasi Baku Jabatan Indonesia (KBJI) 2026"
"614","teks_miring_watermark","https://www.bps.go.id"
"615","margin_kepala_kaki","Teknisi dan Asisten Profesional  |  583"
"615","teks_miring_watermark","https://www.bps.go.id"
"616","margin_kepala_kaki","584  |  Klasifikasi Baku Jabatan Indonesia (KBJI) 2026"
"616","teks_miring_watermark","https://www.bps.go.id"
"617","margin_kepala_kaki","Teknisi dan Asisten Profesional  |  585"
"617","teks_miring_watermark","https://www.bps.go.id"
"618","margin_kepala_kaki","586  |  Klasifikasi Baku Jabatan Indonesia (KBJI) 2026"
"618","teks_miring_watermark","https://www.bps.go.id"
"619","margin_kepala_kaki","Teknisi dan Asisten Profesional  |  587"
"619","teks_miring_watermark","https://www.bps.go.id"
"620","margin_kepala_kaki","588  |  Klasifikasi Baku Jabatan Indonesia (KBJI) 2026"
"620","teks_miring_watermark","https://www.bps.go.id"
"621","margin_kepala_kaki","Teknisi dan Asisten Profesional  |  589"
"621","teks_miring_watermark","https://www.bps.go.id"
"622","margin_kepala_kaki","590  |  Klasifikasi Baku Jabatan Indonesia (KBJI) 2026"
"622","teks_miring_watermark","https://www.bps.go.id"
"623","margin_kepala_kaki","Teknisi dan Asisten Profesional  |  591"
"623","teks_miring_watermark","https://www.bps.go.id"
"624","margin_kepala_kaki","592  |  Klasifikasi Baku Jabatan Indonesia (KBJI) 2026"
"624","teks_miring_watermark","https://www.bps.go.id"
"625","margin_kepala_kaki","Teknisi dan Asisten Profesional  |  593"
"625","teks_miring_watermark","https://www.bps.go.id"
"626","margin_kepala_kaki","594  |  Klasifikasi Baku Jabatan Indonesia (KBJI) 2026"
"626","teks_miring_watermark","https://www.bps.go.id"
"627","margin_kepala_kaki","Teknisi dan Asisten Profesional  |  595"
"627","teks_miring_watermark","https://www.bps.go.id"
"628","margin_kepala_kaki","596  |  Klasifikasi Baku Jabatan Indonesia (KBJI) 2026"
"628","teks_miring_watermark","https://www.bps.go.id"
"629","margin_kepala_kaki","Teknisi dan Asisten Profesional  |  597"
"629","teks_miring_watermark","https://www.bps.go.id"
"630","margin_kepala_kaki","598  |  Klasifikasi Baku Jabatan Indonesia (KBJI) 2026"
"630","teks_miring_watermark","https://www.bps.go.id"
"631","margin_kepala_kaki","Teknisi dan Asisten Profesional  |  599"
"631","teks_miring_watermark","https://www.bps.go.id"
"632","margin_kepala_kaki","600  |  Klasifikasi Baku Jabatan Indonesia (KBJI) 2026"
"632","teks_miring_watermark","https://www.bps.go.id"
"633","margin_kepala_kaki","Teknisi dan Asisten Profesional  |  601"
"633","teks_miring_watermark","https://www.bps.go.id"
"634","margin_kepala_kaki","602  |  Klasifikasi Baku Jabatan Indonesia (KBJI) 2026"
"634","teks_miring_watermark","https://www.bps.go.id"
"635","margin_kepala_kaki","Teknisi dan Asisten Profesional  |  603"
"635","teks_miring_watermark","https://www.bps.go.id"
"636","margin_kepala_kaki","604  |  Klasifikasi Baku Jabatan Indonesia (KBJI) 2026"
"636","teks_miring_watermark","https://www.bps.go.id"
"637","margin_kepala_kaki","Teknisi dan Asisten Profesional  |  605"
"637","teks_miring_watermark","https://www.bps.go.id"
"638","margin_kepala_kaki","606  |  Klasifikasi Baku Jabatan Indonesia (KBJI) 2026"
"638","teks_miring_watermark","https://www.bps.go.id"
"639","margin_kepala_kaki","Teknisi dan Asisten Profesional  |  607"
"639","teks_miring_watermark","https://www.bps.go.id"
"640","margin_kepala_kaki","608  |  Klasifikasi Baku Jabatan Indonesia (KBJI) 2026"
"640","teks_miring_watermark","https://www.bps.go.id"
"641","margin_kepala_kaki","Teknisi dan Asisten Profesional  |  609"
"641","teks_miring_watermark","https://www.bps.go.id"
"642","margin_kepala_kaki","610  |  Klasifikasi Baku Jabatan Indonesia (KBJI) 2026"
"642","teks_miring_watermark","https://www.bps.go.id"
"643","margin_kepala_kaki","Teknisi dan Asisten Profesional  |  611"
"643","teks_miring_watermark","https://www.bps.go.id"
"644","margin_kepala_kaki","612  |  Klasifikasi Baku Jabatan Indonesia (KBJI) 2026"
"644","teks_miring_watermark","https://www.bps.go.id"
"645","margin_kepala_kaki","Teknisi dan Asisten Profesional  |  613"
"645","teks_miring_watermark","https://www.bps.go.id"
"646","margin_kepala_kaki","614  |  Klasifikasi Baku Jabatan Indonesia (KBJI) 2026"
"646","teks_miring_watermark","https://www.bps.go.id"
"647","margin_kepala_kaki","Teknisi dan Asisten Profesional  |  615"
"647","teks_miring_watermark","https://www.bps.go.id"
"648","margin_kepala_kaki","616  |  Klasifikasi Baku Jabatan Indonesia (KBJI) 2026"
"648","teks_miring_watermark","https://www.bps.go.id"
"649","margin_kepala_kaki","Teknisi dan Asisten Profesional  |  617"
"649","teks_miring_watermark","https://www.bps.go.id"
"650","margin_kepala_kaki","618  |  Klasifikasi Baku Jabatan Indonesia (KBJI) 2026"
"650","teks_miring_watermark","https://www.bps.go.id"
"651","margin_kepala_kaki","Teknisi dan Asisten Profesional  |  619"
"651","teks_miring_watermark","https://www.bps.go.id"
"652","margin_kepala_kaki","620  |  Klasifikasi Baku Jabatan Indonesia (KBJI) 2026"
"652","teks_miring_watermark","https://www.bps.go.id"
"653","margin_kepala_kaki","Teknisi dan Asisten Profesional  |  621"
"653","teks_miring_watermark","https://www.bps.go.id"
"654","margin_kepala_kaki","622  |  Klasifikasi Baku Jabatan Indonesia (KBJI) 2026"
"654","teks_miring_watermark","https://www.bps.go.id"
"655","margin_kepala_kaki","Teknisi dan Asisten Profesional  |  623"
"655","teks_miring_watermark","https://www.bps.go.id"
"656","margin_kepala_kaki","624  |  Klasifikasi Baku Jabatan Indonesia (KBJI) 2026"
"656","teks_miring_watermark","https://www.bps.go.id"
"657","margin_kepala_kaki","Teknisi dan Asisten Profesional  |  625"
"657","teks_miring_watermark","https://www.bps.go.id"
"658","margin_kepala_kaki","626  |  Klasifikasi Baku Jabatan Indonesia (KBJI) 2026"
"658","teks_miring_watermark","https://www.bps.go.id"
"659","margin_kepala_kaki","Teknisi dan Asisten Profesional  |  627"
"659","teks_miring_watermark","https://www.bps.go.id"
"660","margin_kepala_kaki","628  |  Klasifikasi Baku Jabatan Indonesia (KBJI) 2026"
"660","teks_miring_watermark","https://www.bps.go.id"
"661","margin_kepala_kaki","Teknisi dan Asisten Profesional  |  629"
"661","teks_miring_watermark","https://www.bps.go.id"
"662","margin_kepala_kaki","630  |  Klasifikasi Baku Jabatan Indonesia (KBJI) 2026"
"662","teks_miring_watermark","https://www.bps.go.id"
"663","margin_kepala_kaki","Teknisi dan Asisten Profesional  |  631"
"663","teks_miring_watermark","https://www.bps.go.id"
"664","margin_kepala_kaki","632  |  Klasifikasi Baku Jabatan Indonesia (KBJI) 2026"
"664","teks_miring_watermark","https://www.bps.go.id"
"665","margin_kepala_kaki","Teknisi dan Asisten Profesional  |  633"
"665","teks_miring_watermark","https://www.bps.go.id"
"666","margin_kepala_kaki","634  |  Klasifikasi Baku Jabatan Indonesia (KBJI) 2026"
"666","teks_miring_watermark","https://www.bps.go.id"
"667","margin_kepala_kaki","Teknisi dan Asisten Profesional  |  635"
"667","teks_miring_watermark","https://www.bps.go.id"
"668","margin_kepala_kaki","636  |  Klasifikasi Baku Jabatan Indonesia (KBJI) 2026"
"668","teks_miring_watermark","https://www.bps.go.id"
"669","margin_kepala_kaki","Teknisi dan Asisten Profesional  |  637"
"669","teks_miring_watermark","https://www.bps.go.id"
"670","margin_kepala_kaki","638  |  Klasifikasi Baku Jabatan Indonesia (KBJI) 2026"
"670","teks_miring_watermark","https://www.bps.go.id"
"671","margin_kepala_kaki","Teknisi dan Asisten Profesional  |  639"
"671","teks_miring_watermark","https://www.bps.go.id"
"672","margin_kepala_kaki","640  |  Klasifikasi Baku Jabatan Indonesia (KBJI) 2026"
"672","teks_miring_watermark","https://www.bps.go.id"
"673","margin_kepala_kaki","Teknisi dan Asisten Profesional  |  641"
"673","teks_miring_watermark","https://www.bps.go.id"
"674","margin_kepala_kaki","642  |  Klasifikasi Baku Jabatan Indonesia (KBJI) 2026"
"674","teks_miring_watermark","https://www.bps.go.id"
"675","margin_kepala_kaki","Teknisi dan Asisten Profesional  |  643"
"675","teks_miring_watermark","https://www.bps.go.id"
"676","margin_kepala_kaki","644  |  Klasifikasi Baku Jabatan Indonesia (KBJI) 2026"
"676","teks_miring_watermark","https://www.bps.go.id"
"677","margin_kepala_kaki","Teknisi dan Asisten Profesional  |  645"
"677","teks_miring_watermark","https://www.bps.go.id"
"678","margin_kepala_kaki","646  |  Klasifikasi Baku Jabatan Indonesia (KBJI) 2026"
"678","teks_miring_watermark","https://www.bps.go.id"
"679","margin_kepala_kaki","Teknisi dan Asisten Profesional  |  647"
"679","teks_miring_watermark","https://www.bps.go.id"
"680","margin_kepala_kaki","648  |  Klasifikasi Baku Jabatan Indonesia (KBJI) 2026"
"680","teks_miring_watermark","https://www.bps.go.id"
"681","margin_kepala_kaki","Teknisi dan Asisten Profesional  |  649"
"681","teks_miring_watermark","https://www.bps.go.id"
"682","margin_kepala_kaki","650  |  Klasifikasi Baku Jabatan Indonesia (KBJI) 2026"
"682","teks_miring_watermark","https://www.bps.go.id"
"683","margin_kepala_kaki","Teknisi dan Asisten Profesional  |  651"
"683","teks_miring_watermark","https://www.bps.go.id"
"684","margin_kepala_kaki","652  |  Klasifikasi Baku Jabatan Indonesia (KBJI) 2026"
"684","teks_miring_watermark","https://www.bps.go.id"
"685","margin_kepala_kaki","Teknisi dan Asisten Profesional  |  653"
"685","teks_miring_watermark","https://www.bps.go.id"
"686","margin_kepala_kaki","654  |  Klasifikasi Baku Jabatan Indonesia (KBJI) 2026"
"686","teks_miring_watermark","https://www.bps.go.id"
"687","margin_kepala_kaki","Teknisi dan Asisten Profesional  |  655"
"687","teks_miring_watermark","https://www.bps.go.id"
"688","margin_kepala_kaki","656  |  Klasifikasi Baku Jabatan Indonesia (KBJI) 2026"
"688","teks_miring_watermark","https://www.bps.go.id"
"689","margin_kepala_kaki","Teknisi dan Asisten Profesional  |  657"
"689","teks_miring_watermark","https://www.bps.go.id"
"690","margin_kepala_kaki","658  |  Klasifikasi Baku Jabatan Indonesia (KBJI) 2026"
"690","teks_miring_watermark","https://www.bps.go.id"
"691","margin_kepala_kaki","Teknisi dan Asisten Profesional  |  659"
"691","teks_miring_watermark","https://www.bps.go.id"
"692","margin_kepala_kaki","660  |  Klasifikasi Baku Jabatan Indonesia (KBJI) 2026"
"692","teks_miring_watermark","https://www.bps.go.id"
"693","margin_kepala_kaki","Teknisi dan Asisten Profesional  |  661"
"693","teks_miring_watermark","https://www.bps.go.id"
"694","margin_kepala_kaki","662  |  Klasifikasi Baku Jabatan Indonesia (KBJI) 2026"
"694","teks_miring_watermark","https://www.bps.go.id"
"695","margin_kepala_kaki","Teknisi dan Asisten Profesional  |  663"
"695","teks_miring_watermark","https://www.bps.go.id"
"696","margin_kepala_kaki","664  |  Klasifikasi Baku Jabatan Indonesia (KBJI) 2026"
"696","teks_miring_watermark","https://www.bps.go.id"
"697","margin_kepala_kaki","Teknisi dan Asisten Profesional  |  665"
"697","teks_miring_watermark","https://www.bps.go.id"
"698","margin_kepala_kaki","666  |  Klasifikasi Baku Jabatan Indonesia (KBJI) 2026"
"698","teks_miring_watermark","https://www.bps.go.id"
"699","margin_kepala_kaki","Teknisi dan Asisten Profesional  |  667"
"699","teks_miring_watermark","https://www.bps.go.id"
"700","margin_kepala_kaki","668  |  Klasifikasi Baku Jabatan Indonesia (KBJI) 2026"
"700","teks_miring_watermark","https://www.bps.go.id"
"701","margin_kepala_kaki","Teknisi dan Asisten Profesional  |  669"
"701","teks_miring_watermark","https://www.bps.go.id"
"702","margin_kepala_kaki","670  |  Klasifikasi Baku Jabatan Indonesia (KBJI) 2026"
"702","teks_miring_watermark","https://www.bps.go.id"
"703","margin_kepala_kaki","Teknisi dan Asisten Profesional  |  671"
"703","teks_miring_watermark","https://www.bps.go.id"
"704","margin_kepala_kaki","672  |  Klasifikasi Baku Jabatan Indonesia (KBJI) 2026"
"704","teks_miring_watermark","https://www.bps.go.id"
"705","margin_kepala_kaki","Teknisi dan Asisten Profesional  |  673"
"705","teks_miring_watermark","https://www.bps.go.id"
"706","margin_kepala_kaki","674  |  Klasifikasi Baku Jabatan Indonesia (KBJI) 2026"
"706","teks_miring_watermark","https://www.bps.go.id"
"707","margin_kepala_kaki","Teknisi dan Asisten Profesional  |  675"
"707","teks_miring_watermark","https://www.bps.go.id"
"708","margin_kepala_kaki","676  |  Klasifikasi Baku Jabatan Indonesia (KBJI) 2026"
"708","teks_miring_watermark","https://www.bps.go.id"
"709","margin_kepala_kaki","Teknisi dan Asisten Profesional  |  677"
"709","teks_miring_watermark","https://www.bps.go.id"
"710","margin_kepala_kaki","678  |  Klasifikasi Baku Jabatan Indonesia (KBJI) 2026"
"710","teks_miring_watermark","https://www.bps.go.id"
"711","margin_kepala_kaki","Teknisi dan Asisten Profesional  |  679"
"711","teks_miring_watermark","https://www.bps.go.id"
"712","margin_kepala_kaki","680  |  Klasifikasi Baku Jabatan Indonesia (KBJI) 2026"
"712","teks_miring_watermark","https://www.bps.go.id"
"713","margin_kepala_kaki","Teknisi dan Asisten Profesional  |  681"
"713","teks_miring_watermark","https://www.bps.go.id"
"714","teks_miring_watermark","https://www.bps.go.id"
"715","teks_miring_watermark","https://www.bps.go.id"
"716","teks_miring_watermark","https://www.bps.go.id"
"717","margin_kepala_kaki","Tenaga Tata Usaha  |  685"
"717","teks_miring_watermark","https://www.bps.go.id"
"718","margin_kepala_kaki","686  |  Klasifikasi Baku Jabatan Indonesia (KBJI) 2026"
"718","teks_miring_watermark","https://www.bps.go.id"
"719","margin_kepala_kaki","Tenaga Tata Usaha  |  687"
"719","teks_miring_watermark","https://www.bps.go.id"
"720","margin_kepala_kaki","688  |  Klasifikasi Baku Jabatan Indonesia (KBJI) 2026"
"720","teks_miring_watermark","https://www.bps.go.id"
"721","margin_kepala_kaki","Tenaga Tata Usaha  |  689"
"721","teks_miring_watermark","https://www.bps.go.id"
"722","margin_kepala_kaki","690  |  Klasifikasi Baku Jabatan Indonesia (KBJI) 2026"
"722","teks_miring_watermark","https://www.bps.go.id"
"723","margin_kepala_kaki","Tenaga Tata Usaha  |  691"
"723","teks_miring_watermark","https://www.bps.go.id"
"724","margin_kepala_kaki","692  |  Klasifikasi Baku Jabatan Indonesia (KBJI) 2026"
"724","teks_miring_watermark","https://www.bps.go.id"
"725","margin_kepala_kaki","Tenaga Tata Usaha  |  693"
"725","teks_miring_watermark","https://www.bps.go.id"
"726","margin_kepala_kaki","694  |  Klasifikasi Baku Jabatan Indonesia (KBJI) 2026"
"726","teks_miring_watermark","https://www.bps.go.id"
"727","margin_kepala_kaki","Tenaga Tata Usaha  |  695"
"727","teks_miring_watermark","https://www.bps.go.id"
"728","margin_kepala_kaki","696  |  Klasifikasi Baku Jabatan Indonesia (KBJI) 2026"
"728","teks_miring_watermark","https://www.bps.go.id"
"729","margin_kepala_kaki","Tenaga Tata Usaha  |  697"
"729","teks_miring_watermark","https://www.bps.go.id"
"730","margin_kepala_kaki","698  |  Klasifikasi Baku Jabatan Indonesia (KBJI) 2026"
"730","teks_miring_watermark","https://www.bps.go.id"
"731","margin_kepala_kaki","Tenaga Tata Usaha  |  699"
"731","teks_miring_watermark","https://www.bps.go.id"
"732","margin_kepala_kaki","700  |  Klasifikasi Baku Jabatan Indonesia (KBJI) 2026"
"732","teks_miring_watermark","https://www.bps.go.id"
"733","margin_kepala_kaki","Tenaga Tata Usaha  |  701"
"733","teks_miring_watermark","https://www.bps.go.id"
"734","margin_kepala_kaki","702  |  Klasifikasi Baku Jabatan Indonesia (KBJI) 2026"
"734","teks_miring_watermark","https://www.bps.go.id"
"735","margin_kepala_kaki","Tenaga Tata Usaha  |  703"
"735","teks_miring_watermark","https://www.bps.go.id"
"736","margin_kepala_kaki","704  |  Klasifikasi Baku Jabatan Indonesia (KBJI) 2026"
"736","teks_miring_watermark","https://www.bps.go.id"
"737","margin_kepala_kaki","Tenaga Tata Usaha  |  705"
"737","teks_miring_watermark","https://www.bps.go.id"
"738","margin_kepala_kaki","706  |  Klasifikasi Baku Jabatan Indonesia (KBJI) 2026"
"738","teks_miring_watermark","https://www.bps.go.id"
"739","margin_kepala_kaki","Tenaga Tata Usaha  |  707"
"739","teks_miring_watermark","https://www.bps.go.id"
"740","margin_kepala_kaki","708  |  Klasifikasi Baku Jabatan Indonesia (KBJI) 2026"
"740","teks_miring_watermark","https://www.bps.go.id"
"741","margin_kepala_kaki","Tenaga Tata Usaha  |  709"
"741","teks_miring_watermark","https://www.bps.go.id"
"742","margin_kepala_kaki","710  |  Klasifikasi Baku Jabatan Indonesia (KBJI) 2026"
"742","teks_miring_watermark","https://www.bps.go.id"
"743","margin_kepala_kaki","Tenaga Tata Usaha  |  711"
"743","teks_miring_watermark","https://www.bps.go.id"
"744","margin_kepala_kaki","712  |  Klasifikasi Baku Jabatan Indonesia (KBJI) 2026"
"744","teks_miring_watermark","https://www.bps.go.id"
"745","margin_kepala_kaki","Tenaga Tata Usaha  |  713"
"745","teks_miring_watermark","https://www.bps.go.id"
"746","margin_kepala_kaki","714  |  Klasifikasi Baku Jabatan Indonesia (KBJI) 2026"
"746","teks_miring_watermark","https://www.bps.go.id"
"747","margin_kepala_kaki","Tenaga Tata Usaha  |  715"
"747","teks_miring_watermark","https://www.bps.go.id"
"748","margin_kepala_kaki","716  |  Klasifikasi Baku Jabatan Indonesia (KBJI) 2026"
"748","teks_miring_watermark","https://www.bps.go.id"
"749","margin_kepala_kaki","Tenaga Tata Usaha  |  717"
"749","teks_miring_watermark","https://www.bps.go.id"
"750","margin_kepala_kaki","718  |  Klasifikasi Baku Jabatan Indonesia (KBJI) 2026"
"750","teks_miring_watermark","https://www.bps.go.id"
"751","margin_kepala_kaki","Tenaga Tata Usaha  |  719"
"751","teks_miring_watermark","https://www.bps.go.id"
"752","margin_kepala_kaki","720  |  Klasifikasi Baku Jabatan Indonesia (KBJI) 2026"
"752","teks_miring_watermark","https://www.bps.go.id"
"753","margin_kepala_kaki","Tenaga Tata Usaha  |  721"
"753","teks_miring_watermark","https://www.bps.go.id"
"754","margin_kepala_kaki","722  |  Klasifikasi Baku Jabatan Indonesia (KBJI) 2026"
"754","teks_miring_watermark","https://www.bps.go.id"
"755","margin_kepala_kaki","Tenaga Tata Usaha  |  723"
"755","teks_miring_watermark","https://www.bps.go.id"
"756","margin_kepala_kaki","724  |  Klasifikasi Baku Jabatan Indonesia (KBJI) 2026"
"756","teks_miring_watermark","https://www.bps.go.id"
"757","margin_kepala_kaki","Tenaga Tata Usaha  |  725"
"757","teks_miring_watermark","https://www.bps.go.id"
"758","teks_miring_watermark","https://www.bps.go.id"
"759","margin_kepala_kaki","Tenaga Usaha Jasa dan Tenaga Penjualan  |  727"
"759","teks_miring_watermark","https://www.bps.go.id"
"760","margin_kepala_kaki","728  |  Klasifikasi Baku Jabatan Indonesia (KBJI) 2026"
"760","teks_miring_watermark","https://www.bps.go.id"
"761","margin_kepala_kaki","Tenaga Usaha Jasa dan Tenaga Penjualan  |  729"
"761","teks_miring_watermark","https://www.bps.go.id"
"762","margin_kepala_kaki","730  |  Klasifikasi Baku Jabatan Indonesia (KBJI) 2026"
"762","teks_miring_watermark","https://www.bps.go.id"
"763","margin_kepala_kaki","Tenaga Usaha Jasa dan Tenaga Penjualan  |  731"
"763","teks_miring_watermark","https://www.bps.go.id"
"764","margin_kepala_kaki","732  |  Klasifikasi Baku Jabatan Indonesia (KBJI) 2026"
"764","teks_miring_watermark","https://www.bps.go.id"
"765","margin_kepala_kaki","Tenaga Usaha Jasa dan Tenaga Penjualan  |  733"
"765","teks_miring_watermark","https://www.bps.go.id"
"766","margin_kepala_kaki","734  |  Klasifikasi Baku Jabatan Indonesia (KBJI) 2026"
"766","teks_miring_watermark","https://www.bps.go.id"
"767","margin_kepala_kaki","Tenaga Usaha Jasa dan Tenaga Penjualan  |  735"
"767","teks_miring_watermark","https://www.bps.go.id"
"768","margin_kepala_kaki","736  |  Klasifikasi Baku Jabatan Indonesia (KBJI) 2026"
"768","teks_miring_watermark","https://www.bps.go.id"
"769","margin_kepala_kaki","Tenaga Usaha Jasa dan Tenaga Penjualan  |  737"
"769","teks_miring_watermark","https://www.bps.go.id"
"770","margin_kepala_kaki","738  |  Klasifikasi Baku Jabatan Indonesia (KBJI) 2026"
"770","teks_miring_watermark","https://www.bps.go.id"
"771","margin_kepala_kaki","Tenaga Usaha Jasa dan Tenaga Penjualan  |  739"
"771","teks_miring_watermark","https://www.bps.go.id"
"772","margin_kepala_kaki","740  |  Klasifikasi Baku Jabatan Indonesia (KBJI) 2026"
"772","teks_miring_watermark","https://www.bps.go.id"
"773","margin_kepala_kaki","Tenaga Usaha Jasa dan Tenaga Penjualan  |  741"
"773","teks_miring_watermark","https://www.bps.go.id"
"774","margin_kepala_kaki","742  |  Klasifikasi Baku Jabatan Indonesia (KBJI) 2026"
"774","teks_miring_watermark","https://www.bps.go.id"
"775","margin_kepala_kaki","Tenaga Usaha Jasa dan Tenaga Penjualan  |  743"
"775","teks_miring_watermark","https://www.bps.go.id"
"776","margin_kepala_kaki","744  |  Klasifikasi Baku Jabatan Indonesia (KBJI) 2026"
"776","teks_miring_watermark","https://www.bps.go.id"
"777","margin_kepala_kaki","Tenaga Usaha Jasa dan Tenaga Penjualan  |  745"
"777","teks_miring_watermark","https://www.bps.go.id"
"778","margin_kepala_kaki","746  |  Klasifikasi Baku Jabatan Indonesia (KBJI) 2026"
"778","teks_miring_watermark","https://www.bps.go.id"
"779","margin_kepala_kaki","Tenaga Usaha Jasa dan Tenaga Penjualan  |  747"
"779","teks_miring_watermark","https://www.bps.go.id"
"780","margin_kepala_kaki","748  |  Klasifikasi Baku Jabatan Indonesia (KBJI) 2026"
"780","teks_miring_watermark","https://www.bps.go.id"
"781","margin_kepala_kaki","Tenaga Usaha Jasa dan Tenaga Penjualan  |  749"
"781","teks_miring_watermark","https://www.bps.go.id"
"782","margin_kepala_kaki","750  |  Klasifikasi Baku Jabatan Indonesia (KBJI) 2026"
"782","teks_miring_watermark","https://www.bps.go.id"
"783","margin_kepala_kaki","Tenaga Usaha Jasa dan Tenaga Penjualan  |  751"
"783","teks_miring_watermark","https://www.bps.go.id"
"784","margin_kepala_kaki","752  |  Klasifikasi Baku Jabatan Indonesia (KBJI) 2026"
"784","teks_miring_watermark","https://www.bps.go.id"
"785","margin_kepala_kaki","Tenaga Usaha Jasa dan Tenaga Penjualan  |  753"
"785","teks_miring_watermark","https://www.bps.go.id"
"786","margin_kepala_kaki","754  |  Klasifikasi Baku Jabatan Indonesia (KBJI) 2026"
"786","teks_miring_watermark","https://www.bps.go.id"
"787","margin_kepala_kaki","Tenaga Usaha Jasa dan Tenaga Penjualan  |  755"
"787","teks_miring_watermark","https://www.bps.go.id"
"788","margin_kepala_kaki","756  |  Klasifikasi Baku Jabatan Indonesia (KBJI) 2026"
"788","teks_miring_watermark","https://www.bps.go.id"
"789","margin_kepala_kaki","Tenaga Usaha Jasa dan Tenaga Penjualan  |  757"
"789","teks_miring_watermark","https://www.bps.go.id"
"790","margin_kepala_kaki","758  |  Klasifikasi Baku Jabatan Indonesia (KBJI) 2026"
"790","teks_miring_watermark","https://www.bps.go.id"
"791","margin_kepala_kaki","Tenaga Usaha Jasa dan Tenaga Penjualan  |  759"
"791","teks_miring_watermark","https://www.bps.go.id"
"792","margin_kepala_kaki","760  |  Klasifikasi Baku Jabatan Indonesia (KBJI) 2026"
"792","teks_miring_watermark","https://www.bps.go.id"
"793","margin_kepala_kaki","Tenaga Usaha Jasa dan Tenaga Penjualan  |  761"
"793","teks_miring_watermark","https://www.bps.go.id"
"794","margin_kepala_kaki","762  |  Klasifikasi Baku Jabatan Indonesia (KBJI) 2026"
"794","teks_miring_watermark","https://www.bps.go.id"
"795","margin_kepala_kaki","Tenaga Usaha Jasa dan Tenaga Penjualan  |  763"
"795","teks_miring_watermark","https://www.bps.go.id"
"796","margin_kepala_kaki","764  |  Klasifikasi Baku Jabatan Indonesia (KBJI) 2026"
"796","teks_miring_watermark","https://www.bps.go.id"
"797","margin_kepala_kaki","Tenaga Usaha Jasa dan Tenaga Penjualan  |  765"
"797","teks_miring_watermark","https://www.bps.go.id"
"798","margin_kepala_kaki","766  |  Klasifikasi Baku Jabatan Indonesia (KBJI) 2026"
"798","teks_miring_watermark","https://www.bps.go.id"
"799","margin_kepala_kaki","Tenaga Usaha Jasa dan Tenaga Penjualan  |  767"
"799","teks_miring_watermark","https://www.bps.go.id"
"800","margin_kepala_kaki","768  |  Klasifikasi Baku Jabatan Indonesia (KBJI) 2026"
"800","teks_miring_watermark","https://www.bps.go.id"
"801","margin_kepala_kaki","Tenaga Usaha Jasa dan Tenaga Penjualan  |  769"
"801","teks_miring_watermark","https://www.bps.go.id"
"802","margin_kepala_kaki","770  |  Klasifikasi Baku Jabatan Indonesia (KBJI) 2026"
"802","teks_miring_watermark","https://www.bps.go.id"
"803","margin_kepala_kaki","Tenaga Usaha Jasa dan Tenaga Penjualan  |  771"
"803","teks_miring_watermark","https://www.bps.go.id"
"804","margin_kepala_kaki","772  |  Klasifikasi Baku Jabatan Indonesia (KBJI) 2026"
"804","teks_miring_watermark","https://www.bps.go.id"
"805","margin_kepala_kaki","Tenaga Usaha Jasa dan Tenaga Penjualan  |  773"
"805","teks_miring_watermark","https://www.bps.go.id"
"806","margin_kepala_kaki","774  |  Klasifikasi Baku Jabatan Indonesia (KBJI) 2026"
"806","teks_miring_watermark","https://www.bps.go.id"
"807","margin_kepala_kaki","Tenaga Usaha Jasa dan Tenaga Penjualan  |  775"
"807","teks_miring_watermark","https://www.bps.go.id"
"808","margin_kepala_kaki","776  |  Klasifikasi Baku Jabatan Indonesia (KBJI) 2026"
"808","teks_miring_watermark","https://www.bps.go.id"
"809","margin_kepala_kaki","Tenaga Usaha Jasa dan Tenaga Penjualan  |  777"
"809","teks_miring_watermark","https://www.bps.go.id"
"810","margin_kepala_kaki","778  |  Klasifikasi Baku Jabatan Indonesia (KBJI) 2026"
"810","teks_miring_watermark","https://www.bps.go.id"
"811","margin_kepala_kaki","Tenaga Usaha Jasa dan Tenaga Penjualan  |  779"
"811","teks_miring_watermark","https://www.bps.go.id"
"812","margin_kepala_kaki","780  |  Klasifikasi Baku Jabatan Indonesia (KBJI) 2026"
"812","teks_miring_watermark","https://www.bps.go.id"
"813","margin_kepala_kaki","Tenaga Usaha Jasa dan Tenaga Penjualan  |  781"
"813","teks_miring_watermark","https://www.bps.go.id"
"814","margin_kepala_kaki","782  |  Klasifikasi Baku Jabatan Indonesia (KBJI) 2026"
"814","teks_miring_watermark","https://www.bps.go.id"
"815","margin_kepala_kaki","Tenaga Usaha Jasa dan Tenaga Penjualan  |  783"
"815","teks_miring_watermark","https://www.bps.go.id"
"816","margin_kepala_kaki","784  |  Klasifikasi Baku Jabatan Indonesia (KBJI) 2026"
"816","teks_miring_watermark","https://www.bps.go.id"
"817","margin_kepala_kaki","Tenaga Usaha Jasa dan Tenaga Penjualan  |  785"
"817","teks_miring_watermark","https://www.bps.go.id"
"818","margin_kepala_kaki","786  |  Klasifikasi Baku Jabatan Indonesia (KBJI) 2026"
"818","teks_miring_watermark","https://www.bps.go.id"
"819","margin_kepala_kaki","Tenaga Usaha Jasa dan Tenaga Penjualan  |  787"
"819","teks_miring_watermark","https://www.bps.go.id"
"820","margin_kepala_kaki","788  |  Klasifikasi Baku Jabatan Indonesia (KBJI) 2026"
"820","teks_miring_watermark","https://www.bps.go.id"
"821","margin_kepala_kaki","Tenaga Usaha Jasa dan Tenaga Penjualan  |  789"
"821","teks_miring_watermark","https://www.bps.go.id"
"822","margin_kepala_kaki","790  |  Klasifikasi Baku Jabatan Indonesia (KBJI) 2026"
"822","teks_miring_watermark","https://www.bps.go.id"
"823","teks_miring_watermark","https://www.bps.go.id"
"824","teks_miring_watermark","https://www.bps.go.id"
"825","margin_kepala_kaki","Pekerja Terampil Pertanian, Kehutanan, dan Perikanan  |  793"
"825","teks_miring_watermark","https://www.bps.go.id"
"826","margin_kepala_kaki","794  |  Klasifikasi Baku Jabatan Indonesia (KBJI) 2026"
"826","teks_miring_watermark","https://www.bps.go.id"
"827","margin_kepala_kaki","Pekerja Terampil Pertanian, Kehutanan, dan Perikanan  |  795"
"827","teks_miring_watermark","https://www.bps.go.id"
"828","margin_kepala_kaki","796  |  Klasifikasi Baku Jabatan Indonesia (KBJI) 2026"
"828","teks_miring_watermark","https://www.bps.go.id"
"829","margin_kepala_kaki","Pekerja Terampil Pertanian, Kehutanan, dan Perikanan  |  797"
"829","teks_miring_watermark","https://www.bps.go.id"
"830","margin_kepala_kaki","798  |  Klasifikasi Baku Jabatan Indonesia (KBJI) 2026"
"830","teks_miring_watermark","https://www.bps.go.id"
"831","margin_kepala_kaki","Pekerja Terampil Pertanian, Kehutanan, dan Perikanan  |  799"
"831","teks_miring_watermark","https://www.bps.go.id"
"832","margin_kepala_kaki","800  |  Klasifikasi Baku Jabatan Indonesia (KBJI) 2026"
"832","teks_miring_watermark","https://www.bps.go.id"
"833","margin_kepala_kaki","Pekerja Terampil Pertanian, Kehutanan, dan Perikanan  |  801"
"833","teks_miring_watermark","https://www.bps.go.id"
"834","margin_kepala_kaki","802  |  Klasifikasi Baku Jabatan Indonesia (KBJI) 2026"
"834","teks_miring_watermark","https://www.bps.go.id"
"835","margin_kepala_kaki","Pekerja Terampil Pertanian, Kehutanan, dan Perikanan  |  803"
"835","teks_miring_watermark","https://www.bps.go.id"
"836","margin_kepala_kaki","804  |  Klasifikasi Baku Jabatan Indonesia (KBJI) 2026"
"836","teks_miring_watermark","https://www.bps.go.id"
"837","margin_kepala_kaki","Pekerja Terampil Pertanian, Kehutanan, dan Perikanan  |  805"
"837","teks_miring_watermark","https://www.bps.go.id"
"838","margin_kepala_kaki","806  |  Klasifikasi Baku Jabatan Indonesia (KBJI) 2026"
"838","teks_miring_watermark","https://www.bps.go.id"
"839","margin_kepala_kaki","Pekerja Terampil Pertanian, Kehutanan, dan Perikanan  |  807"
"839","teks_miring_watermark","https://www.bps.go.id"
"840","margin_kepala_kaki","808  |  Klasifikasi Baku Jabatan Indonesia (KBJI) 2026"
"840","teks_miring_watermark","https://www.bps.go.id"
"841","margin_kepala_kaki","Pekerja Terampil Pertanian, Kehutanan, dan Perikanan  |  809"
"841","teks_miring_watermark","https://www.bps.go.id"
"842","margin_kepala_kaki","810  |  Klasifikasi Baku Jabatan Indonesia (KBJI) 2026"
"842","teks_miring_watermark","https://www.bps.go.id"
"843","margin_kepala_kaki","Pekerja Terampil Pertanian, Kehutanan, dan Perikanan  |  811"
"843","teks_miring_watermark","https://www.bps.go.id"
"844","margin_kepala_kaki","812  |  Klasifikasi Baku Jabatan Indonesia (KBJI) 2026"
"844","teks_miring_watermark","https://www.bps.go.id"
"845","margin_kepala_kaki","Pekerja Terampil Pertanian, Kehutanan, dan Perikanan  |  813"
"845","teks_miring_watermark","https://www.bps.go.id"
"846","margin_kepala_kaki","814  |  Klasifikasi Baku Jabatan Indonesia (KBJI) 2026"
"846","teks_miring_watermark","https://www.bps.go.id"
"847","margin_kepala_kaki","Pekerja Terampil Pertanian, Kehutanan, dan Perikanan  |  815"
"847","teks_miring_watermark","https://www.bps.go.id"
"848","margin_kepala_kaki","816  |  Klasifikasi Baku Jabatan Indonesia (KBJI) 2026"
"848","teks_miring_watermark","https://www.bps.go.id"
"849","margin_kepala_kaki","Pekerja Terampil Pertanian, Kehutanan, dan Perikanan  |  817"
"849","teks_miring_watermark","https://www.bps.go.id"
"850","margin_kepala_kaki","818  |  Klasifikasi Baku Jabatan Indonesia (KBJI) 2026"
"850","teks_miring_watermark","https://www.bps.go.id"
"851","margin_kepala_kaki","Pekerja Terampil Pertanian, Kehutanan, dan Perikanan  |  819"
"851","teks_miring_watermark","https://www.bps.go.id"
"852","margin_kepala_kaki","820  |  Klasifikasi Baku Jabatan Indonesia (KBJI) 2026"
"852","teks_miring_watermark","https://www.bps.go.id"
"853","margin_kepala_kaki","Pekerja Terampil Pertanian, Kehutanan, dan Perikanan  |  821"
"853","teks_miring_watermark","https://www.bps.go.id"
"854","margin_kepala_kaki","822  |  Klasifikasi Baku Jabatan Indonesia (KBJI) 2026"
"854","teks_miring_watermark","https://www.bps.go.id"
"855","margin_kepala_kaki","Pekerja Terampil Pertanian, Kehutanan, dan Perikanan  |  823"
"855","teks_miring_watermark","https://www.bps.go.id"
"856","margin_kepala_kaki","824  |  Klasifikasi Baku Jabatan Indonesia (KBJI) 2026"
"856","teks_miring_watermark","https://www.bps.go.id"
"857","margin_kepala_kaki","Pekerja Terampil Pertanian, Kehutanan, dan Perikanan  |  825"
"857","teks_miring_watermark","https://www.bps.go.id"
"858","margin_kepala_kaki","826  |  Klasifikasi Baku Jabatan Indonesia (KBJI) 2026"
"858","teks_miring_watermark","https://www.bps.go.id"
"859","margin_kepala_kaki","Pekerja Terampil Pertanian, Kehutanan, dan Perikanan  |  827"
"859","teks_miring_watermark","https://www.bps.go.id"
"860","margin_kepala_kaki","828  |  Klasifikasi Baku Jabatan Indonesia (KBJI) 2026"
"860","teks_miring_watermark","https://www.bps.go.id"
"861","margin_kepala_kaki","Pekerja Terampil Pertanian, Kehutanan, dan Perikanan  |  829"
"861","teks_miring_watermark","https://www.bps.go.id"
"862","margin_kepala_kaki","830  |  Klasifikasi Baku Jabatan Indonesia (KBJI) 2026"
"862","teks_miring_watermark","https://www.bps.go.id"
"863","margin_kepala_kaki","Pekerja Terampil Pertanian, Kehutanan, dan Perikanan  |  831"
"863","teks_miring_watermark","https://www.bps.go.id"
"864","margin_kepala_kaki","832  |  Klasifikasi Baku Jabatan Indonesia (KBJI) 2026"
"864","teks_miring_watermark","https://www.bps.go.id"
"865","margin_kepala_kaki","Pekerja Terampil Pertanian, Kehutanan, dan Perikanan  |  833"
"865","teks_miring_watermark","https://www.bps.go.id"
"866","margin_kepala_kaki","834  |  Klasifikasi Baku Jabatan Indonesia (KBJI) 2026"
"866","teks_miring_watermark","https://www.bps.go.id"
"867","margin_kepala_kaki","Pekerja Terampil Pertanian, Kehutanan, dan Perikanan  |  835"
"867","teks_miring_watermark","https://www.bps.go.id"
"868","teks_miring_watermark","https://www.bps.go.id"
"869","teks_miring_watermark","https://www.bps.go.id"
"870","teks_miring_watermark","https://www.bps.go.id"
"871","margin_kepala_kaki","Pekerja Pengolahan, Kerajinan, dan YBDI  |  839"
"871","teks_miring_watermark","https://www.bps.go.id"
"872","margin_kepala_kaki","840  |  Klasifikasi Baku Jabatan Indonesia (KBJI) 2026"
"872","teks_miring_watermark","https://www.bps.go.id"
"873","margin_kepala_kaki","Pekerja Pengolahan, Kerajinan, dan YBDI  |  841"
"873","teks_miring_watermark","https://www.bps.go.id"
"874","margin_kepala_kaki","842  |  Klasifikasi Baku Jabatan Indonesia (KBJI) 2026"
"874","teks_miring_watermark","https://www.bps.go.id"
"875","margin_kepala_kaki","Pekerja Pengolahan, Kerajinan, dan YBDI  |  843"
"875","teks_miring_watermark","https://www.bps.go.id"
"876","margin_kepala_kaki","844  |  Klasifikasi Baku Jabatan Indonesia (KBJI) 2026"
"876","teks_miring_watermark","https://www.bps.go.id"
"877","margin_kepala_kaki","Pekerja Pengolahan, Kerajinan, dan YBDI  |  845"
"877","teks_miring_watermark","https://www.bps.go.id"
"878","margin_kepala_kaki","846  |  Klasifikasi Baku Jabatan Indonesia (KBJI) 2026"
"878","teks_miring_watermark","https://www.bps.go.id"
"879","margin_kepala_kaki","Pekerja Pengolahan, Kerajinan, dan YBDI  |  847"
"879","teks_miring_watermark","https://www.bps.go.id"
"880","margin_kepala_kaki","848  |  Klasifikasi Baku Jabatan Indonesia (KBJI) 2026"
"880","teks_miring_watermark","https://www.bps.go.id"
"881","margin_kepala_kaki","Pekerja Pengolahan, Kerajinan, dan YBDI  |  849"
"881","teks_miring_watermark","https://www.bps.go.id"
"882","margin_kepala_kaki","850  |  Klasifikasi Baku Jabatan Indonesia (KBJI) 2026"
"882","teks_miring_watermark","https://www.bps.go.id"
"883","margin_kepala_kaki","Pekerja Pengolahan, Kerajinan, dan YBDI  |  851"
"883","teks_miring_watermark","https://www.bps.go.id"
"884","margin_kepala_kaki","852  |  Klasifikasi Baku Jabatan Indonesia (KBJI) 2026"
"884","teks_miring_watermark","https://www.bps.go.id"
"885","margin_kepala_kaki","Pekerja Pengolahan, Kerajinan, dan YBDI  |  853"
"885","teks_miring_watermark","https://www.bps.go.id"
"886","margin_kepala_kaki","854  |  Klasifikasi Baku Jabatan Indonesia (KBJI) 2026"
"886","teks_miring_watermark","https://www.bps.go.id"
"887","margin_kepala_kaki","Pekerja Pengolahan, Kerajinan, dan YBDI  |  855"
"887","teks_miring_watermark","https://www.bps.go.id"
"888","margin_kepala_kaki","856  |  Klasifikasi Baku Jabatan Indonesia (KBJI) 2026"
"888","teks_miring_watermark","https://www.bps.go.id"
"889","margin_kepala_kaki","Pekerja Pengolahan, Kerajinan, dan YBDI  |  857"
"889","teks_miring_watermark","https://www.bps.go.id"
"890","margin_kepala_kaki","858  |  Klasifikasi Baku Jabatan Indonesia (KBJI) 2026"
"890","teks_miring_watermark","https://www.bps.go.id"
"891","margin_kepala_kaki","Pekerja Pengolahan, Kerajinan, dan YBDI  |  859"
"891","teks_miring_watermark","https://www.bps.go.id"
"892","margin_kepala_kaki","860  |  Klasifikasi Baku Jabatan Indonesia (KBJI) 2026"
"892","teks_miring_watermark","https://www.bps.go.id"
"893","margin_kepala_kaki","Pekerja Pengolahan, Kerajinan, dan YBDI  |  861"
"893","teks_miring_watermark","https://www.bps.go.id"
"894","margin_kepala_kaki","862  |  Klasifikasi Baku Jabatan Indonesia (KBJI) 2026"
"894","teks_miring_watermark","https://www.bps.go.id"
"895","margin_kepala_kaki","Pekerja Pengolahan, Kerajinan, dan YBDI  |  863"
"895","teks_miring_watermark","https://www.bps.go.id"
"896","margin_kepala_kaki","864  |  Klasifikasi Baku Jabatan Indonesia (KBJI) 2026"
"896","teks_miring_watermark","https://www.bps.go.id"
"897","margin_kepala_kaki","Pekerja Pengolahan, Kerajinan, dan YBDI  |  865"
"897","teks_miring_watermark","https://www.bps.go.id"
"898","margin_kepala_kaki","866  |  Klasifikasi Baku Jabatan Indonesia (KBJI) 2026"
"898","teks_miring_watermark","https://www.bps.go.id"
"899","margin_kepala_kaki","Pekerja Pengolahan, Kerajinan, dan YBDI  |  867"
"899","teks_miring_watermark","https://www.bps.go.id"
"900","margin_kepala_kaki","868  |  Klasifikasi Baku Jabatan Indonesia (KBJI) 2026"
"900","teks_miring_watermark","https://www.bps.go.id"
"901","margin_kepala_kaki","Pekerja Pengolahan, Kerajinan, dan YBDI  |  869"
"901","teks_miring_watermark","https://www.bps.go.id"
"902","margin_kepala_kaki","870  |  Klasifikasi Baku Jabatan Indonesia (KBJI) 2026"
"902","teks_miring_watermark","https://www.bps.go.id"
"903","margin_kepala_kaki","Pekerja Pengolahan, Kerajinan, dan YBDI  |  871"
"903","teks_miring_watermark","https://www.bps.go.id"
"904","margin_kepala_kaki","872  |  Klasifikasi Baku Jabatan Indonesia (KBJI) 2026"
"904","teks_miring_watermark","https://www.bps.go.id"
"905","margin_kepala_kaki","Pekerja Pengolahan, Kerajinan, dan YBDI  |  873"
"905","teks_miring_watermark","https://www.bps.go.id"
"906","margin_kepala_kaki","874  |  Klasifikasi Baku Jabatan Indonesia (KBJI) 2026"
"906","teks_miring_watermark","https://www.bps.go.id"
"907","margin_kepala_kaki","Pekerja Pengolahan, Kerajinan, dan YBDI  |  875"
"907","teks_miring_watermark","https://www.bps.go.id"
"908","margin_kepala_kaki","876  |  Klasifikasi Baku Jabatan Indonesia (KBJI) 2026"
"908","teks_miring_watermark","https://www.bps.go.id"
"909","margin_kepala_kaki","Pekerja Pengolahan, Kerajinan, dan YBDI  |  877"
"909","teks_miring_watermark","https://www.bps.go.id"
"910","margin_kepala_kaki","878  |  Klasifikasi Baku Jabatan Indonesia (KBJI) 2026"
"910","teks_miring_watermark","https://www.bps.go.id"
"911","margin_kepala_kaki","Pekerja Pengolahan, Kerajinan, dan YBDI  |  879"
"911","teks_miring_watermark","https://www.bps.go.id"
"912","margin_kepala_kaki","880  |  Klasifikasi Baku Jabatan Indonesia (KBJI) 2026"
"912","teks_miring_watermark","https://www.bps.go.id"
"913","margin_kepala_kaki","Pekerja Pengolahan, Kerajinan, dan YBDI  |  881"
"913","teks_miring_watermark","https://www.bps.go.id"
"914","margin_kepala_kaki","882  |  Klasifikasi Baku Jabatan Indonesia (KBJI) 2026"
"914","teks_miring_watermark","https://www.bps.go.id"
"915","margin_kepala_kaki","Pekerja Pengolahan, Kerajinan, dan YBDI  |  883"
"915","teks_miring_watermark","https://www.bps.go.id"
"916","margin_kepala_kaki","884  |  Klasifikasi Baku Jabatan Indonesia (KBJI) 2026"
"916","teks_miring_watermark","https://www.bps.go.id"
"917","margin_kepala_kaki","Pekerja Pengolahan, Kerajinan, dan YBDI  |  885"
"917","teks_miring_watermark","https://www.bps.go.id"
"918","margin_kepala_kaki","886  |  Klasifikasi Baku Jabatan Indonesia (KBJI) 2026"
"918","teks_miring_watermark","https://www.bps.go.id"
"919","margin_kepala_kaki","Pekerja Pengolahan, Kerajinan, dan YBDI  |  887"
"919","teks_miring_watermark","https://www.bps.go.id"
"920","margin_kepala_kaki","888  |  Klasifikasi Baku Jabatan Indonesia (KBJI) 2026"
"920","teks_miring_watermark","https://www.bps.go.id"
"921","margin_kepala_kaki","Pekerja Pengolahan, Kerajinan, dan YBDI  |  889"
"921","teks_miring_watermark","https://www.bps.go.id"
"922","margin_kepala_kaki","890  |  Klasifikasi Baku Jabatan Indonesia (KBJI) 2026"
"922","teks_miring_watermark","https://www.bps.go.id"
"923","margin_kepala_kaki","Pekerja Pengolahan, Kerajinan, dan YBDI  |  891"
"923","teks_miring_watermark","https://www.bps.go.id"
"924","margin_kepala_kaki","892  |  Klasifikasi Baku Jabatan Indonesia (KBJI) 2026"
"924","teks_miring_watermark","https://www.bps.go.id"
"925","margin_kepala_kaki","Pekerja Pengolahan, Kerajinan, dan YBDI  |  893"
"925","teks_miring_watermark","https://www.bps.go.id"
"926","margin_kepala_kaki","894  |  Klasifikasi Baku Jabatan Indonesia (KBJI) 2026"
"926","teks_miring_watermark","https://www.bps.go.id"
"927","margin_kepala_kaki","Pekerja Pengolahan, Kerajinan, dan YBDI  |  895"
"927","teks_miring_watermark","https://www.bps.go.id"
"928","margin_kepala_kaki","896  |  Klasifikasi Baku Jabatan Indonesia (KBJI) 2026"
"928","teks_miring_watermark","https://www.bps.go.id"
"929","margin_kepala_kaki","Pekerja Pengolahan, Kerajinan, dan YBDI  |  897"
"929","teks_miring_watermark","https://www.bps.go.id"
"930","margin_kepala_kaki","898  |  Klasifikasi Baku Jabatan Indonesia (KBJI) 2026"
"930","teks_miring_watermark","https://www.bps.go.id"
"931","margin_kepala_kaki","Pekerja Pengolahan, Kerajinan, dan YBDI  |  899"
"931","teks_miring_watermark","https://www.bps.go.id"
"932","margin_kepala_kaki","900  |  Klasifikasi Baku Jabatan Indonesia (KBJI) 2026"
"932","teks_miring_watermark","https://www.bps.go.id"
"933","margin_kepala_kaki","Pekerja Pengolahan, Kerajinan, dan YBDI  |  901"
"933","teks_miring_watermark","https://www.bps.go.id"
"934","margin_kepala_kaki","902  |  Klasifikasi Baku Jabatan Indonesia (KBJI) 2026"
"934","teks_miring_watermark","https://www.bps.go.id"
"935","margin_kepala_kaki","Pekerja Pengolahan, Kerajinan, dan YBDI  |  903"
"935","teks_miring_watermark","https://www.bps.go.id"
"936","margin_kepala_kaki","904  |  Klasifikasi Baku Jabatan Indonesia (KBJI) 2026"
"936","teks_miring_watermark","https://www.bps.go.id"
"937","margin_kepala_kaki","Pekerja Pengolahan, Kerajinan, dan YBDI  |  905"
"937","teks_miring_watermark","https://www.bps.go.id"
"938","margin_kepala_kaki","906  |  Klasifikasi Baku Jabatan Indonesia (KBJI) 2026"
"938","teks_miring_watermark","https://www.bps.go.id"
"939","margin_kepala_kaki","Pekerja Pengolahan, Kerajinan, dan YBDI  |  907"
"939","teks_miring_watermark","https://www.bps.go.id"
"940","margin_kepala_kaki","908  |  Klasifikasi Baku Jabatan Indonesia (KBJI) 2026"
"940","teks_miring_watermark","https://www.bps.go.id"
"941","margin_kepala_kaki","Pekerja Pengolahan, Kerajinan, dan YBDI  |  909"
"941","teks_miring_watermark","https://www.bps.go.id"
"942","margin_kepala_kaki","910  |  Klasifikasi Baku Jabatan Indonesia (KBJI) 2026"
"942","teks_miring_watermark","https://www.bps.go.id"
"943","margin_kepala_kaki","Pekerja Pengolahan, Kerajinan, dan YBDI  |  911"
"943","teks_miring_watermark","https://www.bps.go.id"
"944","margin_kepala_kaki","912  |  Klasifikasi Baku Jabatan Indonesia (KBJI) 2026"
"944","teks_miring_watermark","https://www.bps.go.id"
"945","margin_kepala_kaki","Pekerja Pengolahan, Kerajinan, dan YBDI  |  913"
"945","teks_miring_watermark","https://www.bps.go.id"
"946","margin_kepala_kaki","914  |  Klasifikasi Baku Jabatan Indonesia (KBJI) 2026"
"946","teks_miring_watermark","https://www.bps.go.id"
"947","margin_kepala_kaki","Pekerja Pengolahan, Kerajinan, dan YBDI  |  915"
"947","teks_miring_watermark","https://www.bps.go.id"
"948","margin_kepala_kaki","916  |  Klasifikasi Baku Jabatan Indonesia (KBJI) 2026"
"948","teks_miring_watermark","https://www.bps.go.id"
"949","margin_kepala_kaki","Pekerja Pengolahan, Kerajinan, dan YBDI  |  917"
"949","teks_miring_watermark","https://www.bps.go.id"
"950","margin_kepala_kaki","918  |  Klasifikasi Baku Jabatan Indonesia (KBJI) 2026"
"950","teks_miring_watermark","https://www.bps.go.id"
"951","margin_kepala_kaki","Pekerja Pengolahan, Kerajinan, dan YBDI  |  919"
"951","teks_miring_watermark","https://www.bps.go.id"
"952","margin_kepala_kaki","920  |  Klasifikasi Baku Jabatan Indonesia (KBJI) 2026"
"952","teks_miring_watermark","https://www.bps.go.id"
"953","margin_kepala_kaki","Pekerja Pengolahan, Kerajinan, dan YBDI  |  921"
"953","teks_miring_watermark","https://www.bps.go.id"
"954","margin_kepala_kaki","922  |  Klasifikasi Baku Jabatan Indonesia (KBJI) 2026"
"954","teks_miring_watermark","https://www.bps.go.id"
"955","margin_kepala_kaki","Pekerja Pengolahan, Kerajinan, dan YBDI  |  923"
"955","teks_miring_watermark","https://www.bps.go.id"
"956","margin_kepala_kaki","924  |  Klasifikasi Baku Jabatan Indonesia (KBJI) 2026"
"956","teks_miring_watermark","https://www.bps.go.id"
"957","margin_kepala_kaki","Pekerja Pengolahan, Kerajinan, dan YBDI  |  925"
"957","teks_miring_watermark","https://www.bps.go.id"
"958","margin_kepala_kaki","926  |  Klasifikasi Baku Jabatan Indonesia (KBJI) 2026"
"958","teks_miring_watermark","https://www.bps.go.id"
"959","margin_kepala_kaki","Pekerja Pengolahan, Kerajinan, dan YBDI  |  927"
"959","teks_miring_watermark","https://www.bps.go.id"
"960","margin_kepala_kaki","928  |  Klasifikasi Baku Jabatan Indonesia (KBJI) 2026"
"960","teks_miring_watermark","https://www.bps.go.id"
"961","margin_kepala_kaki","Pekerja Pengolahan, Kerajinan, dan YBDI  |  929"
"961","teks_miring_watermark","https://www.bps.go.id"
"962","margin_kepala_kaki","930  |  Klasifikasi Baku Jabatan Indonesia (KBJI) 2026"
"962","teks_miring_watermark","https://www.bps.go.id"
"963","margin_kepala_kaki","Pekerja Pengolahan, Kerajinan, dan YBDI  |  931"
"963","teks_miring_watermark","https://www.bps.go.id"
"964","margin_kepala_kaki","932  |  Klasifikasi Baku Jabatan Indonesia (KBJI) 2026"
"964","teks_miring_watermark","https://www.bps.go.id"
"965","margin_kepala_kaki","Pekerja Pengolahan, Kerajinan, dan YBDI  |  933"
"965","teks_miring_watermark","https://www.bps.go.id"
"966","teks_miring_watermark","https://www.bps.go.id"
"967","teks_miring_watermark","https://www.bps.go.id"
"968","teks_miring_watermark","https://www.bps.go.id"
"969","margin_kepala_kaki","Operator dan Perakit Mesin  |  937"
"969","teks_miring_watermark","https://www.bps.go.id"
"970","margin_kepala_kaki","938  |  Klasifikasi Baku Jabatan Indonesia (KBJI) 2026"
"970","teks_miring_watermark","https://www.bps.go.id"
"971","margin_kepala_kaki","Operator dan Perakit Mesin  |  939"
"971","teks_miring_watermark","https://www.bps.go.id"
"972","margin_kepala_kaki","940  |  Klasifikasi Baku Jabatan Indonesia (KBJI) 2026"
"972","teks_miring_watermark","https://www.bps.go.id"
"973","margin_kepala_kaki","Operator dan Perakit Mesin  |  941"
"973","teks_miring_watermark","https://www.bps.go.id"
"974","margin_kepala_kaki","942  |  Klasifikasi Baku Jabatan Indonesia (KBJI) 2026"
"974","teks_miring_watermark","https://www.bps.go.id"
"975","margin_kepala_kaki","Operator dan Perakit Mesin  |  943"
"975","teks_miring_watermark","https://www.bps.go.id"
"976","margin_kepala_kaki","944  |  Klasifikasi Baku Jabatan Indonesia (KBJI) 2026"
"976","teks_miring_watermark","https://www.bps.go.id"
"977","margin_kepala_kaki","Operator dan Perakit Mesin  |  945"
"977","teks_miring_watermark","https://www.bps.go.id"
"978","margin_kepala_kaki","946  |  Klasifikasi Baku Jabatan Indonesia (KBJI) 2026"
"978","teks_miring_watermark","https://www.bps.go.id"
"979","margin_kepala_kaki","Operator dan Perakit Mesin  |  947"
"979","teks_miring_watermark","https://www.bps.go.id"
"980","margin_kepala_kaki","948  |  Klasifikasi Baku Jabatan Indonesia (KBJI) 2026"
"980","teks_miring_watermark","https://www.bps.go.id"
"981","margin_kepala_kaki","Operator dan Perakit Mesin  |  949"
"981","teks_miring_watermark","https://www.bps.go.id"
"982","margin_kepala_kaki","950  |  Klasifikasi Baku Jabatan Indonesia (KBJI) 2026"
"982","teks_miring_watermark","https://www.bps.go.id"
"983","margin_kepala_kaki","Operator dan Perakit Mesin  |  951"
"983","teks_miring_watermark","https://www.bps.go.id"
"984","margin_kepala_kaki","952  |  Klasifikasi Baku Jabatan Indonesia (KBJI) 2026"
"984","teks_miring_watermark","https://www.bps.go.id"
"985","margin_kepala_kaki","Operator dan Perakit Mesin  |  953"
"985","teks_miring_watermark","https://www.bps.go.id"
"986","margin_kepala_kaki","954  |  Klasifikasi Baku Jabatan Indonesia (KBJI) 2026"
"986","teks_miring_watermark","https://www.bps.go.id"
"987","margin_kepala_kaki","Operator dan Perakit Mesin  |  955"
"987","teks_miring_watermark","https://www.bps.go.id"
"988","margin_kepala_kaki","956  |  Klasifikasi Baku Jabatan Indonesia (KBJI) 2026"
"988","teks_miring_watermark","https://www.bps.go.id"
"989","margin_kepala_kaki","Operator dan Perakit Mesin  |  957"
"989","teks_miring_watermark","https://www.bps.go.id"
"990","margin_kepala_kaki","958  |  Klasifikasi Baku Jabatan Indonesia (KBJI) 2026"
"990","teks_miring_watermark","https://www.bps.go.id"
"991","margin_kepala_kaki","Operator dan Perakit Mesin  |  959"
"991","teks_miring_watermark","https://www.bps.go.id"
"992","margin_kepala_kaki","960  |  Klasifikasi Baku Jabatan Indonesia (KBJI) 2026"
"992","teks_miring_watermark","https://www.bps.go.id"
"993","margin_kepala_kaki","Operator dan Perakit Mesin  |  961"
"993","teks_miring_watermark","https://www.bps.go.id"
"994","margin_kepala_kaki","962  |  Klasifikasi Baku Jabatan Indonesia (KBJI) 2026"
"994","teks_miring_watermark","https://www.bps.go.id"
"995","margin_kepala_kaki","Operator dan Perakit Mesin  |  963"
"995","teks_miring_watermark","https://www.bps.go.id"
"996","margin_kepala_kaki","964  |  Klasifikasi Baku Jabatan Indonesia (KBJI) 2026"
"996","teks_miring_watermark","https://www.bps.go.id"
"997","margin_kepala_kaki","Operator dan Perakit Mesin  |  965"
"997","teks_miring_watermark","https://www.bps.go.id"
"998","margin_kepala_kaki","966  |  Klasifikasi Baku Jabatan Indonesia (KBJI) 2026"
"998","teks_miring_watermark","https://www.bps.go.id"
"999","margin_kepala_kaki","Operator dan Perakit Mesin  |  967"
"999","teks_miring_watermark","https://www.bps.go.id"
"1000","margin_kepala_kaki","968  |  Klasifikasi Baku Jabatan Indonesia (KBJI) 2026"
"1000","teks_miring_watermark","https://www.bps.go.id"
"1001","margin_kepala_kaki","Operator dan Perakit Mesin  |  969"
"1001","teks_miring_watermark","https://www.bps.go.id"
"1002","margin_kepala_kaki","970  |  Klasifikasi Baku Jabatan Indonesia (KBJI) 2026"
"1002","teks_miring_watermark","https://www.bps.go.id"
"1003","margin_kepala_kaki","Operator dan Perakit Mesin  |  971"
"1003","teks_miring_watermark","https://www.bps.go.id"
"1004","margin_kepala_kaki","972  |  Klasifikasi Baku Jabatan Indonesia (KBJI) 2026"
"1004","teks_miring_watermark","https://www.bps.go.id"
"1005","margin_kepala_kaki","Operator dan Perakit Mesin  |  973"
"1005","teks_miring_watermark","https://www.bps.go.id"
"1006","margin_kepala_kaki","974  |  Klasifikasi Baku Jabatan Indonesia (KBJI) 2026"
"1006","teks_miring_watermark","https://www.bps.go.id"
"1007","margin_kepala_kaki","Operator dan Perakit Mesin  |  975"
"1007","teks_miring_watermark","https://www.bps.go.id"
"1008","margin_kepala_kaki","976  |  Klasifikasi Baku Jabatan Indonesia (KBJI) 2026"
"1008","teks_miring_watermark","https://www.bps.go.id"
"1009","margin_kepala_kaki","Operator dan Perakit Mesin  |  977"
"1009","teks_miring_watermark","https://www.bps.go.id"
"1010","margin_kepala_kaki","978  |  Klasifikasi Baku Jabatan Indonesia (KBJI) 2026"
"1010","teks_miring_watermark","https://www.bps.go.id"
"1011","margin_kepala_kaki","Operator dan Perakit Mesin  |  979"
"1011","teks_miring_watermark","https://www.bps.go.id"
"1012","margin_kepala_kaki","980  |  Klasifikasi Baku Jabatan Indonesia (KBJI) 2026"
"1012","teks_miring_watermark","https://www.bps.go.id"
"1013","margin_kepala_kaki","Operator dan Perakit Mesin  |  981"
"1013","teks_miring_watermark","https://www.bps.go.id"
"1014","margin_kepala_kaki","982  |  Klasifikasi Baku Jabatan Indonesia (KBJI) 2026"
"1014","teks_miring_watermark","https://www.bps.go.id"
"1015","margin_kepala_kaki","Operator dan Perakit Mesin  |  983"
"1015","teks_miring_watermark","https://www.bps.go.id"
"1016","margin_kepala_kaki","984  |  Klasifikasi Baku Jabatan Indonesia (KBJI) 2026"
"1016","teks_miring_watermark","https://www.bps.go.id"
"1017","margin_kepala_kaki","Operator dan Perakit Mesin  |  985"
"1017","teks_miring_watermark","https://www.bps.go.id"
"1018","margin_kepala_kaki","986  |  Klasifikasi Baku Jabatan Indonesia (KBJI) 2026"
"1018","teks_miring_watermark","https://www.bps.go.id"
"1019","margin_kepala_kaki","Operator dan Perakit Mesin  |  987"
"1019","teks_miring_watermark","https://www.bps.go.id"
"1020","margin_kepala_kaki","988  |  Klasifikasi Baku Jabatan Indonesia (KBJI) 2026"
"1020","teks_miring_watermark","https://www.bps.go.id"
"1021","margin_kepala_kaki","Operator dan Perakit Mesin  |  989"
"1021","teks_miring_watermark","https://www.bps.go.id"
"1022","margin_kepala_kaki","990  |  Klasifikasi Baku Jabatan Indonesia (KBJI) 2026"
"1022","teks_miring_watermark","https://www.bps.go.id"
"1023","margin_kepala_kaki","Operator dan Perakit Mesin  |  991"
"1023","teks_miring_watermark","https://www.bps.go.id"
"1024","margin_kepala_kaki","992  |  Klasifikasi Baku Jabatan Indonesia (KBJI) 2026"
"1024","teks_miring_watermark","https://www.bps.go.id"
"1025","margin_kepala_kaki","Operator dan Perakit Mesin  |  993"
"1025","teks_miring_watermark","https://www.bps.go.id"
"1026","margin_kepala_kaki","994  |  Klasifikasi Baku Jabatan Indonesia (KBJI) 2026"
"1026","teks_miring_watermark","https://www.bps.go.id"
"1027","margin_kepala_kaki","Operator dan Perakit Mesin  |  995"
"1027","teks_miring_watermark","https://www.bps.go.id"
"1028","margin_kepala_kaki","996  |  Klasifikasi Baku Jabatan Indonesia (KBJI) 2026"
"1028","teks_miring_watermark","https://www.bps.go.id"
"1029","margin_kepala_kaki","Operator dan Perakit Mesin  |  997"
"1029","teks_miring_watermark","https://www.bps.go.id"
"1030","margin_kepala_kaki","998  |  Klasifikasi Baku Jabatan Indonesia (KBJI) 2026"
"1030","teks_miring_watermark","https://www.bps.go.id"
"1031","margin_kepala_kaki","Operator dan Perakit Mesin  |  999"
"1031","teks_miring_watermark","https://www.bps.go.id"
"1032","margin_kepala_kaki","1000  |  Klasifikasi Baku Jabatan Indonesia (KBJI) 2026"
"1032","teks_miring_watermark","https://www.bps.go.id"
"1033","margin_kepala_kaki","Operator dan Perakit Mesin  |  1001"
"1033","teks_miring_watermark","https://www.bps.go.id"
"1034","margin_kepala_kaki","1002  |  Klasifikasi Baku Jabatan Indonesia (KBJI) 2026"
"1034","teks_miring_watermark","https://www.bps.go.id"
"1035","margin_kepala_kaki","Operator dan Perakit Mesin  |  1003"
"1035","teks_miring_watermark","https://www.bps.go.id"
"1036","margin_kepala_kaki","1004  |  Klasifikasi Baku Jabatan Indonesia (KBJI) 2026"
"1036","teks_miring_watermark","https://www.bps.go.id"
"1037","margin_kepala_kaki","Operator dan Perakit Mesin  |  1005"
"1037","teks_miring_watermark","https://www.bps.go.id"
"1038","margin_kepala_kaki","1006  |  Klasifikasi Baku Jabatan Indonesia (KBJI) 2026"
"1038","teks_miring_watermark","https://www.bps.go.id"
"1039","margin_kepala_kaki","Operator dan Perakit Mesin  |  1007"
"1039","teks_miring_watermark","https://www.bps.go.id"
"1040","margin_kepala_kaki","1008  |  Klasifikasi Baku Jabatan Indonesia (KBJI) 2026"
"1040","teks_miring_watermark","https://www.bps.go.id"
"1041","margin_kepala_kaki","Operator dan Perakit Mesin  |  1009"
"1041","teks_miring_watermark","https://www.bps.go.id"
"1042","margin_kepala_kaki","1010  |  Klasifikasi Baku Jabatan Indonesia (KBJI) 2026"
"1042","teks_miring_watermark","https://www.bps.go.id"
"1043","margin_kepala_kaki","Operator dan Perakit Mesin  |  1011"
"1043","teks_miring_watermark","https://www.bps.go.id"
"1044","margin_kepala_kaki","1012  |  Klasifikasi Baku Jabatan Indonesia (KBJI) 2026"
"1044","teks_miring_watermark","https://www.bps.go.id"
"1045","margin_kepala_kaki","Operator dan Perakit Mesin  |  1013"
"1045","teks_miring_watermark","https://www.bps.go.id"
"1046","margin_kepala_kaki","1014  |  Klasifikasi Baku Jabatan Indonesia (KBJI) 2026"
"1046","teks_miring_watermark","https://www.bps.go.id"
"1047","margin_kepala_kaki","Operator dan Perakit Mesin  |  1015"
"1047","teks_miring_watermark","https://www.bps.go.id"
"1048","margin_kepala_kaki","1016  |  Klasifikasi Baku Jabatan Indonesia (KBJI) 2026"
"1048","teks_miring_watermark","https://www.bps.go.id"
"1049","margin_kepala_kaki","Operator dan Perakit Mesin  |  1017"
"1049","teks_miring_watermark","https://www.bps.go.id"
"1050","margin_kepala_kaki","1018  |  Klasifikasi Baku Jabatan Indonesia (KBJI) 2026"
"1050","teks_miring_watermark","https://www.bps.go.id"
"1051","margin_kepala_kaki","Operator dan Perakit Mesin  |  1019"
"1051","teks_miring_watermark","https://www.bps.go.id"
"1052","margin_kepala_kaki","1020  |  Klasifikasi Baku Jabatan Indonesia (KBJI) 2026"
"1052","teks_miring_watermark","https://www.bps.go.id"
"1053","margin_kepala_kaki","Operator dan Perakit Mesin  |  1021"
"1053","teks_miring_watermark","https://www.bps.go.id"
"1054","teks_miring_watermark","https://www.bps.go.id"
"1055","teks_miring_watermark","https://www.bps.go.id"
"1056","teks_miring_watermark","https://www.bps.go.id"
"1057","margin_kepala_kaki","Pekerja Kasar  |  1025"
"1057","teks_miring_watermark","https://www.bps.go.id"
"1058","margin_kepala_kaki","1026  |  Klasifikasi Baku Jabatan Indonesia (KBJI) 2026"
"1058","teks_miring_watermark","https://www.bps.go.id"
"1059","margin_kepala_kaki","Pekerja Kasar  |  1027"
"1059","teks_miring_watermark","https://www.bps.go.id"
"1060","margin_kepala_kaki","1028  |  Klasifikasi Baku Jabatan Indonesia (KBJI) 2026"
"1060","teks_miring_watermark","https://www.bps.go.id"
"1061","margin_kepala_kaki","Pekerja Kasar  |  1029"
"1061","teks_miring_watermark","https://www.bps.go.id"
"1062","margin_kepala_kaki","1030  |  Klasifikasi Baku Jabatan Indonesia (KBJI) 2026"
"1062","teks_miring_watermark","https://www.bps.go.id"
"1063","margin_kepala_kaki","Pekerja Kasar  |  1031"
"1063","teks_miring_watermark","https://www.bps.go.id"
"1064","margin_kepala_kaki","1032  |  Klasifikasi Baku Jabatan Indonesia (KBJI) 2026"
"1064","teks_miring_watermark","https://www.bps.go.id"
"1065","margin_kepala_kaki","Pekerja Kasar  |  1033"
"1065","teks_miring_watermark","https://www.bps.go.id"
"1066","margin_kepala_kaki","1034  |  Klasifikasi Baku Jabatan Indonesia (KBJI) 2026"
"1066","teks_miring_watermark","https://www.bps.go.id"
"1067","margin_kepala_kaki","Pekerja Kasar  |  1035"
"1067","teks_miring_watermark","https://www.bps.go.id"
"1068","margin_kepala_kaki","1036  |  Klasifikasi Baku Jabatan Indonesia (KBJI) 2026"
"1068","teks_miring_watermark","https://www.bps.go.id"
"1069","margin_kepala_kaki","Pekerja Kasar  |  1037"
"1069","teks_miring_watermark","https://www.bps.go.id"
"1070","margin_kepala_kaki","1038  |  Klasifikasi Baku Jabatan Indonesia (KBJI) 2026"
"1070","teks_miring_watermark","https://www.bps.go.id"
"1071","margin_kepala_kaki","Pekerja Kasar  |  1039"
"1071","teks_miring_watermark","https://www.bps.go.id"
"1072","margin_kepala_kaki","1040  |  Klasifikasi Baku Jabatan Indonesia (KBJI) 2026"
"1072","teks_miring_watermark","https://www.bps.go.id"
"1073","margin_kepala_kaki","Pekerja Kasar  |  1041"
"1073","teks_miring_watermark","https://www.bps.go.id"
"1074","margin_kepala_kaki","1042  |  Klasifikasi Baku Jabatan Indonesia (KBJI) 2026"
"1074","teks_miring_watermark","https://www.bps.go.id"
"1075","margin_kepala_kaki","Pekerja Kasar  |  1043"
"1075","teks_miring_watermark","https://www.bps.go.id"
"1076","margin_kepala_kaki","1044  |  Klasifikasi Baku Jabatan Indonesia (KBJI) 2026"
"1076","teks_miring_watermark","https://www.bps.go.id"
"1077","margin_kepala_kaki","Pekerja Kasar  |  1045"
"1077","teks_miring_watermark","https://www.bps.go.id"
"1078","margin_kepala_kaki","1046  |  Klasifikasi Baku Jabatan Indonesia (KBJI) 2026"
"1078","teks_miring_watermark","https://www.bps.go.id"
"1079","margin_kepala_kaki","Pekerja Kasar  |  1047"
"1079","teks_miring_watermark","https://www.bps.go.id"
"1080","margin_kepala_kaki","1048  |  Klasifikasi Baku Jabatan Indonesia (KBJI) 2026"
"1080","teks_miring_watermark","https://www.bps.go.id"
"1081","margin_kepala_kaki","Pekerja Kasar  |  1049"
"1081","teks_miring_watermark","https://www.bps.go.id"
"1082","margin_kepala_kaki","1050  |  Klasifikasi Baku Jabatan Indonesia (KBJI) 2026"
"1082","teks_miring_watermark","https://www.bps.go.id"
"1083","margin_kepala_kaki","Pekerja Kasar  |  1051"
"1083","teks_miring_watermark","https://www.bps.go.id"
"1084","margin_kepala_kaki","1052  |  Klasifikasi Baku Jabatan Indonesia (KBJI) 2026"
"1084","teks_miring_watermark","https://www.bps.go.id"
"1085","margin_kepala_kaki","Pekerja Kasar  |  1053"
"1085","teks_miring_watermark","https://www.bps.go.id"
"1086","margin_kepala_kaki","1054  |  Klasifikasi Baku Jabatan Indonesia (KBJI) 2026"
"1086","teks_miring_watermark","https://www.bps.go.id"
"1087","margin_kepala_kaki","Pekerja Kasar  |  1055"
"1087","teks_miring_watermark","https://www.bps.go.id"
"1088","margin_kepala_kaki","1056  |  Klasifikasi Baku Jabatan Indonesia (KBJI) 2026"
"1088","teks_miring_watermark","https://www.bps.go.id"
"1089","margin_kepala_kaki","Pekerja Kasar  |  1057"
"1089","teks_miring_watermark","https://www.bps.go.id"
"1090","margin_kepala_kaki","1058  |  Klasifikasi Baku Jabatan Indonesia (KBJI) 2026"
"1090","teks_miring_watermark","https://www.bps.go.id"
"1091","margin_kepala_kaki","Pekerja Kasar  |  1059"
"1091","teks_miring_watermark","https://www.bps.go.id"
"1092","margin_kepala_kaki","1060  |  Klasifikasi Baku Jabatan Indonesia (KBJI) 2026"
"1092","teks_miring_watermark","https://www.bps.go.id"
"1093","margin_kepala_kaki","Pekerja Kasar  |  1061"
"1093","teks_miring_watermark","https://www.bps.go.id"
"1094","margin_kepala_kaki","1062  |  Klasifikasi Baku Jabatan Indonesia (KBJI) 2026"
"1094","teks_miring_watermark","https://www.bps.go.id"
"1095","margin_kepala_kaki","Pekerja Kasar  |  1063"
"1095","teks_miring_watermark","https://www.bps.go.id"
"1096","margin_kepala_kaki","1064  |  Klasifikasi Baku Jabatan Indonesia (KBJI) 2026"
"1096","teks_miring_watermark","https://www.bps.go.id"
"1097","margin_kepala_kaki","Pekerja Kasar  |  1065"
"1097","teks_miring_watermark","https://www.bps.go.id"
"1098","margin_kepala_kaki","1066  |  Klasifikasi Baku Jabatan Indonesia (KBJI) 2026"
"1098","teks_miring_watermark","https://www.bps.go.id"
"1099","margin_kepala_kaki","Pekerja Kasar  |  1067"
"1099","teks_miring_watermark","https://www.bps.go.id"
"1100","margin_kepala_kaki","1068  |  Klasifikasi Baku Jabatan Indonesia (KBJI) 2026"
"1100","teks_miring_watermark","https://www.bps.go.id"
"1101","margin_kepala_kaki","Pekerja Kasar  |  1069"
"1101","teks_miring_watermark","https://www.bps.go.id"
"1102","margin_kepala_kaki","1070  |  Klasifikasi Baku Jabatan Indonesia (KBJI) 2026"
"1102","teks_miring_watermark","https://www.bps.go.id"
"1103","margin_kepala_kaki","Pekerja Kasar  |  1071"
"1103","teks_miring_watermark","https://www.bps.go.id"
"1104","margin_kepala_kaki","1072  |  Klasifikasi Baku Jabatan Indonesia (KBJI) 2026"
"1104","teks_miring_watermark","https://www.bps.go.id"
"1105","margin_kepala_kaki","Pekerja Kasar  |  1073"
"1105","teks_miring_watermark","https://www.bps.go.id"
"1106","margin_kepala_kaki","1074  |  Klasifikasi Baku Jabatan Indonesia (KBJI) 2026"
"1106","teks_miring_watermark","https://www.bps.go.id"
"1107","margin_kepala_kaki","Pekerja Kasar  |  1075"
"1107","teks_miring_watermark","https://www.bps.go.id"
"1108","margin_kepala_kaki","1076  |  Klasifikasi Baku Jabatan Indonesia (KBJI) 2026"
"1108","teks_miring_watermark","https://www.bps.go.id"
