"kode","terpindai_kolom_kode","terbaca_sebagai_judul","halaman_pdf","jumlah_kemunculan"
"0","True","True","103","1"
"1","True","True","161","1"
"2","True","True","263","1"
"3","True","True","511","1"
"4","True","True","717","1"
"5","True","True","759","1"
"6","True","True","825","1"
"7","True","True","871","1"
"8","True","True","969","1"
"9","True","True","1057","1"
"01","True","True","104","1"
"02","True","True","150","1"
"03","True","True","154","1"
"11","True","True","161","1"
"12","True","True","178","1"
"13","True","True","196","1"
"14","True","True","244","1"
"21","True","True","263","1"
"22","True","True","343","1"
"23","True","True","389","1"
"24","True","True","415","1"
"25","True","True","435","1"
"26","True","True","455","1"
"31","True","True","511","1"
"32","True","True","582","1"
"33","True","True","626","1"
"34","True","True","672","1"
"35","True","True","702","1"
"41","True","True","717","1"
"42","True","True","723","1"
"43","True","True","737","1"
"44","True","True","748","1"
"51","True","True","759","1"
"52","True","True","785","1"
"53","True","True","804","1"
"54","True","True","815","1"
"61","True","True","825","1"
"62","True","True","848","1"
"63","True","True","860","1"
"71","True","True","871","1"
"72","True","True","889","1"
"73","True","True","909","1"
"74","True","True","929","1"
"75","True","True","936","1"
"81","True","True","969","1"
"82","True","True","1025","1"
"83","True","True","1033","1"
"91","True","True","1057","1"
"92","True","True","1066","1"
"93","True","True","1075","1"
"94","True","True","1088","1"
"95","True","True","1093","1"
"96","True","True","1097","1"
"011","True","True","104","1"
"021","True","True","151","1"
"031","True","True","155","1"
"111","True","True","162","1"
"112","True","True","174","1"
"121","True","True","178","1"
"122","True","True","189","1"
"131","True","True","197","1"
"132","True","True","206","1"
"133","True","True","217","1"
"134","True","True","222","1"
"141","True","True","244","1"
"142","True","True","249","1"
"143","True","True","252","1"
"211","True","True","264","1"
"212","True","True","277","1"
"213","True","True","281","1"
"214","True","True","299","1"
"215","True","True","321","1"
"216","True","True","327","1"
"221","True","True","344","1"
"222","True","True","355","1"
"223","True","True","362","1"
"224","True","True","366","1"
"225","True","True","368","1"
"226","True","True","371","1"
"231","True","True","390","1"
"232","True","True","395","1"
"233","True","True","398","1"
"234","True","True","400","1"
"235","True","True","403","1"
"241","True","True","415","1"
"242","True","True","421","1"
"243","True","True","429","1"
"251","True","True","436","1"
"252","True","True","448","1"
"261","True","True","456","1"
"262","True","True","462","1"
"263","True","True","466","1"
"264","True","True","482","1"
"265","True","True","493","1"
"311","True","True","512","1"
"312","True","True","539","1"
"313","True","True","545","1"
"314","True","True","564","1"
"315","True","True","574","1"
"321","True","True","583","1"
"322","True","True","594","1"
"323","True","True","599","1"
"324","True","True","603","1"
"325","True","True","606","1"
"331","True","True","626","1"
"332","True","True","635","1"
"333","True","True","643","1"
"334","True","True","652","1"
"335","True","True","662","1"
"341","True","True","672","1"
"342","True","True","681","1"
"343","True","True","687","1"
"351","True","True","702","1"
"352","True","True","709","1"
"411","True","True","717","1"
"412","True","True","718","1"
"413","True","True","720","1"
"421","True","True","723","1"
"422","True","True","728","1"
"431","True","True","737","1"
"432","True","True","743","1"
"441","True","True","748","1"
"511","True","True","760","1"
"512","True","True","765","1"
"513","True","True","767","1"
"514","True","True","769","1"
"515","True","True","772","1"
"516","True","True","777","1"
"521","True","True","785","1"
"522","True","True","788","1"
"523","True","True","793","1"
"524","True","True","795","1"
"531","True","True","804","1"
"532","True","True","807","1"
"541","True","True","815","1"
"611","True","True","826","1"
"612","True","True","835","1"
"613","True","True","846","1"
"621","True","True","849","1"
"622","True","True","852","1"
"631","True","True","860","1"
"632","True","True","862","1"
"633","True","True","863","1"
"634","True","True","865","1"
"711","True","True","872","1"
"712","True","True","878","1"
"713","True","True","886","1"
"721","True","True","890","1"
"722","True","True","896","1"
"723","True","True","901","1"
"731","True","True","909","1"
"732","True","True","924","1"
"741","True","True","929","1"
"742","True","True","933","1"
"751","True","True","937","1"
"752","True","True","945","1"
"753","True","True","950","1"
"754","True","True","959","1"
"811","True","True","970","1"
"812","True","True","981","1"
"813","True","True","985","1"
"814","True","True","990","1"
"815","True","True","997","1"
"816","True","True","1009","1"
"817","True","True","1013","1"
"818","True","True","1017","1"
"821","True","True","1025","1"
"831","True","True","1034","1"
"832","True","True","1037","1"
"833","True","True","1040","1"
"834","True","True","1043","1"
"835","True","True","1052","1"
"911","True","True","1058","1"
"912","True","True","1061","1"
"921","True","True","1066","1"
"931","True","True","1076","1"
"932","True","True","1080","1"
"933","True","True","1084","1"
"941","True","True","1089","1"
"951","True","True","1094","1"
"952","True","True","1096","1"
"961","True","True","1098","1"
"962","True","True","1101","1"
"0111","True","True","105","1"
"0112","True","True","116","1"
"0113","True","True","125","1"
"0114","True","True","133","1"
"0115","True","True","143","1"
"0211","True","True","151","1"
"0212","True","True","152","1"
"0213","True","True","153","1"
"0214","True","True","153","1"
"0215","True","True","154","1"
"0311","True","True","155","1"
"0312","True","True","156","1"
"0313","True","True","156","1"
"0314","True","True","157","1"
"0315","True","True","158","1"
"1111","True","True","163","1"
"1112","True","True","167","1"
"1113","True","True","171","1"
"1114","True","True","173","1"
"1120","True","True","174","1"
"1211","True","True","179","1"
"1212","True","True","181","1"
"1213","True","True","183","1"
"1219","True","True","186","1"
"1221","True","True","189","1"
"1222","True","True","191","1"
"1223","True","True","193","1"
"1311","True","True","197","1"
"1312","True","True","204","1"
"1321","True","True","206","1"
"1322","True","True","209","1"
"1323","True","True","211","1"
"1324","True","True","212","1"
"1330","True","True","217","1"
"1341","True","True","222","1"
"1342","True","True","223","1"
"1343","True","True","226","1"
"1344","True","True","229","1"
"1345","True","True","232","1"
"1346","True","True","237","1"
"1349","True","True","240","1"
"1411","True","True","245","1"
"1412","True","True","247","1"
"1420","True","True","250","1"
"1431","True","True","252","1"
"1439","True","True","255","1"
"2111","True","True","265","1"
"2112","True","True","269","1"
"2113","True","True","271","1"
"2114","True","True","274","1"
"2120","True","True","278","1"
"2131","True","True","282","1"
"2132","True","True","288","1"
"2133","True","True","292","1"
"2141","True","True","299","1"
"2142","True","True","301","1"
"2143","True","True","305","1"
"2144","True","True","307","1"
"2145","True","True","311","1"
"2146","True","True","312","1"
"2149","True","True","316","1"
"2151","True","True","322","1"
"2152","True","True","323","1"
"2153","True","True","325","1"
"2161","True","True","328","1"
"2162","True","True","329","1"
"2163","True","True","331","1"
"2164","True","True","334","1"
"2165","True","True","336","1"
"2166","True","True","340","1"
"2211","True","True","345","1"
"2212","True","True","347","1"
"2221","True","True","356","1"
"2222","True","True","360","1"
"2230","True","True","362","1"
"2240","True","True","366","1"
"2250","True","True","369","1"
"2261","True","True","372","1"
"2262","True","True","376","1"
"2263","True","True","377","1"
"2264","True","True","381","1"
"2265","True","True","383","1"
"2266","True","True","385","1"
"2267","True","True","387","1"
"2269","True","True","388","1"
"2310","True","True","391","1"
"2320","True","True","396","1"
"2330","True","True","398","1"
"2341","True","True","400","1"
"2342","True","True","401","1"
"2351","True","True","404","1"
"2352","True","True","406","1"
"2353","True","True","407","1"
"2354","True","True","408","1"
"2355","True","True","410","1"
"2356","True","True","412","1"
"2359","True","True","413","1"
"2411","True","True","416","1"
"2412","True","True","419","1"
"2413","True","True","420","1"
"2421","True","True","421","1"
"2422","True","True","423","1"
"2423","True","True","424","1"
"2424","True","True","427","1"
"2431","True","True","429","1"
"2432","True","True","431","1"
"2433","True","True","432","1"
"2434","True","True","434","1"
"2511","True","True","436","1"
"2512","True","True","438","1"
"2513","True","True","440","1"
"2514","True","True","444","1"
"2515","True","True","444","1"
"2519","True","True","446","1"
"2521","True","True","448","1"
"2522","True","True","450","1"
"2523","True","True","451","1"
"2529","True","True","453","1"
"2611","True","True","456","1"
"2612","True","True","459","1"
"2619","True","True","461","1"
"2621","True","True","462","1"
"2622","True","True","464","1"
"2631","True","True","466","1"
"2632","True","True","469","1"
"2633","True","True","471","1"
"2634","True","True","473","1"
"2635","True","True","476","1"
"2636","True","True","481","1"
"2641","True","True","483","1"
"2642","True","True","487","1"
"2643","True","True","491","1"
"2651","True","True","493","1"
"2652","True","True","496","1"
"2653","True","True","498","1"
"2654","True","True","499","1"
"2655","True","True","503","1"
"2656","True","True","504","1"
"2659","True","True","506","1"
"3111","True","True","512","1"
"3112","True","True","515","1"
"3113","True","True","523","1"
"3114","True","True","525","1"
"3115","True","True","526","1"
"3116","True","True","530","1"
"3117","True","True","531","1"
"3118","True","True","534","1"
"3119","True","True","536","1"
"3121","True","True","540","1"
"3122","True","True","541","1"
"3123","True","True","544","1"
"3131","True","True","546","1"
"3132","True","True","551","1"
"3133","True","True","556","1"
"3134","True","True","559","1"
"3135","True","True","561","1"
"3139","True","True","563","1"
"3141","True","True","564","1"
"3142","True","True","568","1"
"3143","True","True","571","1"
"3151","True","True","574","1"
"3152","True","True","575","1"
"3153","True","True","576","1"
"3154","True","True","580","1"
"3155","True","True","581","1"
"3211","True","True","583","1"
"3212","True","True","587","1"
"3213","True","True","589","1"
"3214","True","True","591","1"
"3221","True","True","594","1"
"3222","True","True","597","1"
"3230","True","True","600","1"
"3240","True","True","603","1"
"3251","True","True","607","1"
"3252","True","True","609","1"
"3253","True","True","610","1"
"3254","True","True","612","1"
"3255","True","True","614","1"
"3256","True","True","618","1"
"3257","True","True","620","1"
"3258","True","True","622","1"
"3259","True","True","624","1"
"3311","True","True","627","1"
"3312","True","True","629","1"
"3313","True","True","630","1"
"3314","True","True","631","1"
"3315","True","True","633","1"
"3321","True","True","635","1"
"3322","True","True","636","1"
"3323","True","True","639","1"
"3324","True","True","641","1"
"3331","True","True","643","1"
"3332","True","True","645","1"
"3333","True","True","646","1"
"3334","True","True","648","1"
"3339","True","True","650","1"
"3341","True","True","653","1"
"3342","True","True","655","1"
"3343","True","True","657","1"
"3344","True","True","660","1"
"3351","True","True","663","1"
"3352","True","True","666","1"
"3353","True","True","667","1"
"3354","True","True","668","1"
"3359","True","True","669","1"
"3411","True","True","673","1"
"3412","True","True","676","1"
"3413","True","True","678","1"
"3421","True","True","681","1"
"3422","True","True","682","1"
"3423","True","True","685","1"
"3431","True","True","688","1"
"3432","True","True","690","1"
"3433","True","True","692","1"
"3434","True","True","694","1"
"3435","True","True","695","1"
"3511","True","True","703","1"
"3512","True","True","705","1"
"3513","True","True","706","1"
"3514","True","True","707","1"
"3521","True","True","709","1"
"3522","True","True","712","1"
"4110","True","True","718","1"
"4120","True","True","719","1"
"4131","True","True","720","1"
"4132","True","True","722","1"
"4211","True","True","724","1"
"4212","True","True","725","1"
"4213","True","True","726","1"
"4219","True","True","727","1"
"4221","True","True","728","1"
"4222","True","True","730","1"
"4223","True","True","731","1"
"4224","True","True","732","1"
"4225","True","True","733","1"
"4226","True","True","734","1"
"4227","True","True","735","1"
"4229","True","True","736","1"
"4311","True","True","738","1"
"4312","True","True","739","1"
"4313","True","True","742","1"
"4321","True","True","743","1"
"4322","True","True","745","1"
"4323","True","True","746","1"
"4411","True","True","748","1"
"4412","True","True","749","1"
"4413","True","True","750","1"
"4414","True","True","751","1"
"4415","True","True","752","1"
"4416","True","True","753","1"
"4419","True","True","754","1"
"5111","True","True","760","1"
"5112","True","True","762","1"
"5113","True","True","763","1"
"5120","True","True","766","1"
"5131","True","True","767","1"
"5132","True","True","768","1"
"5141","True","True","769","1"
"5142","True","True","770","1"
"5151","True","True","772","1"
"5152","True","True","774","1"
"5153","True","True","775","1"
"5161","True","True","777","1"
"5162","True","True","779","1"
"5163","True","True","780","1"
"5164","True","True","781","1"
"5165","True","True","783","1"
"5169","True","True","784","1"
"5211","True","True","786","1"
"5212","True","True","788","1"
"5221","True","True","789","1"
"5222","True","True","790","1"
"5223","True","True","792","1"
"5230","True","True","794","1"
"5241","True","True","796","1"
"5242","True","True","797","1"
"5243","True","True","798","1"
"5244","True","True","799","1"
"5245","True","True","800","1"
"5246","True","True","802","1"
"5249","True","True","803","1"
"5311","True","True","804","1"
"5312","True","True","806","1"
"5321","True","True","808","1"
"5322","True","True","810","1"
"5329","True","True","813","1"
"5411","True","True","816","1"
"5413","True","True","817","1"
"5414","True","True","818","1"
"5419","True","True","820","1"
"6111","True","True","826","1"
"6112","True","True","829","1"
"6113","True","True","832","1"
"6114","True","True","834","1"
"6121","True","True","836","1"
"6122","True","True","842","1"
"6123","True","True","843","1"
"6129","True","True","844","1"
"6130","True","True","847","1"
"6210","True","True","849","1"
"6221","True","True","853","1"
"6222","True","True","856","1"
"6223","True","True","857","1"
"6224","True","True","859","1"
"6310","True","True","861","1"
"6320","True","True","862","1"
"6330","True","True","864","1"
"6340","True","True","865","1"
"7111","True","True","873","1"
"7112","True","True","873","1"
"7113","True","True","874","1"
"7114","True","True","875","1"
"7115","True","True","875","1"
"7119","True","True","877","1"
"7121","True","True","879","1"
"7122","True","True","880","1"
"7123","True","True","881","1"
"7124","True","True","882","1"
"7125","True","True","884","1"
"7126","True","True","885","1"
"7127","True","True","886","1"
"7131","True","True","887","1"
"7132","True","True","888","1"
"7133","True","True","889","1"
"7211","True","True","891","1"
"7212","True","True","891","1"
"7213","True","True","893","1"
"7214","True","True","894","1"
"7215","True","True","895","1"
"7221","True","True","896","1"
"7222","True","True","897","1"
"7223","True","True","899","1"
"7224","True","True","900","1"
"7231","True","True","902","1"
"7232","True","True","904","1"
"7233","True","True","907","1"
"7234","True","True","908","1"
"7311","True","True","910","1"
"7312","True","True","912","1"
"7313","True","True","914","1"
"7314","True","True","915","1"
"7315","True","True","917","1"
"7316","True","True","918","1"
"7317","True","True","920","1"
"7318","True","True","921","1"
"7319","True","True","923","1"
"7321","True","True","924","1"
"7322","True","True","926","1"
"7323","True","True","927","1"
"7411","True","True","930","1"
"7412","True","True","931","1"
"7413","True","True","932","1"
"7421","True","True","933","1"
"7422","True","True","935","1"
"7511","True","True","937","1"
"7512","True","True","939","1"
"7513","True","True","940","1"
"7514","True","True","941","1"
"7515","True","True","943","1"
"7516","True","True","944","1"
"7521","True","True","946","1"
"7522","True","True","947","1"
"7523","True","True","948","1"
"7531","True","True","950","1"
"7532","True","True","952","1"
"7533","True","True","953","1"
"7534","True","True","955","1"
"7535","True","True","956","1"
"7536","True","True","957","1"
"7541","True","True","959","1"
"7542","True","True","961","1"
"7543","True","True","962","1"
"7544","True","True","963","1"
"7549","True","True","964","1"
"8111","True","True","970","1"
"8112","True","True","974","1"
"8113","True","True","976","1"
"8114","True","True","978","1"
"8121","True","True","981","1"
"8122","True","True","983","1"
"8131","True","True","986","1"
"8132","True","True","989","1"
"8141","True","True","991","1"
"8142","True","True","993","1"
"8143","True","True","995","1"
"8151","True","True","998","1"
"8152","True","True","1000","1"
"8153","True","True","1001","1"
"8154","True","True","1003","1"
"8155","True","True","1004","1"
"8156","True","True","1006","1"
"8157","True","True","1006","1"
"8159","True","True","1008","1"
"8160","True","True","1010","1"
"8171","True","True","1013","1"
"8172","True","True","1015","1"
"8181","True","True","1017","1"
"8182","True","True","1020","1"
"8183","True","True","1023","1"
"8189","True","True","1024","1"
"8211","True","True","1026","1"
"8212","True","True","1028","1"
"8219","True","True","1030","1"
"8311","True","True","1034","1"
"8312","True","True","1035","1"
"8321","True","True","1037","1"
"8322","True","True","1039","1"
"8331","True","True","1040","1"
"8332","True","True","1041","1"
"8341","True","True","1043","1"
"8342","True","True","1045","1"
"8343","True","True","1049","1"
"8344","True","True","1051","1"
"8350","True","True","1052","1"
"9111","True","True","1058","1"
"9112","True","True","1059","1"
"9121","True","True","1062","1"
"9122","True","True","1063","1"
"9123","True","True","1064","1"
"9129","True","True","1064","1"
"9211","True","True","1067","1"
"9212","True","True","1070","1"
"9213","True","True","1071","1"
"9214","True","True","1072","1"
"9215","True","True","1073","1"
"9216","True","True","1074","1"
"9311","True","True","1076","1"
"9312","True","True","1077","1"
"9313","True","True","1078","1"
"9321","True","True","1080","1"
"9329","True","True","1082","1"
"9331","True","True","1084","1"
"9332","True","True","1085","1"
"9333","True","True","1086","1"
"9334","True","True","1088","1"
"9411","True","True","1089","1"
"9412","True","True","1090","1"
"9510","True","True","1094","1"
"9520","True","True","1096","1"
"9611","True","True","1098","1"
"9612","True","True","1099","1"
"9613","True","True","1101","1"
"9621","True","True","1102","1"
"9622","True","True","1103","1"
"9623","True","True","1104","1"
"9624","True","True","1105","1"
"9629","True","True","1106","1"
"0111.01","True","True","105","1"
"0111.02","True","True","106","1"
"0111.03","True","True","106","1"
"0111.04","True","True","106","1"
"0111.05","True","True","106","1"
"0111.06","True","True","107","1"
"0111.07","True","True","107","1"
"0111.08","True","True","107","1"
"0111.09","True","True","107","1"
"0111.10","True","True","108","1"
"0111.11","True","True","108","1"
"0111.12","True","True","108","1"
"0111.13","True","True","108","1"
"0111.14","True","True","109","1"
"0111.15","True","True","109","1"
"0111.16","True","True","109","1"
"0111.17","True","True","109","1"
"0111.18","True","True","110","1"
"0111.19","True","True","110","1"
"0111.20","True","True","110","1"
"0111.21","True","True","110","1"
"0111.22","True","True","111","1"
"0111.23","True","True","111","1"
"0111.24","True","True","111","1"
"0111.25","True","True","111","1"
"0111.26","True","True","111","1"
"0111.27","True","True","112","1"
"0111.28","True","True","112","1"
"0111.29","True","True","112","1"
"0111.30","True","True","112","1"
"0111.31","True","True","113","1"
"0111.32","True","True","113","1"
"0111.33","True","True","113","1"
"0111.34","True","True","113","1"
"0111.35","True","True","114","1"
"0111.36","True","True","114","1"
"0111.37","True","True","114","1"
"0111.38","True","True","114","1"
"0111.39","True","True","115","1"
"0111.40","True","True","115","1"
"0111.41","True","True","115","1"
"0111.42","True","True","115","1"
"0111.99","True","True","116","1"
"0112.01","True","True","116","1"
"0112.02","True","True","116","1"
"0112.03","True","True","117","1"
"0112.04","True","True","117","1"
"0112.05","True","True","117","1"
"0112.06","True","True","117","1"
"0112.07","True","True","118","1"
"0112.08","True","True","118","1"
"0112.09","True","True","118","1"
"0112.10","True","True","118","1"
"0112.11","True","True","119","1"
"0112.12","True","True","119","1"
"0112.13","True","True","119","1"
"0112.14","True","True","119","1"
"0112.15","True","True","119","1"
"0112.16","True","True","120","1"
"0112.17","True","True","120","1"
"0112.18","True","True","120","1"
"0112.19","True","True","120","1"
"0112.20","True","True","120","1"
"0112.21","True","True","121","1"
"0112.22","True","True","121","1"
"0112.23","True","True","121","1"
"0112.24","True","True","121","1"
"0112.25","True","True","122","1"
"0112.26","True","True","122","1"
"0112.27","True","True","122","1"
"0112.28","True","True","122","1"
"0112.29","True","True","122","1"
"0112.30","True","True","123","1"
"0112.31","True","True","123","1"
"0112.32","True","True","123","1"
"0112.33","True","True","123","1"
"0112.34","True","True","123","1"
"0112.35","True","True","124","1"
"0112.36","True","True","124","1"
"0112.37","True","True","124","1"
"0112.38","True","True","124","1"
"0112.99","True","True","125","1"
"0113.01","True","True","125","1"
"0113.02","True","True","125","1"
"0113.03","True","True","126","1"
"0113.04","True","True","126","1"
"0113.05","True","True","126","1"
"0113.06","True","True","126","1"
"0113.07","True","True","127","1"
"0113.08","True","True","127","1"
"0113.09","True","True","127","1"
"0113.10","True","True","127","1"
"0113.11","True","True","127","1"
"0113.12","True","True","128","1"
"0113.13","True","True","128","1"
"0113.14","True","True","128","1"
"0113.15","True","True","128","1"
"0113.16","True","True","129","1"
"0113.17","True","True","129","1"
"0113.18","True","True","129","1"
"0113.19","True","True","129","1"
"0113.20","True","True","129","1"
"0113.21","True","True","130","1"
"0113.22","True","True","130","1"
"0113.23","True","True","130","1"
"0113.24","True","True","130","1"
"0113.25","True","True","131","1"
"0113.26","True","True","131","1"
"0113.27","True","True","131","1"
"0113.28","True","True","131","1"
"0113.29","True","True","132","1"
"0113.30","True","True","132","1"
"0113.31","True","True","132","1"
"0113.32","True","True","132","1"
"0113.33","True","True","132","1"
"0113.34","True","True","133","1"
"0113.35","True","True","133","1"
"0113.99","True","True","133","1"
"0114.01","True","True","134","1"
"0114.02","True","True","134","1"
"0114.03","True","True","134","1"
"0114.04","True","True","134","1"
"0114.05","True","True","135","1"
"0114.06","True","True","135","1"
"0114.07","True","True","135","1"
"0114.08","True","True","135","1"
"0114.09","True","True","136","1"
"0114.10","True","True","136","1"
"0114.11","True","True","136","1"
"0114.12","True","True","136","1"
"0114.13","True","True","137","1"
"0114.14","True","True","137","1"
"0114.15","True","True","137","1"
"0114.16","True","True","137","1"
"0114.17","True","True","138","1"
"0114.18","True","True","138","1"
"0114.19","True","True","138","1"
"0114.20","True","True","138","1"
"0114.21","True","True","139","1"
"0114.22","True","True","139","1"
"0114.23","True","True","139","1"
"0114.24","True","True","139","1"
"0114.25","True","True","139","1"
"0114.26","True","True","140","1"
"0114.27","True","True","140","1"
"0114.28","True","True","140","1"
"0114.29","True","True","140","1"
"0114.30","True","True","141","1"
"0114.31","True","True","141","1"
"0114.32","True","True","141","1"
"0114.33","True","True","141","1"
"0114.34","True","True","142","1"
"0114.35","True","True","142","1"
"0114.36","True","True","142","1"
"0114.99","True","True","142","1"
"0115.01","True","True","143","1"
"0115.02","True","True","143","1"
"0115.03","True","True","143","1"
"0115.04","True","True","144","1"
"0115.05","True","True","144","1"
"0115.06","True","True","144","1"
"0115.07","True","True","144","1"
"0115.08","True","True","144","1"
"0115.09","True","True","145","1"
"0115.10","True","True","145","1"
"0115.11","True","True","145","1"
"0115.12","True","True","145","1"
"0115.13","True","True","145","1"
"0115.14","True","True","145","1"
"0115.15","True","True","146","1"
"0115.16","True","True","146","1"
"0115.17","True","True","146","1"
"0115.18","True","True","146","1"
"0115.19","True","True","147","1"
"0115.20","True","True","147","1"
"0115.21","True","True","147","1"
"0115.22","True","True","147","1"
"0115.23","True","True","147","1"
"0115.24","True","True","148","1"
"0115.25","True","True","148","1"
"0115.26","True","True","148","1"
"0115.27","True","True","148","1"
"0115.28","True","True","149","1"
"0115.29","True","True","149","1"
"0115.30","True","True","149","1"
"0115.31","True","True","149","1"
"0115.32","True","True","149","1"
"0115.33","True","True","150","1"
"0115.34","True","True","150","1"
"0115.35","True","True","150","1"
"0115.99","True","True","150","1"
"0211.00","True","True","152","1"
"0212.00","True","True","152","1"
"0213.00","True","True","153","1"
"0214.00","True","True","154","1"
"0215.00","True","True","154","1"
"0311.00","True","True","156","1"
"0312.00","True","True","156","1"
"0313.00","True","True","157","1"
"0314.00","True","True","157","1"
"0315.00","True","True","158","1"
"1111.01","True","True","163","1"
"1111.02","True","True","165","1"
"1111.03","True","True","165","1"
"1111.04","True","True","166","1"
"1111.05","True","True","166","1"
"1111.99","True","True","167","1"
"1112.01","True","True","168","1"
"1112.02","True","True","168","1"
"1112.03","True","True","169","1"
"1112.04","True","True","169","1"
"1112.05","True","True","169","1"
"1112.06","True","True","170","1"
"1112.07","True","True","170","1"
"1112.99","True","True","170","1"
"1113.01","True","True","171","1"
"1113.02","True","True","171","1"
"1113.03","True","True","172","1"
"1113.04","True","True","172","1"
"1113.99","True","True","173","1"
"1114.00","True","True","173","1"
"1120.01","True","True","175","1"
"1120.02","True","True","176","1"
"1120.03","True","True","176","1"
"1120.04","True","True","177","1"
"1120.05","True","True","177","1"
"1120.99","True","True","177","1"
"1211.01","True","True","179","1"
"1211.02","True","True","180","1"
"1211.03","True","True","180","1"
"1211.99","True","True","181","1"
"1212.01","True","True","181","1"
"1212.02","True","True","182","1"
"1212.03","True","True","182","1"
"1212.04","True","True","183","1"
"1212.05","True","True","183","1"
"1212.99","True","True","183","1"
"1213.01","True","True","184","1"
"1213.02","True","True","184","1"
"1213.03","True","True","185","1"
"1213.04","True","True","185","1"
"1213.99","True","True","186","1"
"1219.01","True","True","186","1"
"1219.02","True","True","187","1"
"1219.03","True","True","187","1"
"1219.04","True","True","187","1"
"1219.05","True","True","188","1"
"1219.06","True","True","188","1"
"1219.99","True","True","189","1"
"1221.01","True","True","190","1"
"1221.02","True","True","190","1"
"1221.03","True","True","191","1"
"1221.04","True","True","191","1"
"1221.99","True","True","191","1"
"1222.01","True","True","192","1"
"1222.02","True","True","192","1"
"1222.99","True","True","193","1"
"1223.01","True","True","193","1"
"1223.02","True","True","194","1"
"1223.03","True","True","194","1"
"1223.04","True","True","195","1"
"1223.05","True","True","195","1"
"1223.06","True","True","195","1"
"1223.99","True","True","196","1"
"1311.01","True","True","198","1"
"1311.02","True","True","198","1"
"1311.03","True","True","199","1"
"1311.04","True","True","199","1"
"1311.05","True","True","200","1"
"1311.06","True","True","200","1"
"1311.07","True","True","200","1"
"1311.08","True","True","201","1"
"1311.09","True","True","201","1"
"1311.10","True","True","201","1"
"1311.11","True","True","202","1"
"1311.12","True","True","202","1"
"1311.13","True","True","202","1"
"1311.14","True","True","203","1"
"1311.15","True","True","203","1"
"1311.16","True","True","203","1"
"1311.99","True","True","203","1"
"1312.01","True","True","204","1"
"1312.02","True","True","205","1"
"1312.03","True","True","205","1"
"1312.99","True","True","206","1"
"1321.01","True","True","207","1"
"1321.02","True","True","207","1"
"1321.03","True","True","208","1"
"1321.04","True","True","208","1"
"1321.05","True","True","208","1"
"1321.99","True","True","208","1"
"1322.01","True","True","209","1"
"1322.02","True","True","209","1"
"1322.03","True","True","210","1"
"1322.04","True","True","210","1"
"1322.99","True","True","210","1"
"1323.01","True","True","211","1"
"1323.02","True","True","211","1"
"1323.99","True","True","212","1"
"1324.01","True","True","212","1"
"1324.02","True","True","213","1"
"1324.03","True","True","213","1"
"1324.04","True","True","214","1"
"1324.05","True","True","214","1"
"1324.06","True","True","214","1"
"1324.07","True","True","215","1"
"1324.08","True","True","215","1"
"1324.09","True","True","215","1"
"1324.10","True","True","216","1"
"1324.11","True","True","216","1"
"1324.99","True","True","216","1"
"1330.01","True","True","218","1"
"1330.02","True","True","218","1"
"1330.03","True","True","218","1"
"1330.04","True","True","218","1"
"1330.05","True","True","219","1"
"1330.06","True","True","219","1"
"1330.07","True","True","219","1"
"1330.08","True","True","220","1"
"1330.09","True","True","220","1"
"1330.10","True","True","221","1"
"1330.11","True","True","221","1"
"1330.99","True","True","222","1"
"1341.00","True","True","223","1"
"1342.01","True","True","224","1"
"1342.02","True","True","224","1"
"1342.03","True","True","225","1"
"1342.04","True","True","225","1"
"1342.05","True","True","225","1"
"1342.06","True","True","226","1"
"1342.99","True","True","226","1"
"1343.01","True","True","227","1"
"1343.02","True","True","227","1"
"1343.03","True","True","227","1"
"1343.04","True","True","228","1"
"1343.05","True","True","228","1"
"1343.06","True","True","229","1"
"1343.07","True","True","229","1"
"1343.99","True","True","229","1"
"1344.01","True","True","230","1"
"1344.02","True","True","230","1"
"1344.03","True","True","231","1"
"1344.04","True","True","231","1"
"1344.99","True","True","232","1"
"1345.01","True","True","232","1"
"1345.02","True","True","233","1"
"1345.03","True","True","233","1"
"1345.04","True","True","233","1"
"1345.05","True","True","234","1"
"1345.06","True","True","234","1"
"1345.07","True","True","235","1"
"1345.08","True","True","235","1"
"1345.09","True","True","235","1"
"1345.10","True","True","236","1"
"1345.11","True","True","236","1"
"1345.12","True","True","236","1"
"1345.13","True","True","237","1"
"1345.14","True","True","237","1"
"1345.99","True","True","237","1"
"1346.01","True","True","238","1"
"1346.02","True","True","238","1"
"1346.03","True","True","238","1"
"1346.04","True","True","239","1"
"1346.05","True","True","239","1"
"1346.06","True","True","239","1"
"1346.07","True","True","240","1"
"1346.99","True","True","240","1"
"1349.01","True","True","241","1"
"1349.02","True","True","241","1"
"1349.03","True","True","242","1"
"1349.04","True","True","242","1"
"1349.05","True","True","243","1"
"1349.06","True","True","243","1"
"1349.99","True","True","244","1"
"1411.01","True","True","245","1"
"1411.02","True","True","246","1"
"1411.03","True","True","246","1"
"1411.04","True","True","246","1"
"1411.05","True","True","247","1"
"1411.99","True","True","247","1"
"1412.01","True","True","247","1"
"1412.02","True","True","248","1"
"1412.03","True","True","248","1"
"1412.04","True","True","249","1"
"1412.05","True","True","249","1"
"1412.99","True","True","249","1"
"1420.01","True","True","250","1"
"1420.02","True","True","251","1"
"1420.03","True","True","251","1"
"1420.04","True","True","251","1"
"1420.99","True","True","252","1"
"1431.01","True","True","253","1"
"1431.02","True","True","253","1"
"1431.03","True","True","253","1"
"1431.04","True","True","253","1"
"1431.05","True","True","254","1"
"1431.06","True","True","254","1"
"1431.07","True","True","254","1"
"1431.08","True","True","254","1"
"1431.99","True","True","255","1"
"1439.01","True","True","256","1"
"1439.02","True","True","256","1"
"1439.03","True","True","256","1"
"1439.04","True","True","257","1"
"1439.05","True","True","257","1"
"1439.06","True","True","257","1"
"1439.07","True","True","258","1"
"1439.08","True","True","258","1"
"1439.09","True","True","258","1"
"1439.10","True","True","258","1"
"1439.99","True","True","259","1"
"2111.01","True","True","266","1"
"2111.02","True","True","266","1"
"2111.03","True","True","267","1"
"2111.04","True","True","267","1"
"2111.05","True","True","267","1"
"2111.06","True","True","267","1"
"2111.07","True","True","268","1"
"2111.08","True","True","268","1"
"2111.09","True","True","268","1"
"2111.10","True","True","269","1"
"2111.99","True","True","269","1"
"2112.01","True","True","270","1"
"2112.02","True","True","270","1"
"2112.03","True","True","271","1"
"2112.04","True","True","271","1"
"2112.99","True","True","271","1"
"2113.01","True","True","272","1"
"2113.02","True","True","272","1"
"2113.03","True","True","272","1"
"2113.04","True","True","272","1"
"2113.05","True","True","273","1"
"2113.06","True","True","273","1"
"2113.99","True","True","273","1"
"2114.01","True","True","274","1"
"2114.02","True","True","275","1"
"2114.03","True","True","275","1"
"2114.04","True","True","276","1"
"2114.05","True","True","276","1"
"2114.06","True","True","276","1"
"2114.07","True","True","277","1"
"2114.99","True","True","277","1"
"2120.01","True","True","279","1"
"2120.02","True","True","279","1"
"2120.03","True","True","279","1"
"2120.04","True","True","280","1"
"2120.05","True","True","280","1"
"2120.06","True","True","280","1"
"2120.07","True","True","281","1"
"2120.99","True","True","281","1"
"2131.01","True","True","283","1"
"2131.02","True","True","283","1"
"2131.03","True","True","283","1"
"2131.04","True","True","284","1"
"2131.05","True","True","284","1"
"2131.06","True","True","284","1"
"2131.07","True","True","285","1"
"2131.08","True","True","285","1"
"2131.09","True","True","285","1"
"2131.10","True","True","285","1"
"2131.11","True","True","286","1"
"2131.12","True","True","286","1"
"2131.13","True","True","286","1"
"2131.14","True","True","287","1"
"2131.15","True","True","287","1"
"2131.16","True","True","287","1"
"2131.99","True","True","288","1"
"2132.01","True","True","288","1"
"2132.02","True","True","289","1"
"2132.03","True","True","289","1"
"2132.04","True","True","290","1"
"2132.05","True","True","290","1"
"2132.06","True","True","290","1"
"2132.07","True","True","291","1"
"2132.08","True","True","291","1"
"2132.09","True","True","292","1"
"2132.10","True","True","292","1"
"2132.99","True","True","292","1"
"2133.01","True","True","293","1"
"2133.02","True","True","293","1"
"2133.03","True","True","294","1"
"2133.04","True","True","294","1"
"2133.05","True","True","294","1"
"2133.06","True","True","295","1"
"2133.07","True","True","295","1"
"2133.08","True","True","296","1"
"2133.09","True","True","296","1"
"2133.10","True","True","297","1"
"2133.11","True","True","297","1"
"2133.12","True","True","297","1"
"2133.13","True","True","298","1"
"2133.99","True","True","298","1"
"2141.01","True","True","300","1"
"2141.02","True","True","300","1"
"2141.03","True","True","300","1"
"2141.04","True","True","301","1"
"2141.05","True","True","301","1"
"2141.99","True","True","301","1"
"2142.01","True","True","302","1"
"2142.02","True","True","303","1"
"2142.03","True","True","303","1"
"2142.04","True","True","303","1"
"2142.05","True","True","304","1"
"2142.06","True","True","304","1"
"2142.07","True","True","304","1"
"2142.08","True","True","304","1"
"2142.09","True","True","305","1"
"2142.10","True","True","305","1"
"2142.99","True","True","305","1"
"2143.01","True","True","306","1"
"2143.02","True","True","307","1"
"2143.03","True","True","307","1"
"2143.99","True","True","307","1"
"2144.01","True","True","308","1"
"2144.02","True","True","308","1"
"2144.03","True","True","309","1"
"2144.04","True","True","309","1"
"2144.05","True","True","309","1"
"2144.06","True","True","309","1"
"2144.07","True","True","310","1"
"2144.08","True","True","310","1"
"2144.09","True","True","310","1"
"2144.99","True","True","310","1"
"2145.01","True","True","311","1"
"2145.02","True","True","312","1"
"2145.03","True","True","312","1"
"2145.99","True","True","312","1"
"2146.01","True","True","313","1"
"2146.02","True","True","314","1"
"2146.03","True","True","314","1"
"2146.04","True","True","314","1"
"2146.05","True","True","315","1"
"2146.06","True","True","315","1"
"2146.99","True","True","315","1"
"2149.01","True","True","317","1"
"2149.02","True","True","317","1"
"2149.03","True","True","317","1"
"2149.04","True","True","318","1"
"2149.05","True","True","318","1"
"2149.06","True","True","318","1"
"2149.07","True","True","319","1"
"2149.08","True","True","319","1"
"2149.09","True","True","319","1"
"2149.10","True","True","319","1"
"2149.11","True","True","320","1"
"2149.12","True","True","320","1"
"2149.13","True","True","320","1"
"2149.14","True","True","320","1"
"2149.15","True","True","321","1"
"2149.16","True","True","321","1"
"2149.99","True","True","321","1"
"2151.01","True","True","322","1"
"2151.02","True","True","323","1"
"2151.03","True","True","323","1"
"2151.04","True","True","323","1"
"2151.99","True","True","323","1"
"2152.01","True","True","324","1"
"2152.02","True","True","325","1"
"2152.03","True","True","325","1"
"2152.99","True","True","325","1"
"2153.01","True","True","326","1"
"2153.02","True","True","326","1"
"2153.03","True","True","327","1"
"2153.99","True","True","327","1"
"2161.01","True","True","328","1"
"2161.02","True","True","329","1"
"2161.99","True","True","329","1"
"2162.00","True","True","330","1"
"2163.01","True","True","331","1"
"2163.02","True","True","332","1"
"2163.03","True","True","332","1"
"2163.04","True","True","332","1"
"2163.05","True","True","333","1"
"2163.06","True","True","333","1"
"2163.07","True","True","333","1"
"2163.08","True","True","333","1"
"2163.99","True","True","334","1"
"2164.01","True","True","334","1"
"2164.02","True","True","335","1"
"2164.03","True","True","335","1"
"2164.04","True","True","335","1"
"2164.05","True","True","336","1"
"2164.99","True","True","336","1"
"2165.01","True","True","337","1"
"2165.02","True","True","337","1"
"2165.03","True","True","338","1"
"2165.04","True","True","338","1"
"2165.05","True","True","338","1"
"2165.06","True","True","338","1"
"2165.07","True","True","338","1"
"2165.08","True","True","339","1"
"2165.09","True","True","339","1"
"2165.10","True","True","339","1"
"2165.11","True","True","339","1"
"2165.99","True","True","340","1"
"2166.01","True","True","340","1"
"2166.02","True","True","341","1"
"2166.03","True","True","341","1"
"2166.04","True","True","341","1"
"2166.05","True","True","341","1"
"2166.06","True","True","342","1"
"2166.07","True","True","342","1"
"2166.08","True","True","342","1"
"2166.09","True","True","343","1"
"2166.10","True","True","343","1"
"2166.11","True","True","343","1"
"2166.99","True","True","343","1"
"2211.01","True","True","346","1"
"2211.02","True","True","347","1"
"2211.99","True","True","347","1"
"2212.01","True","True","348","1"
"2212.02","True","True","349","1"
"2212.03","True","True","349","1"
"2212.04","True","True","349","1"
"2212.05","True","True","350","1"
"2212.06","True","True","350","1"
"2212.07","True","True","350","1"
"2212.08","True","True","351","1"
"2212.09","True","True","351","1"
"2212.10","True","True","351","1"
"2212.11","True","True","352","1"
"2212.12","True","True","352","1"
"2212.13","True","True","352","1"
"2212.14","True","True","352","1"
"2212.15","True","True","353","1"
"2212.16","True","True","353","1"
"2212.17","True","True","353","1"
"2212.18","True","True","354","1"
"2212.19","True","True","354","1"
"2212.20","True","True","354","1"
"2212.21","True","True","354","1"
"2212.22","True","True","355","1"
"2212.23","True","True","355","1"
"2212.99","True","True","355","1"
"2221.01","True","True","357","1"
"2221.02","True","True","358","1"
"2221.03","True","True","358","1"
"2221.04","True","True","358","1"
"2221.05","True","True","359","1"
"2221.06","True","True","359","1"
"2221.07","True","True","359","1"
"2221.08","True","True","360","1"
"2221.09","True","True","360","1"
"2221.99","True","True","360","1"
"2222.01","True","True","361","1"
"2222.99","True","True","362","1"
"2230.01","True","True","364","1"
"2230.02","True","True","364","1"
"2230.03","True","True","364","1"
"2230.04","True","True","365","1"
"2230.05","True","True","365","1"
"2230.06","True","True","365","1"
"2230.99","True","True","365","1"
"2240.01","True","True","367","1"
"2240.02","True","True","367","1"
"2240.03","True","True","368","1"
"2240.04","True","True","368","1"
"2240.99","True","True","368","1"
"2250.01","True","True","369","1"
"2250.02","True","True","370","1"
"2250.03","True","True","370","1"
"2250.04","True","True","370","1"
"2250.05","True","True","370","1"
"2250.06","True","True","371","1"
"2250.07","True","True","371","1"
"2250.08","True","True","371","1"
"2250.99","True","True","371","1"
"2261.01","True","True","374","1"
"2261.02","True","True","374","1"
"2261.03","True","True","374","1"
"2261.04","True","True","374","1"
"2261.05","True","True","375","1"
"2261.06","True","True","375","1"
"2261.07","True","True","375","1"
"2261.08","True","True","375","1"
"2261.09","True","True","375","1"
"2261.10","True","True","375","1"
"2261.11","True","True","376","1"
"2261.99","True","True","376","1"
"2262.00","True","True","377","1"
"2263.01","True","True","378","1"
"2263.02","True","True","379","1"
"2263.03","True","True","379","1"
"2263.04","True","True","380","1"
"2263.05","True","True","380","1"
"2263.06","True","True","380","1"
"2263.99","True","True","381","1"
"2264.01","True","True","382","1"
"2264.02","True","True","382","1"
"2264.03","True","True","382","1"
"2264.04","True","True","382","1"
"2264.05","True","True","383","1"
"2264.06","True","True","383","1"
"2264.99","True","True","383","1"
"2265.01","True","True","384","1"
"2265.02","True","True","384","1"
"2265.03","True","True","384","1"
"2265.04","True","True","384","1"
"2265.05","True","True","384","1"
"2265.06","True","True","385","1"
"2265.99","True","True","385","1"
"2266.01","True","True","386","1"
"2266.02","True","True","386","1"
"2266.99","True","True","386","1"
"2267.01","True","True","387","1"
"2267.02","True","True","387","1"
"2267.03","True","True","388","1"
"2267.99","True","True","388","1"
"2269.01","True","True","389","1"
"2269.02","True","True","389","1"
"2269.03","True","True","389","1"
"2269.04","True","True","389","1"
"2269.99","True","True","389","1"
"2310.01","True","True","391","1"
"2310.02","True","True","392","1"
"2310.03","True","True","392","1"
"2310.04","True","True","392","1"
"2310.05","True","True","392","1"
"2310.06","True","True","393","1"
"2310.07","True","True","393","1"
"2310.08","True","True","393","1"
"2310.09","True","True","393","1"
"2310.10","True","True","393","1"
"2310.11","True","True","394","1"
"2310.12","True","True","394","1"
"2310.13","True","True","394","1"
"2310.14","True","True","394","1"
"2310.15","True","True","394","1"
"2310.16","True","True","394","1"
"2310.17","True","True","395","1"
"2310.18","True","True","395","1"
"2310.19","True","True","395","1"
"2310.99","True","True","395","1"
"2320.01","True","True","397","1"
"2320.02","True","True","397","1"
"2320.03","True","True","397","1"
"2320.04","True","True","397","1"
"2320.99","True","True","398","1"
"2330.01","True","True","399","1"
"2330.02","True","True","399","1"
"2330.99","True","True","400","1"
"2341.01","True","True","401","1"
"2341.99","True","True","401","1"
"2342.01","True","True","402","1"
"2342.02","True","True","402","1"
"2342.03","True","True","402","1"
"2342.04","True","True","403","1"
"2342.99","True","True","403","1"
"2351.01","True","True","405","1"
"2351.02","True","True","405","1"
"2351.03","True","True","405","1"
"2351.04","True","True","405","1"
"2351.99","True","True","406","1"
"2352.01","True","True","407","1"
"2352.02","True","True","407","1"
"2352.03","True","True","407","1"
"2352.99","True","True","407","1"
"2353.00","True","True","408","1"
"2354.01","True","True","409","1"
"2354.02","True","True","409","1"
"2354.03","True","True","409","1"
"2354.04","True","True","410","1"
"2354.99","True","True","410","1"
"2355.01","True","True","411","1"
"2355.02","True","True","411","1"
"2355.03","True","True","411","1"
"2355.04","True","True","411","1"
"2355.99","True","True","412","1"
"2356.01","True","True","412","1"
"2356.02","True","True","413","1"
"2356.99","True","True","413","1"
"2359.01","True","True","414","1"
"2359.99","True","True","415","1"
"2411.01","True","True","417","1"
"2411.02","True","True","417","1"
"2411.03","True","True","417","1"
"2411.04","True","True","418","1"
"2411.05","True","True","418","1"
"2411.99","True","True","418","1"
"2412.01","True","True","419","1"
"2412.02","True","True","419","1"
"2412.99","True","True","419","1"
"2413.01","True","True","420","1"
"2413.02","True","True","421","1"
"2413.99","True","True","421","1"
"2421.01","True","True","422","1"
"2421.02","True","True","423","1"
"2421.03","True","True","423","1"
"2421.99","True","True","423","1"
"2422.01","True","True","424","1"
"2422.99","True","True","424","1"
"2423.01","True","True","425","1"
"2423.02","True","True","425","1"
"2423.03","True","True","426","1"
"2423.04","True","True","426","1"
"2423.05","True","True","426","1"
"2423.06","True","True","427","1"
"2423.99","True","True","427","1"
"2424.01","True","True","428","1"
"2424.02","True","True","428","1"
"2424.03","True","True","428","1"
"2424.99","True","True","429","1"
"2431.01","True","True","430","1"
"2431.02","True","True","430","1"
"2431.03","True","True","431","1"
"2431.04","True","True","431","1"
"2431.99","True","True","431","1"
"2432.00","True","True","432","1"
"2433.01","True","True","433","1"
"2433.02","True","True","434","1"
"2433.03","True","True","434","1"
"2433.99","True","True","434","1"
"2434.00","True","True","435","1"
"2511.01","True","True","437","1"
"2511.02","True","True","437","1"
"2511.03","True","True","438","1"
"2511.99","True","True","438","1"
"2512.01","True","True","439","1"
"2512.02","True","True","439","1"
"2512.03","True","True","439","1"
"2512.04","True","True","439","1"
"2512.05","True","True","440","1"
"2512.99","True","True","440","1"
"2513.01","True","True","441","1"
"2513.02","True","True","441","1"
"2513.03","True","True","442","1"
"2513.04","True","True","442","1"
"2513.05","True","True","443","1"
"2513.06","True","True","443","1"
"2513.07","True","True","443","1"
"2513.99","True","True","443","1"
"2514.00","True","True","444","1"
"2515.01","True","True","445","1"
"2515.02","True","True","445","1"
"2515.03","True","True","446","1"
"2515.99","True","True","446","1"
"2519.01","True","True","447","1"
"2519.02","True","True","447","1"
"2519.03","True","True","447","1"
"2519.99","True","True","448","1"
"2521.01","True","True","449","1"
"2521.02","True","True","449","1"
"2521.03","True","True","450","1"
"2521.99","True","True","450","1"
"2522.01","True","True","451","1"
"2522.02","True","True","451","1"
"2522.99","True","True","451","1"
"2523.01","True","True","452","1"
"2523.02","True","True","452","1"
"2523.99","True","True","453","1"
"2529.01","True","True","453","1"
"2529.02","True","True","454","1"
"2529.03","True","True","454","1"
"2529.04","True","True","454","1"
"2529.05","True","True","454","1"
"2529.06","True","True","455","1"
"2529.07","True","True","455","1"
"2529.99","True","True","455","1"
"2611.01","True","True","457","1"
"2611.02","True","True","458","1"
"2611.03","True","True","458","1"
"2611.04","True","True","459","1"
"2611.99","True","True","459","1"
"2612.01","True","True","459","1"
"2612.02","True","True","460","1"
"2612.03","True","True","460","1"
"2612.04","True","True","460","1"
"2612.99","True","True","461","1"
"2619.01","True","True","461","1"
"2619.02","True","True","461","1"
"2619.03","True","True","462","1"
"2619.99","True","True","462","1"
"2621.01","True","True","463","1"
"2621.02","True","True","463","1"
"2621.03","True","True","464","1"
"2621.99","True","True","464","1"
"2622.01","True","True","465","1"
"2622.02","True","True","465","1"
"2622.03","True","True","465","1"
"2622.99","True","True","465","1"
"2631.01","True","True","467","1"
"2631.02","True","True","467","1"
"2631.03","True","True","468","1"
"2631.04","True","True","468","1"
"2631.05","True","True","468","1"
"2631.99","True","True","469","1"
"2632.01","True","True","469","1"
"2632.02","True","True","470","1"
"2632.03","True","True","470","1"
"2632.04","True","True","470","1"
"2632.05","True","True","471","1"
"2632.99","True","True","471","1"
"2633.01","True","True","472","1"
"2633.02","True","True","472","1"
"2633.03","True","True","473","1"
"2633.04","True","True","473","1"
"2633.99","True","True","473","1"
"2634.01","True","True","474","1"
"2634.02","True","True","474","1"
"2634.03","True","True","475","1"
"2634.04","True","True","475","1"
"2634.05","True","True","475","1"
"2634.99","True","True","476","1"
"2635.01","True","True","477","1"
"2635.02","True","True","477","1"
"2635.03","True","True","478","1"
"2635.04","True","True","478","1"
"2635.05","True","True","478","1"
"2635.06","True","True","479","1"
"2635.07","True","True","479","1"
"2635.08","True","True","480","1"
"2635.09","True","True","480","1"
"2635.99","True","True","481","1"
"2636.01","True","True","481","1"
"2636.02","True","True","482","1"
"2636.03","True","True","482","1"
"2636.04","True","True","482","1"
"2636.05","True","True","482","1"
"2636.06","True","True","482","1"
"2636.99","True","True","482","1"
"2641.01","True","True","484","1"
"2641.02","True","True","484","1"
"2641.03","True","True","485","1"
"2641.04","True","True","485","1"
"2641.05","True","True","485","1"
"2641.06","True","True","485","1"
"2641.07","True","True","486","1"
"2641.08","True","True","486","1"
"2641.09","True","True","486","1"
"2641.10","True","True","486","1"
"2641.99","True","True","487","1"
"2642.01","True","True","488","1"
"2642.02","True","True","488","1"
"2642.03","True","True","488","1"
"2642.04","True","True","488","1"
"2642.05","True","True","489","1"
"2642.06","True","True","489","1"
"2642.07","True","True","490","1"
"2642.08","True","True","490","1"
"2642.09","True","True","490","1"
"2642.99","True","True","490","1"
"2643.01","True","True","491","1"
"2643.02","True","True","491","1"
"2643.03","True","True","491","1"
"2643.04","True","True","492","1"
"2643.05","True","True","492","1"
"2643.06","True","True","492","1"
"2643.07","True","True","492","1"
"2643.99","True","True","492","1"
"2651.01","True","True","494","1"
"2651.02","True","True","494","1"
"2651.03","True","True","494","1"
"2651.04","True","True","495","1"
"2651.05","True","True","495","1"
"2651.06","True","True","495","1"
"2651.07","True","True","495","1"
"2651.08","True","True","496","1"
"2651.09","True","True","496","1"
"2651.99","True","True","496","1"
"2652.01","True","True","497","1"
"2652.02","True","True","497","1"
"2652.03","True","True","497","1"
"2652.04","True","True","497","1"
"2652.05","True","True","497","1"
"2652.06","True","True","498","1"
"2652.99","True","True","498","1"
"2653.01","True","True","499","1"
"2653.02","True","True","499","1"
"2653.03","True","True","499","1"
"2653.04","True","True","499","1"
"2653.99","True","True","499","1"
"2654.01","True","True","500","1"
"2654.02","True","True","500","1"
"2654.03","True","True","500","1"
"2654.04","True","True","500","1"
"2654.05","True","True","501","1"
"2654.06","True","True","501","1"
"2654.07","True","True","501","1"
"2654.08","True","True","501","1"
"2654.09","True","True","501","1"
"2654.10","True","True","502","1"
"2654.11","True","True","502","1"
"2654.12","True","True","502","1"
"2654.13","True","True","502","1"
"2654.14","True","True","503","1"
"2654.99","True","True","503","1"
"2655.01","True","True","504","1"
"2655.02","True","True","504","1"
"2655.03","True","True","504","1"
"2655.99","True","True","504","1"
"2656.01","True","True","505","1"
"2656.02","True","True","505","1"
"2656.03","True","True","505","1"
"2656.04","True","True","505","1"
"2656.99","True","True","506","1"
"2659.01","True","True","506","1"
"2659.02","True","True","507","1"
"2659.03","True","True","507","1"
"2659.04","True","True","507","1"
"2659.05","True","True","507","1"
"2659.06","True","True","507","1"
"2659.07","True","True","508","1"
"2659.08","True","True","508","1"
"2659.99","True","True","508","1"
"3111.01","True","True","513","1"
"3111.02","True","True","513","1"
"3111.03","True","True","514","1"
"3111.04","True","True","514","1"
"3111.99","True","True","515","1"
"3112.01","True","True","516","1"
"3112.02","True","True","516","1"
"3112.03","True","True","517","1"
"3112.04","True","True","517","1"
"3112.05","True","True","518","1"
"3112.06","True","True","518","1"
"3112.07","True","True","519","1"
"3112.08","True","True","519","1"
"3112.09","True","True","520","1"
"3112.10","True","True","520","1"
"3112.11","True","True","521","1"
"3112.12","True","True","521","1"
"3112.13","True","True","522","1"
"3112.14","True","True","522","1"
"3112.15","True","True","523","1"
"3112.99","True","True","523","1"
"3113.01","True","True","524","1"
"3113.02","True","True","524","1"
"3113.03","True","True","525","1"
"3113.04","True","True","525","1"
"3113.99","True","True","525","1"
"3114.01","True","True","526","1"
"3114.99","True","True","526","1"
"3115.01","True","True","527","1"
"3115.02","True","True","528","1"
"3115.03","True","True","528","1"
"3115.04","True","True","529","1"
"3115.05","True","True","529","1"
"3115.99","True","True","529","1"
"3116.01","True","True","530","1"
"3116.02","True","True","530","1"
"3116.99","True","True","531","1"
"3117.01","True","True","532","1"
"3117.02","True","True","532","1"
"3117.03","True","True","533","1"
"3117.04","True","True","533","1"
"3117.05","True","True","534","1"
"3117.99","True","True","534","1"
"3118.01","True","True","535","1"
"3118.02","True","True","535","1"
"3118.99","True","True","536","1"
"3119.01","True","True","537","1"
"3119.02","True","True","538","1"
"3119.03","True","True","538","1"
"3119.04","True","True","539","1"
"3119.99","True","True","539","1"
"3121.00","True","True","541","1"
"3122.01","True","True","542","1"
"3122.02","True","True","542","1"
"3122.03","True","True","542","1"
"3122.04","True","True","543","1"
"3122.05","True","True","543","1"
"3122.99","True","True","544","1"
"3123.01","True","True","544","1"
"3123.02","True","True","545","1"
"3123.99","True","True","545","1"
"3131.01","True","True","547","1"
"3131.02","True","True","547","1"
"3131.03","True","True","548","1"
"3131.04","True","True","548","1"
"3131.05","True","True","549","1"
"3131.06","True","True","549","1"
"3131.07","True","True","550","1"
"3131.08","True","True","550","1"
"3131.99","True","True","551","1"
"3132.01","True","True","552","1"
"3132.02","True","True","552","1"
"3132.03","True","True","552","1"
"3132.04","True","True","553","1"
"3132.05","True","True","553","1"
"3132.06","True","True","554","1"
"3132.07","True","True","554","1"
"3132.08","True","True","554","1"
"3132.09","True","True","554","1"
"3132.10","True","True","555","1"
"3132.11","True","True","555","1"
"3132.12","True","True","555","1"
"3132.13","True","True","555","1"
"3132.14","True","True","556","1"
"3132.99","True","True","556","1"
"3133.01","True","True","557","1"
"3133.02","True","True","557","1"
"3133.03","True","True","558","1"
"3133.04","True","True","558","1"
"3133.99","True","True","559","1"
"3134.01","True","True","560","1"
"3134.02","True","True","560","1"
"3134.99","True","True","561","1"
"3135.01","True","True","561","1"
"3135.02","True","True","562","1"
"3135.03","True","True","563","1"
"3135.99","True","True","563","1"
"3139.01","True","True","563","1"
"3139.99","True","True","564","1"
"3141.01","True","True","565","1"
"3141.02","True","True","565","1"
"3141.03","True","True","566","1"
"3141.04","True","True","566","1"
"3141.05","True","True","567","1"
"3141.06","True","True","567","1"
"3141.07","True","True","567","1"
"3141.99","True","True","568","1"
"3142.01","True","True","568","1"
"3142.02","True","True","569","1"
"3142.03","True","True","569","1"
"3142.04","True","True","569","1"
"3142.05","True","True","570","1"
"3142.06","True","True","570","1"
"3142.07","True","True","570","1"
"3142.08","True","True","571","1"
"3142.09","True","True","571","1"
"3142.99","True","True","571","1"
"3143.01","True","True","572","1"
"3143.02","True","True","572","1"
"3143.03","True","True","573","1"
"3143.04","True","True","573","1"
"3143.99","True","True","573","1"
"3151.00","True","True","574","1"
"3152.01","True","True","575","1"
"3152.02","True","True","575","1"
"3152.03","True","True","576","1"
"3152.99","True","True","576","1"
"3153.01","True","True","577","1"
"3153.02","True","True","577","1"
"3153.03","True","True","578","1"
"3153.04","True","True","578","1"
"3153.05","True","True","579","1"
"3153.06","True","True","579","1"
"3153.99","True","True","580","1"
"3154.00","True","True","580","1"
"3155.00","True","True","582","1"
"3211.01","True","True","584","1"
"3211.02","True","True","584","1"
"3211.03","True","True","584","1"
"3211.04","True","True","585","1"
"3211.05","True","True","585","1"
"3211.06","True","True","586","1"
"3211.99","True","True","587","1"
"3212.01","True","True","587","1"
"3212.02","True","True","588","1"
"3212.03","True","True","588","1"
"3212.04","True","True","589","1"
"3212.99","True","True","589","1"
"3213.01","True","True","590","1"
"3213.02","True","True","590","1"
"3213.99","True","True","591","1"
"3214.01","True","True","592","1"
"3214.02","True","True","593","1"
"3214.03","True","True","593","1"
"3214.04","True","True","593","1"
"3214.99","True","True","594","1"
"3221.01","True","True","596","1"
"3221.02","True","True","596","1"
"3221.03","True","True","596","1"
"3221.04","True","True","597","1"
"3221.05","True","True","597","1"
"3221.99","True","True","597","1"
"3222.01","True","True","598","1"
"3222.02","True","True","599","1"
"3222.99","True","True","599","1"
"3230.01","True","True","601","1"
"3230.02","True","True","602","1"
"3230.03","True","True","602","1"
"3230.04","True","True","603","1"
"3230.99","True","True","603","1"
"3240.01","True","True","604","1"
"3240.02","True","True","605","1"
"3240.03","True","True","605","1"
"3240.04","True","True","606","1"
"3240.99","True","True","606","1"
"3251.01","True","True","608","1"
"3251.02","True","True","608","1"
"3251.03","True","True","608","1"
"3251.99","True","True","609","1"
"3252.01","True","True","609","1"
"3252.02","True","True","610","1"
"3252.99","True","True","610","1"
"3253.01","True","True","611","1"
"3253.02","True","True","612","1"
"3253.99","True","True","612","1"
"3254.01","True","True","613","1"
"3254.02","True","True","613","1"
"3254.99","True","True","613","1"
"3255.01","True","True","614","1"
"3255.02","True","True","615","1"
"3255.03","True","True","615","1"
"3255.04","True","True","615","1"
"3255.05","True","True","616","1"
"3255.06","True","True","616","1"
"3255.07","True","True","617","1"
"3255.08","True","True","617","1"
"3255.99","True","True","617","1"
"3256.01","True","True","619","1"
"3256.02","True","True","619","1"
"3256.03","True","True","619","1"
"3256.99","True","True","620","1"
"3257.01","True","True","621","1"
"3257.02","True","True","621","1"
"3257.03","True","True","622","1"
"3257.99","True","True","622","1"
"3258.01","True","True","623","1"
"3258.02","True","True","623","1"
"3258.03","True","True","623","1"
"3258.04","True","True","624","1"
"3258.99","True","True","624","1"
"3259.01","True","True","624","1"
"3259.02","True","True","625","1"
"3259.03","True","True","625","1"
"3259.04","True","True","625","1"
"3259.99","True","True","626","1"
"3311.01","True","True","628","1"
"3311.02","True","True","628","1"
"3311.03","True","True","628","1"
"3311.04","True","True","629","1"
"3311.99","True","True","629","1"
"3312.01","True","True","630","1"
"3312.02","True","True","630","1"
"3312.99","True","True","630","1"
"3313.01","True","True","631","1"
"3313.99","True","True","631","1"
"3314.01","True","True","632","1"
"3314.02","True","True","632","1"
"3314.03","True","True","632","1"
"3314.99","True","True","633","1"
"3315.01","True","True","633","1"
"3315.02","True","True","634","1"
"3315.03","True","True","634","1"
"3315.99","True","True","635","1"
"3321.01","True","True","636","1"
"3321.02","True","True","636","1"
"3321.03","True","True","636","1"
"3321.99","True","True","636","1"
"3322.01","True","True","637","1"
"3322.02","True","True","637","1"
"3322.03","True","True","638","1"
"3322.04","True","True","638","1"
"3322.05","True","True","638","1"
"3322.99","True","True","638","1"
"3323.01","True","True","639","1"
"3323.02","True","True","640","1"
"3323.03","True","True","640","1"
"3323.04","True","True","640","1"
"3323.99","True","True","641","1"
"3324.01","True","True","641","1"
"3324.02","True","True","642","1"
"3324.03","True","True","642","1"
"3324.04","True","True","642","1"
"3324.99","True","True","643","1"
"3331.01","True","True","644","1"
"3331.02","True","True","644","1"
"3331.03","True","True","644","1"
"3331.99","True","True","644","1"
"3332.01","True","True","645","1"
"3332.02","True","True","645","1"
"3332.03","True","True","646","1"
"3332.04","True","True","646","1"
"3332.99","True","True","646","1"
"3333.01","True","True","647","1"
"3333.02","True","True","647","1"
"3333.03","True","True","647","1"
"3333.99","True","True","648","1"
"3334.01","True","True","648","1"
"3334.02","True","True","649","1"
"3334.03","True","True","649","1"
"3334.99","True","True","649","1"
"3339.01","True","True","650","1"
"3339.02","True","True","651","1"
"3339.03","True","True","651","1"
"3339.04","True","True","651","1"
"3339.05","True","True","651","1"
"3339.06","True","True","652","1"
"3339.99","True","True","652","1"
"3341.01","True","True","653","1"
"3341.02","True","True","654","1"
"3341.03","True","True","654","1"
"3341.04","True","True","654","1"
"3341.05","True","True","655","1"
"3341.99","True","True","655","1"
"3342.01","True","True","656","1"
"3342.02","True","True","656","1"
"3342.99","True","True","657","1"
"3343.01","True","True","657","1"
"3343.02","True","True","658","1"
"3343.03","True","True","658","1"
"3343.04","True","True","658","1"
"3343.05","True","True","659","1"
"3343.99","True","True","659","1"
"3344.01","True","True","661","1"
"3344.02","True","True","661","1"
"3344.03","True","True","661","1"
"3344.04","True","True","661","1"
"3344.05","True","True","662","1"
"3344.99","True","True","662","1"
"3351.01","True","True","664","1"
"3351.02","True","True","664","1"
"3351.03","True","True","664","1"
"3351.04","True","True","665","1"
"3351.05","True","True","665","1"
"3351.99","True","True","666","1"
"3352.01","True","True","666","1"
"3352.02","True","True","666","1"
"3352.99","True","True","667","1"
"3353.01","True","True","667","1"
"3353.02","True","True","667","1"
"3353.03","True","True","668","1"
"3353.99","True","True","668","1"
"3354.01","True","True","669","1"
"3354.02","True","True","669","1"
"3354.03","True","True","669","1"
"3354.99","True","True","669","1"
"3359.01","True","True","670","1"
"3359.02","True","True","670","1"
"3359.03","True","True","671","1"
"3359.04","True","True","671","1"
"3359.05","True","True","671","1"
"3359.99","True","True","672","1"
"3411.01","True","True","674","1"
"3411.02","True","True","674","1"
"3411.03","True","True","674","1"
"3411.04","True","True","675","1"
"3411.05","True","True","675","1"
"3411.06","True","True","675","1"
"3411.07","True","True","676","1"
"3411.99","True","True","676","1"
"3412.01","True","True","677","1"
"3412.02","True","True","678","1"
"3412.99","True","True","678","1"
"3413.01","True","True","679","1"
"3413.02","True","True","679","1"
"3413.03","True","True","679","1"
"3413.04","True","True","679","1"
"3413.05","True","True","680","1"
"3413.06","True","True","680","1"
"3413.07","True","True","680","1"
"3413.08","True","True","680","1"
"3413.09","True","True","680","1"
"3413.99","True","True","681","1"
"3421.00","True","True","682","1"
"3422.01","True","True","683","1"
"3422.02","True","True","683","1"
"3422.03","True","True","684","1"
"3422.04","True","True","684","1"
"3422.05","True","True","684","1"
"3422.06","True","True","685","1"
"3422.07","True","True","685","1"
"3422.99","True","True","685","1"
"3423.01","True","True","686","1"
"3423.02","True","True","686","1"
"3423.03","True","True","687","1"
"3423.04","True","True","687","1"
"3423.99","True","True","687","1"
"3431.01","True","True","689","1"
"3431.02","True","True","689","1"
"3431.99","True","True","690","1"
"3432.01","True","True","690","1"
"3432.02","True","True","691","1"
"3432.03","True","True","691","1"
"3432.99","True","True","692","1"
"3433.01","True","True","692","1"
"3433.02","True","True","693","1"
"3433.03","True","True","693","1"
"3433.04","True","True","693","1"
"3433.99","True","True","694","1"
"3434.01","True","True","695","1"
"3434.02","True","True","695","1"
"3434.99","True","True","695","1"
"3435.01","True","True","696","1"
"3435.02","True","True","697","1"
"3435.03","True","True","697","1"
"3435.04","True","True","698","1"
"3435.05","True","True","698","1"
"3435.06","True","True","698","1"
"3435.07","True","True","699","1"
"3435.08","True","True","699","1"
"3435.09","True","True","699","1"
"3435.10","True","True","700","1"
"3435.11","True","True","700","1"
"3435.12","True","True","700","1"
"3435.13","True","True","701","1"
"3435.14","True","True","701","1"
"3435.15","True","True","701","1"
"3435.16","True","True","701","1"
"3435.99","True","True","702","1"
"3511.01","True","True","704","1"
"3511.02","True","True","704","1"
"3511.99","True","True","705","1"
"3512.01","True","True","705","1"
"3512.99","True","True","706","1"
"3513.01","True","True","706","1"
"3513.02","True","True","706","1"
"3513.03","True","True","707","1"
"3513.99","True","True","707","1"
"3514.01","True","True","708","1"
"3514.02","True","True","708","1"
"3514.03","True","True","708","1"
"3514.99","True","True","709","1"
"3521.01","True","True","710","1"
"3521.02","True","True","710","1"
"3521.03","True","True","711","1"
"3521.04","True","True","711","1"
"3521.05","True","True","711","1"
"3521.06","True","True","712","1"
"3521.07","True","True","712","1"
"3521.99","True","True","712","1"
"3522.00","True","True","713","1"
"4110.00","True","True","718","1"
"4120.00","True","True","719","1"
"4131.01","True","True","721","1"
"4131.02","True","True","721","1"
"4131.03","True","True","721","1"
"4131.04","True","True","722","1"
"4131.99","True","True","722","1"
"4132.01","True","True","722","1"
"4132.02","True","True","723","1"
"4132.03","True","True","723","1"
"4132.99","True","True","723","1"
"4211.01","True","True","724","1"
"4211.02","True","True","725","1"
"4211.03","True","True","725","1"
"4211.99","True","True","725","1"
"4212.01","True","True","726","1"
"4212.02","True","True","726","1"
"4212.99","True","True","726","1"
"4213.01","True","True","726","1"
"4213.02","True","True","727","1"
"4213.03","True","True","727","1"
"4213.99","True","True","727","1"
"4219.00","True","True","727","1"
"4221.01","True","True","729","1"
"4221.02","True","True","729","1"
"4221.03","True","True","730","1"
"4221.04","True","True","730","1"
"4221.05","True","True","730","1"
"4221.99","True","True","730","1"
"4222.00","True","True","731","1"
"4223.01","True","True","732","1"
"4223.02","True","True","732","1"
"4223.99","True","True","732","1"
"4224.00","True","True","733","1"
"4225.00","True","True","733","1"
"4226.01","True","True","734","1"
"4226.02","True","True","734","1"
"4226.99","True","True","735","1"
"4227.01","True","True","735","1"
"4227.02","True","True","735","1"
"4227.03","True","True","736","1"
"4227.99","True","True","736","1"
"4229.00","True","True","736","1"
"4311.01","True","True","738","1"
"4311.02","True","True","738","1"
"4311.99","True","True","739","1"
"4312.01","True","True","740","1"
"4312.02","True","True","740","1"
"4312.03","True","True","740","1"
"4312.04","True","True","740","1"
"4312.05","True","True","741","1"
"4312.06","True","True","741","1"
"4312.07","True","True","741","1"
"4312.99","True","True","742","1"
"4313.00","True","True","742","1"
"4321.01","True","True","744","1"
"4321.02","True","True","744","1"
"4321.03","True","True","744","1"
"4321.04","True","True","745","1"
"4321.05","True","True","745","1"
"4321.99","True","True","745","1"
"4322.01","True","True","746","1"
"4322.02","True","True","746","1"
"4322.99","True","True","746","1"
"4323.01","True","True","747","1"
"4323.02","True","True","747","1"
"4323.99","True","True","748","1"
"4411.01","True","True","749","1"
"4411.02","True","True","749","1"
"4411.99","True","True","749","1"
"4412.01","True","True","750","1"
"4412.02","True","True","750","1"
"4412.99","True","True","750","1"
"4413.01","True","True","751","1"
"4413.02","True","True","751","1"
"4413.99","True","True","751","1"
"4414.01","True","True","752","1"
"4414.99","True","True","752","1"
"4415.01","True","True","752","1"
"4415.02","True","True","752","1"
"4415.99","True","True","753","1"
"4416.01","True","True","753","1"
"4416.02","True","True","754","1"
"4416.99","True","True","754","1"
"4419.01","True","True","755","1"
"4419.02","True","True","755","1"
"4419.03","True","True","755","1"
"4419.04","True","True","756","1"
"4419.99","True","True","756","1"
"5111.01","True","True","761","1"
"5111.02","True","True","761","1"
"5111.03","True","True","761","1"
"5111.99","True","True","762","1"
"5112.01","True","True","762","1"
"5112.02","True","True","763","1"
"5112.03","True","True","763","1"
"5112.99","True","True","763","1"
"5113.01","True","True","764","1"
"5113.02","True","True","764","1"
"5113.03","True","True","765","1"
"5113.04","True","True","765","1"
"5113.99","True","True","765","1"
"5120.00","True","True","766","1"
"5131.00","True","True","767","1"
"5132.01","True","True","768","1"
"5132.99","True","True","769","1"
"5141.01","True","True","770","1"
"5141.02","True","True","770","1"
"5141.03","True","True","770","1"
"5141.99","True","True","770","1"
"5142.01","True","True","771","1"
"5142.02","True","True","771","1"
"5142.03","True","True","771","1"
"5142.04","True","True","771","1"
"5142.05","True","True","772","1"
"5142.99","True","True","772","1"
"5151.01","True","True","773","1"
"5151.02","True","True","773","1"
"5151.99","True","True","774","1"
"5152.01","True","True","774","1"
"5152.02","True","True","775","1"
"5152.99","True","True","775","1"
"5153.01","True","True","776","1"
"5153.02","True","True","776","1"
"5153.03","True","True","776","1"
"5153.04","True","True","776","1"
"5153.99","True","True","777","1"
"5161.01","True","True","778","1"
"5161.02","True","True","778","1"
"5161.03","True","True","778","1"
"5161.04","True","True","779","1"
"5161.99","True","True","779","1"
"5162.01","True","True","779","1"
"5162.02","True","True","780","1"
"5162.99","True","True","780","1"
"5163.01","True","True","780","1"
"5163.02","True","True","781","1"
"5163.99","True","True","781","1"
"5164.01","True","True","782","1"
"5164.02","True","True","782","1"
"5164.03","True","True","782","1"
"5164.04","True","True","782","1"
"5164.05","True","True","783","1"
"5164.99","True","True","783","1"
"5165.00","True","True","783","1"
"5169.01","True","True","784","1"
"5169.02","True","True","784","1"
"5169.03","True","True","784","1"
"5169.99","True","True","785","1"
"5211.01","True","True","787","1"
"5211.02","True","True","787","1"
"5211.99","True","True","787","1"
"5212.01","True","True","788","1"
"5212.02","True","True","788","1"
"5212.99","True","True","788","1"
"5221.01","True","True","789","1"
"5221.02","True","True","790","1"
"5221.03","True","True","790","1"
"5221.99","True","True","790","1"
"5222.01","True","True","791","1"
"5222.02","True","True","791","1"
"5222.03","True","True","792","1"
"5222.99","True","True","792","1"
"5223.01","True","True","793","1"
"5223.02","True","True","793","1"
"5223.03","True","True","793","1"
"5223.99","True","True","793","1"
"5230.01","True","True","795","1"
"5230.02","True","True","795","1"
"5230.99","True","True","795","1"
"5241.01","True","True","796","1"
"5241.02","True","True","797","1"
"5241.99","True","True","797","1"
"5242.01","True","True","797","1"
"5242.02","True","True","798","1"
"5242.99","True","True","798","1"
"5243.00","True","True","798","1"
"5244.01","True","True","799","1"
"5244.02","True","True","800","1"
"5244.03","True","True","800","1"
"5244.99","True","True","800","1"
"5245.01","True","True","801","1"
"5245.02","True","True","801","1"
"5245.03","True","True","801","1"
"5245.04","True","True","801","1"
"5245.99","True","True","802","1"
"5246.01","True","True","803","1"
"5246.99","True","True","803","1"
"5249.01","True","True","803","1"
"5249.99","True","True","804","1"
"5311.01","True","True","805","1"
"5311.02","True","True","806","1"
"5311.03","True","True","806","1"
"5311.99","True","True","806","1"
"5312.01","True","True","807","1"
"5312.02","True","True","807","1"
"5312.99","True","True","807","1"
"5321.01","True","True","809","1"
"5321.02","True","True","809","1"
"5321.99","True","True","810","1"
"5322.01","True","True","811","1"
"5322.02","True","True","812","1"
"5322.03","True","True","812","1"
"5322.04","True","True","812","1"
"5322.99","True","True","813","1"
"5329.01","True","True","813","1"
"5329.02","True","True","814","1"
"5329.03","True","True","814","1"
"5329.04","True","True","814","1"
"5329.05","True","True","814","1"
"5329.06","True","True","814","1"
"5329.07","True","True","815","1"
"5329.99","True","True","815","1"
"5411.01","True","True","816","1"
"5411.02","True","True","817","1"
"5411.99","True","True","817","1"
"5413.00","True","True","817","1"
"5414.01","True","True","818","1"
"5414.02","True","True","819","1"
"5414.03","True","True","819","1"
"5414.04","True","True","819","1"
"5414.05","True","True","819","1"
"5414.99","True","True","820","1"
"5419.01","True","True","820","1"
"5419.02","True","True","821","1"
"5419.03","True","True","821","1"
"5419.04","True","True","821","1"
"5419.05","True","True","821","1"
"5419.06","True","True","821","1"
"5419.07","True","True","821","1"
"5419.99","True","True","822","1"
"6111.01","True","True","827","1"
"6111.02","True","True","827","1"
"6111.03","True","True","828","1"
"6111.04","True","True","828","1"
"6111.05","True","True","828","1"
"6111.06","True","True","829","1"
"6111.99","True","True","829","1"
"6112.01","True","True","830","1"
"6112.02","True","True","830","1"
"6112.03","True","True","830","1"
"6112.04","True","True","830","1"
"6112.05","True","True","831","1"
"6112.06","True","True","831","1"
"6112.07","True","True","831","1"
"6112.08","True","True","832","1"
"6112.09","True","True","832","1"
"6112.10","True","True","832","1"
"6112.99","True","True","832","1"
"6113.01","True","True","833","1"
"6113.02","True","True","834","1"
"6113.03","True","True","834","1"
"6113.99","True","True","834","1"
"6114.01","True","True","835","1"
"6114.02","True","True","835","1"
"6114.99","True","True","835","1"
"6121.01","True","True","837","1"
"6121.02","True","True","838","1"
"6121.03","True","True","838","1"
"6121.04","True","True","839","1"
"6121.05","True","True","839","1"
"6121.06","True","True","840","1"
"6121.07","True","True","840","1"
"6121.08","True","True","841","1"
"6121.09","True","True","841","1"
"6121.10","True","True","841","1"
"6121.99","True","True","842","1"
"6122.01","True","True","842","1"
"6122.02","True","True","843","1"
"6122.99","True","True","843","1"
"6123.01","True","True","843","1"
"6123.02","True","True","844","1"
"6123.99","True","True","844","1"
"6129.01","True","True","845","1"
"6129.02","True","True","845","1"
"6129.03","True","True","846","1"
"6129.99","True","True","846","1"
"6130.01","True","True","848","1"
"6130.02","True","True","848","1"
"6130.99","True","True","848","1"
"6210.01","True","True","850","1"
"6210.02","True","True","850","1"
"6210.03","True","True","851","1"
"6210.04","True","True","851","1"
"6210.05","True","True","851","1"
"6210.06","True","True","852","1"
"6210.99","True","True","852","1"
"6221.01","True","True","853","1"
"6221.02","True","True","853","1"
"6221.03","True","True","854","1"
"6221.04","True","True","854","1"
"6221.05","True","True","854","1"
"6221.06","True","True","854","1"
"6221.07","True","True","855","1"
"6221.08","True","True","855","1"
"6221.09","True","True","855","1"
"6221.99","True","True","855","1"
"6222.01","True","True","856","1"
"6222.02","True","True","856","1"
"6222.03","True","True","857","1"
"6222.99","True","True","857","1"
"6223.01","True","True","858","1"
"6223.02","True","True","858","1"
"6223.99","True","True","858","1"
"6224.01","True","True","859","1"
"6224.02","True","True","859","1"
"6224.03","True","True","859","1"
"6224.99","True","True","860","1"
"6310.00","True","True","861","1"
"6320.00","True","True","863","1"
"6330.00","True","True","864","1"
"6340.01","True","True","866","1"
"6340.02","True","True","866","1"
"6340.03","True","True","866","1"
"6340.99","True","True","867","1"
"7111.00","True","True","873","1"
"7112.01","True","True","873","1"
"7112.02","True","True","874","1"
"7112.99","True","True","874","1"
"7113.01","True","True","874","1"
"7113.02","True","True","874","1"
"7113.99","True","True","874","1"
"7114.01","True","True","875","1"
"7114.02","True","True","875","1"
"7114.03","True","True","875","1"
"7114.99","True","True","875","1"
"7115.01","True","True","876","1"
"7115.02","True","True","876","1"
"7115.03","True","True","876","1"
"7115.04","True","True","876","1"
"7115.99","True","True","877","1"
"7119.01","True","True","877","1"
"7119.02","True","True","877","1"
"7119.03","True","True","877","1"
"7119.04","True","True","878","1"
"7119.99","True","True","878","1"
"7121.01","True","True","879","1"
"7121.02","True","True","879","1"
"7121.03","True","True","879","1"
"7121.99","True","True","880","1"
"7122.01","True","True","880","1"
"7122.02","True","True","880","1"
"7122.03","True","True","880","1"
"7122.04","True","True","880","1"
"7122.99","True","True","881","1"
"7123.01","True","True","881","1"
"7123.02","True","True","881","1"
"7123.03","True","True","881","1"
"7123.04","True","True","882","1"
"7123.05","True","True","882","1"
"7123.99","True","True","882","1"
"7124.01","True","True","882","1"
"7124.02","True","True","883","1"
"7124.03","True","True","883","1"
"7124.04","True","True","883","1"
"7124.99","True","True","884","1"
"7125.01","True","True","884","1"
"7125.02","True","True","884","1"
"7125.03","True","True","884","1"
"7125.04","True","True","884","1"
"7125.99","True","True","885","1"
"7126.01","True","True","885","1"
"7126.02","True","True","885","1"
"7126.03","True","True","885","1"
"7126.99","True","True","886","1"
"7127.01","True","True","886","1"
"7127.02","True","True","886","1"
"7127.99","True","True","886","1"
"7131.01","True","True","887","1"
"7131.02","True","True","887","1"
"7131.99","True","True","888","1"
"7132.01","True","True","888","1"
"7132.02","True","True","888","1"
"7132.03","True","True","888","1"
"7132.99","True","True","888","1"
"7133.01","True","True","889","1"
"7133.02","True","True","889","1"
"7133.03","True","True","889","1"
"7133.99","True","True","889","1"
"7211.01","True","True","891","1"
"7211.02","True","True","891","1"
"7211.99","True","True","891","1"
"7212.01","True","True","892","1"
"7212.02","True","True","892","1"
"7212.03","True","True","892","1"
"7212.99","True","True","892","1"
"7213.01","True","True","893","1"
"7213.02","True","True","893","1"
"7213.03","True","True","893","1"
"7213.99","True","True","894","1"
"7214.01","True","True","894","1"
"7214.02","True","True","894","1"
"7214.03","True","True","894","1"
"7214.99","True","True","895","1"
"7215.01","True","True","895","1"
"7215.02","True","True","895","1"
"7215.03","True","True","895","1"
"7215.04","True","True","896","1"
"7215.05","True","True","896","1"
"7215.99","True","True","896","1"
"7221.01","True","True","897","1"
"7221.02","True","True","897","1"
"7221.03","True","True","897","1"
"7221.99","True","True","897","1"
"7222.01","True","True","898","1"
"7222.02","True","True","898","1"
"7222.03","True","True","898","1"
"7222.99","True","True","899","1"
"7223.01","True","True","899","1"
"7223.02","True","True","899","1"
"7223.03","True","True","899","1"
"7223.04","True","True","900","1"
"7223.05","True","True","900","1"
"7223.06","True","True","900","1"
"7223.99","True","True","900","1"
"7224.01","True","True","901","1"
"7224.02","True","True","901","1"
"7224.03","True","True","901","1"
"7224.04","True","True","901","1"
"7224.99","True","True","901","1"
"7231.01","True","True","902","1"
"7231.02","True","True","903","1"
"7231.03","True","True","903","1"
"7231.04","True","True","903","1"
"7231.05","True","True","903","1"
"7231.06","True","True","903","1"
"7231.07","True","True","904","1"
"7231.99","True","True","904","1"
"7232.01","True","True","905","1"
"7232.02","True","True","905","1"
"7232.03","True","True","905","1"
"7232.04","True","True","906","1"
"7232.05","True","True","906","1"
"7232.06","True","True","906","1"
"7232.07","True","True","906","1"
"7232.99","True","True","907","1"
"7233.01","True","True","907","1"
"7233.02","True","True","907","1"
"7233.03","True","True","907","1"
"7233.04","True","True","908","1"
"7233.05","True","True","908","1"
"7233.99","True","True","908","1"
"7234.01","True","True","908","1"
"7234.02","True","True","908","1"
"7234.99","True","True","909","1"
"7311.01","True","True","911","1"
"7311.02","True","True","911","1"
"7311.03","True","True","911","1"
"7311.04","True","True","912","1"
"7311.05","True","True","912","1"
"7311.99","True","True","912","1"
"7312.01","True","True","913","1"
"7312.02","True","True","913","1"
"7312.03","True","True","913","1"
"7312.04","True","True","913","1"
"7312.05","True","True","913","1"
"7312.99","True","True","913","1"
"7313.01","True","True","914","1"
"7313.02","True","True","914","1"
"7313.03","True","True","915","1"
"7313.04","True","True","915","1"
"7313.05","True","True","915","1"
"7313.06","True","True","915","1"
"7313.99","True","True","915","1"
"7314.01","True","True","916","1"
"7314.02","True","True","916","1"
"7314.03","True","True","916","1"
"7314.99","True","True","916","1"
"7315.01","True","True","917","1"
"7315.02","True","True","917","1"
"7315.03","True","True","918","1"
"7315.04","True","True","918","1"
"7315.99","True","True","918","1"
"7316.01","True","True","919","1"
"7316.02","True","True","919","1"
"7316.03","True","True","919","1"
"7316.04","True","True","919","1"
"7316.05","True","True","919","1"
"7316.99","True","True","920","1"
"7317.01","True","True","920","1"
"7317.02","True","True","920","1"
"7317.03","True","True","921","1"
"7317.04","True","True","921","1"
"7317.05","True","True","921","1"
"7317.06","True","True","921","1"
"7317.99","True","True","921","1"
"7318.01","True","True","922","1"
"7318.02","True","True","922","1"
"7318.03","True","True","922","1"
"7318.04","True","True","922","1"
"7318.05","True","True","923","1"
"7318.06","True","True","923","1"
"7318.07","True","True","923","1"
"7318.99","True","True","923","1"
"7319.01","True","True","923","1"
"7319.02","True","True","924","1"
"7319.03","True","True","924","1"
"7319.99","True","True","924","1"
"7321.01","True","True","925","1"
"7321.02","True","True","925","1"
"7321.03","True","True","925","1"
"7321.04","True","True","925","1"
"7321.99","True","True","926","1"
"7322.01","True","True","926","1"
"7322.02","True","True","926","1"
"7322.03","True","True","926","1"
"7322.04","True","True","926","1"
"7322.05","True","True","927","1"
"7322.06","True","True","927","1"
"7322.07","True","True","927","1"
"7322.08","True","True","927","1"
"7322.99","True","True","927","1"
"7323.01","True","True","928","1"
"7323.02","True","True","928","1"
"7323.03","True","True","928","1"
"7323.04","True","True","928","1"
"7323.05","True","True","928","1"
"7323.99","True","True","929","1"
"7411.01","True","True","930","1"
"7411.02","True","True","930","1"
"7411.99","True","True","930","1"
"7412.01","True","True","931","1"
"7412.02","True","True","931","1"
"7412.03","True","True","931","1"
"7412.99","True","True","932","1"
"7413.01","True","True","932","1"
"7413.02","True","True","932","1"
"7413.99","True","True","933","1"
"7421.01","True","True","934","1"
"7421.02","True","True","934","1"
"7421.03","True","True","934","1"
"7421.04","True","True","935","1"
"7421.99","True","True","935","1"
"7422.01","True","True","935","1"
"7422.02","True","True","936","1"
"7422.03","True","True","936","1"
"7422.04","True","True","936","1"
"7422.99","True","True","936","1"
"7511.01","True","True","938","1"
"7511.02","True","True","938","1"
"7511.03","True","True","938","1"
"7511.04","True","True","938","1"
"7511.05","True","True","938","1"
"7511.99","True","True","938","1"
"7512.01","True","True","939","1"
"7512.02","True","True","939","1"
"7512.03","True","True","940","1"
"7512.04","True","True","940","1"
"7512.99","True","True","940","1"
"7513.01","True","True","940","1"
"7513.02","True","True","941","1"
"7513.03","True","True","941","1"
"7513.99","True","True","941","1"
"7514.01","True","True","941","1"
"7514.02","True","True","942","1"
"7514.03","True","True","942","1"
"7514.04","True","True","942","1"
"7514.05","True","True","942","1"
"7514.06","True","True","942","1"
"7514.99","True","True","943","1"
"7515.01","True","True","943","1"
"7515.02","True","True","943","1"
"7515.03","True","True","943","1"
"7515.04","True","True","943","1"
"7515.05","True","True","944","1"
"7515.06","True","True","944","1"
"7515.07","True","True","944","1"
"7515.99","True","True","944","1"
"7516.01","True","True","944","1"
"7516.02","True","True","945","1"
"7516.03","True","True","945","1"
"7516.04","True","True","945","1"
"7516.99","True","True","945","1"
"7521.01","True","True","946","1"
"7521.02","True","True","947","1"
"7521.99","True","True","947","1"
"7522.01","True","True","947","1"
"7522.02","True","True","948","1"
"7522.03","True","True","948","1"
"7522.99","True","True","948","1"
"7523.01","True","True","949","1"
"7523.02","True","True","949","1"
"7523.03","True","True","949","1"
"7523.04","True","True","949","1"
"7523.05","True","True","949","1"
"7523.99","True","True","950","1"
"7531.01","True","True","951","1"
"7531.02","True","True","951","1"
"7531.03","True","True","951","1"
"7531.99","True","True","952","1"
"7532.01","True","True","952","1"
"7532.02","True","True","953","1"
"7532.03","True","True","953","1"
"7532.04","True","True","953","1"
"7532.99","True","True","953","1"
"7533.01","True","True","954","1"
"7533.02","True","True","954","1"
"7533.03","True","True","954","1"
"7533.99","True","True","955","1"
"7534.01","True","True","955","1"
"7534.02","True","True","955","1"
"7534.03","True","True","956","1"
"7534.99","True","True","956","1"
"7535.01","True","True","957","1"
"7535.02","True","True","957","1"
"7535.03","True","True","957","1"
"7535.99","True","True","957","1"
"7536.01","True","True","958","1"
"7536.02","True","True","958","1"
"7536.03","True","True","958","1"
"7536.04","True","True","958","1"
"7536.99","True","True","959","1"
"7541.01","True","True","960","1"
"7541.02","True","True","960","1"
"7541.03","True","True","960","1"
"7541.04","True","True","960","1"
"7541.05","True","True","961","1"
"7541.99","True","True","961","1"
"7542.01","True","True","961","1"
"7542.02","True","True","962","1"
"7542.99","True","True","962","1"
"7543.01","True","True","962","1"
"7543.02","True","True","963","1"
"7543.03","True","True","963","1"
"7543.99","True","True","963","1"
"7544.01","True","True","964","1"
"7544.02","True","True","964","1"
"7544.03","True","True","964","1"
"7544.99","True","True","964","1"
"7549.01","True","True","965","1"
"7549.02","True","True","965","1"
"7549.99","True","True","965","1"
"8111.01","True","True","971","1"
"8111.02","True","True","971","1"
"8111.03","True","True","972","1"
"8111.04","True","True","972","1"
"8111.05","True","True","972","1"
"8111.06","True","True","973","1"
"8111.07","True","True","973","1"
"8111.08","True","True","973","1"
"8111.09","True","True","973","1"
"8111.10","True","True","973","1"
"8111.99","True","True","974","1"
"8112.01","True","True","974","1"
"8112.02","True","True","975","1"
"8112.03","True","True","975","1"
"8112.04","True","True","975","1"
"8112.05","True","True","975","1"
"8112.99","True","True","976","1"
"8113.01","True","True","977","1"
"8113.02","True","True","977","1"
"8113.03","True","True","977","1"
"8113.04","True","True","978","1"
"8113.05","True","True","978","1"
"8113.99","True","True","978","1"
"8114.01","True","True","979","1"
"8114.02","True","True","980","1"
"8114.03","True","True","980","1"
"8114.04","True","True","980","1"
"8114.05","True","True","980","1"
"8114.06","True","True","980","1"
"8114.99","True","True","981","1"
"8121.01","True","True","982","1"
"8121.02","True","True","982","1"
"8121.03","True","True","983","1"
"8121.04","True","True","983","1"
"8121.05","True","True","983","1"
"8121.99","True","True","983","1"
"8122.01","True","True","984","1"
"8122.02","True","True","984","1"
"8122.03","True","True","985","1"
"8122.99","True","True","985","1"
"8131.01","True","True","986","1"
"8131.02","True","True","987","1"
"8131.03","True","True","987","1"
"8131.04","True","True","987","1"
"8131.05","True","True","988","1"
"8131.06","True","True","988","1"
"8131.07","True","True","988","1"
"8131.99","True","True","988","1"
"8132.01","True","True","989","1"
"8132.02","True","True","989","1"
"8132.03","True","True","990","1"
"8132.04","True","True","990","1"
"8132.05","True","True","990","1"
"8132.99","True","True","990","1"
"8141.01","True","True","992","1"
"8141.02","True","True","992","1"
"8141.03","True","True","992","1"
"8141.04","True","True","992","1"
"8141.05","True","True","993","1"
"8141.06","True","True","993","1"
"8141.99","True","True","993","1"
"8142.01","True","True","994","1"
"8142.02","True","True","994","1"
"8142.03","True","True","994","1"
"8142.04","True","True","995","1"
"8142.05","True","True","995","1"
"8142.99","True","True","995","1"
"8143.01","True","True","996","1"
"8143.02","True","True","996","1"
"8143.03","True","True","996","1"
"8143.04","True","True","996","1"
"8143.05","True","True","997","1"
"8143.99","True","True","997","1"
"8151.01","True","True","999","1"
"8151.02","True","True","999","1"
"8151.03","True","True","999","1"
"8151.04","True","True","999","1"
"8151.99","True","True","1000","1"
"8152.01","True","True","1000","1"
"8152.02","True","True","1001","1"
"8152.03","True","True","1001","1"
"8152.99","True","True","1001","1"
"8153.01","True","True","1002","1"
"8153.02","True","True","1002","1"
"8153.99","True","True","1003","1"
"8154.01","True","True","1003","1"
"8154.02","True","True","1004","1"
"8154.99","True","True","1004","1"
"8155.01","True","True","1005","1"
"8155.02","True","True","1005","1"
"8155.03","True","True","1005","1"
"8155.99","True","True","1006","1"
"8156.00","True","True","1006","1"
"8157.01","True","True","1007","1"
"8157.02","True","True","1007","1"
"8157.03","True","True","1008","1"
"8157.99","True","True","1008","1"
"8159.01","True","True","1008","1"
"8159.02","True","True","1009","1"
"8159.99","True","True","1009","1"
"8160.01","True","True","1011","1"
"8160.02","True","True","1011","1"
"8160.03","True","True","1011","1"
"8160.04","True","True","1011","1"
"8160.05","True","True","1012","1"
"8160.06","True","True","1012","1"
"8160.07","True","True","1012","1"
"8160.08","True","True","1012","1"
"8160.99","True","True","1013","1"
"8171.01","True","True","1013","1"
"8171.02","True","True","1014","1"
"8171.03","True","True","1014","1"
"8171.04","True","True","1014","1"
"8171.05","True","True","1014","1"
"8171.99","True","True","1015","1"
"8172.01","True","True","1015","1"
"8172.02","True","True","1016","1"
"8172.03","True","True","1016","1"
"8172.04","True","True","1016","1"
"8172.99","True","True","1016","1"
"8181.01","True","True","1018","1"
"8181.02","True","True","1018","1"
"8181.03","True","True","1019","1"
"8181.04","True","True","1019","1"
"8181.05","True","True","1019","1"
"8181.06","True","True","1019","1"
"8181.99","True","True","1020","1"
"8182.01","True","True","1021","1"
"8182.02","True","True","1021","1"
"8182.03","True","True","1022","1"
"8182.04","True","True","1022","1"
"8182.05","True","True","1022","1"
"8182.99","True","True","1022","1"
"8183.01","True","True","1023","1"
"8183.02","True","True","1023","1"
"8183.03","True","True","1024","1"
"8183.04","True","True","1024","1"
"8183.99","True","True","1024","1"
"8189.01","True","True","1025","1"
"8189.02","True","True","1025","1"
"8189.99","True","True","1025","1"
"8211.01","True","True","1026","1"
"8211.02","True","True","1027","1"
"8211.03","True","True","1027","1"
"8211.04","True","True","1027","1"
"8211.05","True","True","1027","1"
"8211.06","True","True","1028","1"
"8211.07","True","True","1028","1"
"8211.99","True","True","1028","1"
"8212.01","True","True","1029","1"
"8212.02","True","True","1029","1"
"8212.03","True","True","1029","1"
"8212.99","True","True","1029","1"
"8219.01","True","True","1031","1"
"8219.02","True","True","1031","1"
"8219.03","True","True","1031","1"
"8219.04","True","True","1031","1"
"8219.05","True","True","1032","1"
"8219.06","True","True","1032","1"
"8219.07","True","True","1032","1"
"8219.08","True","True","1033","1"
"8219.09","True","True","1033","1"
"8219.99","True","True","1033","1"
"8311.01","True","True","1035","1"
"8311.02","True","True","1035","1"
"8311.99","True","True","1035","1"
"8312.01","True","True","1036","1"
"8312.02","True","True","1036","1"
"8312.03","True","True","1037","1"
"8312.04","True","True","1037","1"
"8312.99","True","True","1037","1"
"8321.01","True","True","1038","1"
"8321.02","True","True","1038","1"
"8321.03","True","True","1038","1"
"8321.04","True","True","1038","1"
"8321.99","True","True","1039","1"
"8322.01","True","True","1039","1"
"8322.02","True","True","1039","1"
"8322.03","True","True","1040","1"
"8322.99","True","True","1040","1"
"8331.01","True","True","1041","1"
"8331.02","True","True","1041","1"
"8331.03","True","True","1041","1"
"8331.99","True","True","1041","1"
"8332.01","True","True","1042","1"
"8332.02","True","True","1042","1"
"8332.03","True","True","1042","1"
"8332.99","True","True","1043","1"
"8341.01","True","True","1044","1"
"8341.02","True","True","1044","1"
"8341.03","True","True","1044","1"
"8341.04","True","True","1045","1"
"8341.05","True","True","1045","1"
"8341.99","True","True","1045","1"
"8342.01","True","True","1046","1"
"8342.02","True","True","1046","1"
"8342.03","True","True","1047","1"
"8342.04","True","True","1047","1"
"8342.05","True","True","1047","1"
"8342.06","True","True","1048","1"
"8342.07","True","True","1048","1"
"8342.08","True","True","1048","1"
"8342.09","True","True","1048","1"
"8342.10","True","True","1049","1"
"8342.99","True","True","1049","1"
"8343.01","True","True","1049","1"
"8343.02","True","True","1050","1"
"8343.03","True","True","1050","1"
"8343.04","True","True","1050","1"
"8343.05","True","True","1051","1"
"8343.99","True","True","1051","1"
"8344.00","True","True","1052","1"
"8350.01","True","True","1053","1"
"8350.02","True","True","1053","1"
"8350.03","True","True","1053","1"
"8350.99","True","True","1053","1"
"9111.01","True","True","1059","1"
"9111.02","True","True","1059","1"
"9111.99","True","True","1059","1"
"9112.01","True","True","1060","1"
"9112.02","True","True","1060","1"
"9112.03","True","True","1061","1"
"9112.04","True","True","1061","1"
"9112.99","True","True","1061","1"
"9121.01","True","True","1062","1"
"9121.02","True","True","1062","1"
"9121.03","True","True","1063","1"
"9121.99","True","True","1063","1"
"9122.01","True","True","1063","1"
"9122.02","True","True","1064","1"
"9122.99","True","True","1064","1"
"9123.00","True","True","1064","1"
"9129.01","True","True","1065","1"
"9129.02","True","True","1065","1"
"9129.03","True","True","1065","1"
"9129.04","True","True","1065","1"
"9129.99","True","True","1066","1"
"9211.01","True","True","1067","1"
"9211.02","True","True","1068","1"
"9211.03","True","True","1068","1"
"9211.04","True","True","1069","1"
"9211.05","True","True","1069","1"
"9211.06","True","True","1069","1"
"9211.07","True","True","1069","1"
"9211.99","True","True","1069","1"
"9212.00","True","True","1070","1"
"9213.00","True","True","1071","1"
"9214.01","True","True","1072","1"
"9214.02","True","True","1072","1"
"9214.03","True","True","1073","1"
"9214.99","True","True","1073","1"
"9215.01","True","True","1073","1"
"9215.02","True","True","1074","1"
"9215.99","True","True","1074","1"
"9216.01","True","True","1074","1"
"9216.02","True","True","1075","1"
"9216.99","True","True","1075","1"
"9311.01","True","True","1077","1"
"9311.02","True","True","1077","1"
"9311.99","True","True","1077","1"
"9312.01","True","True","1078","1"
"9312.02","True","True","1078","1"
"9312.03","True","True","1078","1"
"9312.04","True","True","1078","1"
"9312.99","True","True","1078","1"
"9313.01","True","True","1079","1"
"9313.02","True","True","1079","1"
"9313.03","True","True","1079","1"
"9313.04","True","True","1080","1"
"9313.99","True","True","1080","1"
"9321.01","True","True","1080","1"
"9321.02","True","True","1081","1"
"9321.03","True","True","1082","1"
"9321.99","True","True","1082","1"
"9329.01","True","True","1083","1"
"9329.02","True","True","1083","1"
"9329.03","True","True","1083","1"
"9329.99","True","True","1084","1"
"9331.00","True","True","1085","1"
"9332.01","True","True","1085","1"
"9332.02","True","True","1086","1"
"9332.99","True","True","1086","1"
"9333.01","True","True","1087","1"
"9333.02","True","True","1087","1"
"9333.99","True","True","1087","1"
"9334.01","True","True","1088","1"
"9334.02","True","True","1088","1"
"9334.99","True","True","1088","1"
"9411.00","True","True","1090","1"
"9412.01","True","True","1091","1"
"9412.02","True","True","1092","1"
"9412.03","True","True","1092","1"
"9412.04","True","True","1092","1"
"9412.05","True","True","1093","1"
"9412.99","True","True","1093","1"
"9510.01","True","True","1094","1"
"9510.02","True","True","1095","1"
"9510.03","True","True","1095","1"
"9510.04","True","True","1095","1"
"9510.99","True","True","1096","1"
"9520.01","True","True","1096","1"
"9520.02","True","True","1097","1"
"9520.99","True","True","1097","1"
"9611.00","True","True","1098","1"
"9612.01","True","True","1099","1"
"9612.02","True","True","1100","1"
"9612.03","True","True","1100","1"
"9612.04","True","True","1100","1"
"9612.05","True","True","1100","1"
"9612.99","True","True","1100","1"
"9613.01","True","True","1101","1"
"9613.02","True","True","1101","1"
"9613.99","True","True","1101","1"
"9621.01","True","True","1102","1"
"9621.02","True","True","1102","1"
"9621.03","True","True","1103","1"
"9621.04","True","True","1103","1"
"9621.99","True","True","1103","1"
"9622.01","True","True","1104","1"
"9622.02","True","True","1104","1"
"9622.99","True","True","1104","1"
"9623.01","True","True","1104","1"
"9623.02","True","True","1105","1"
"9623.99","True","True","1105","1"
"9624.01","True","True","1106","1"
"9624.02","True","True","1106","1"
"9624.99","True","True","1106","1"
"9629.01","True","True","1107","1"
"9629.02","True","True","1107","1"
"9629.03","True","True","1107","1"
"9629.04","True","True","1107","1"
"9629.05","True","True","1108","1"
"9629.06","True","True","1108","1"
"9629.99","True","True","1108","1"
